"period_end_date","2003-11","2004-02","2004-05","2004-08","2004-11","2005-02","2005-05","2005-08","2005-11","2006-02","2006-05","2006-08","2006-11","2007-02","2007-05","2007-08","2007-11","2008-02","2008-05","2008-08","2008-11","2009-02","2009-05","2009-08","2009-11","2010-02","2010-05","2010-08","2010-11","2011-02","2011-05","2011-08","2011-11","2012-02","2012-05","2012-08","2012-11","2013-02","2013-05","2013-08","2013-11","2014-02","2014-05","2014-08","2014-11","2015-02","2015-05","2015-08","2015-11","2016-02","2016-05","2016-08","2016-11","2017-02","2017-05","2017-08","2017-11","2018-02","2018-05","2018-08","2018-11","2019-02","2019-05","2019-08","2019-11","2020-02","2020-05","2020-08","2020-11","2021-02","2021-05","2021-08","2021-11","2022-02","2022-05","2022-08"
"revenue","10521.478","11548.974","10897.239","15142.216","11578.003","12658.077","11996.9","16719.246","12933.346","14059.012","13283.648","19875.221","14151.624","15112.016","14659.255","20477.26","15810","16959.886","16614","23100","16395","16843","15806","22378","17299","18742","17780","24125","19239","20875","20623","28178","21628","22967","22324","32218","23715","24871","24083","32487","25017","26306","25794","35523","26866","27454","26101","35778","27220","28170","26769","36560","28099","29766","28860","42300","31809","32995","32361","44411","35069","35396","34740","47498","37040","39072","37266","53383","43208","44769","45277","62675","50363","51904","52596","72091"
"cogs","9220.121999999999","10101.977","9540.312","13229.605","10132.487","11056.064","10503.661","14654.749","11330.171","12303.85","11635.052","17476.424","12388.958","13251.752","12877.587","17931.405","13824","14833.189","14548","20298","14276","14771","13776","19512","15081","16396","15494","21024","16757","18235","18067","24680","18931","20139","19543","28210","20726","21766","21038","28418","21824","23043","22554","31037","23385","23897","22687","31096","23621","24469","23162","31649","24288","25927","24970","36697","27617","28733","28131","38671","30623","30720","30233","41310","32233","34056","32249","46401","37458","39078","39415","54733","43952","45517","46355","63558"
"gross_profit","1301.356","1446.997","1356.927","1912.611","1445.516","1602.013","1493.239","2064.497","1603.175","1755.162","1648.596","2398.797","1762.666","1860.264","1781.668","2545.855","1986","2126.697","2066","2802","2119","2072","2030","2866","2218","2346","2286","3101","2482","2640","2556","3498","2697","2828","2781","4008","2989","3105","3045","4069","3193","3263","3240","4486","3481","3557","3414","4682","3599","3701","3607","4911","3811","3839","3890","5603","4192","4262","4230","5740","4446","4676","4507","6188","4807","5016","5017","6982","5750","5691","5862","7942","6411","6387","6241","8533"
"sga","1046.538","1088.821","1055.28","1444.604","1144.871","1208.118","1174.1","1590.28","1276.469","1322.418","1292.707","1883.051","1405.194","1495.477","1441.672","1985.916","1591","1625.23","1591","2147","1677","1666","1655","2254","1777","1873","1789","2409","1941","2038","1991","2721","2144","2178","2152","3044","2332","2361","2313","3098","2501","2531","2487","3380","2696","2671","2579","3499","2806","2835","2731","3696","2940","2980","2907","4123","3224","3234","3155","4263","3475","3464","3371","4684","3732","3743","3830","5082","4320","4351","4199","5667","4718","4575","4450","6036"
"rnd","","","","","","","","","","","","","","","","","","","","","","","","","","","","","","","","","","","","","","","","","","","","","","","","","","","","","","","","","","","","","","","","","","","","","","","","","","","",""
"special_charges","","","","","","","","","","","","","","","","","","","","","","","","","","","","","","","","","","","","","","","","","","","","","","","","","","","","","","","","","","","","","","","","","","","","","","","","","","","",""
"other_opex","","3","-8.5","2.5","","4","3","-9.800000000000001","1.211","","","","","","","13.608","","-2.865","","57","20","8","16","14","13","3","6","4","16","6","9","15","10","6","6","15","18","6","10","17","24","8","16","15","15","9","14","27","26","10","18","24","22","15","15","30","17","12","8","31","22","9","14","41","14","7","8","-29","","","","","","","",""
"total_opex","1046.538","1091.821","1046.78","1447.104","1144.871","1212.118","1177.1","1580.48","1277.68","1322.418","1292.707","1883.051","1405.194","1495.477","1441.672","1999.524","1591","1622.365","1591","2204","1697","1674","1671","2268","1790","1876","1795","2413","1957","2044","2000","2736","2154","2184","2158","3059","2350","2367","2323","3115","2525","2539","2503","3395","2711","2680","2593","3526","2832","2845","2749","3720","2962","2995","2922","4153","3241","3246","3163","4294","3497","3473","3385","4725","3746","3750","3838","5053","4320","4351","4199","5667","4718","4575","4450","6036"
"operating_income","254.818","355.176","310.147","465.507","300.645","389.895","316.139","484.017","325.495","432.744","355.889","515.746","357.472","364.787","339.996","546.331","395","504.332","475","598","422","398","359","598","428","470","491","688","525","596","556","762","543","644","623","949","639","738","722","954","668","724","737","1091","770","877","821","1156","767","856","858","1191","849","844","968","1450","951","1016","1067","1446","949","1203","1122","1463","1061","1266","1179","1929","1430","1340","1663","2275","1693","1812","1791","2497"
"net_interest_income_normal","","","","","","","","","","","","","","","","","","","-6","-7","-19","-17","-22","-23","-17","-22","-23","-26","-19","-18","-17","-21","-16","-16","-8","-6","-3","-15","-16","-21","-15","-14","-14","-18","-13","-12","-21","-28","-24","-24","-20","-24","-21","-20","-9","-34","-24","-21","-21","-18","-15","-1","-8","","-6","-4","-27","-34","-18","-29","-32","-40","-23","-30","-29","-8"
"other_nonoperating_income","-0.572","4.811","5.184","5.553","5.948","15.799","21.683","14.836","21.816","30.874","29.89","38.963","20.639","29.447","15.891","35.428","10","17.133","-4","28","15","4","3","9","11","26","6","22","-2","-5","-5","31","26","-1","7","22","10","16","6","21","6","18","1","13","22","5","-1","28","19","9","-3","14","18","-15","6","3","9","-9","25","21","1","13","9","29","3","15","11","-26","8","8","19","56","26","19","65","27"
"pretax_income","254.246","359.987","315.331","471.06","306.593","405.694","337.822","498.853","347.311","463.618","385.779","554.7089999999999","378.111","394.234","355.887","581.759","405","521.465","465","619","418","385","340","584","422","474","474","684","504","573","534","772","553","627","622","965","646","739","712","954","659","728","724","1086","779","870","799","1156","762","841","835","1181","846","809","965","1419","936","986","1071","1449","935","1215","1123","1492","1058","1277","1163","1869","1420","1319","1650","2291","1696","1801","1827","2516"
"income_tax","-94.071","-133.195","-116.673","-174.292","-113.44","-100.242","-128.034","-144.154","-131.493","-167.415","-150.184","-199.11","-141.225","-144.756","-131.901","-209.337","-143","-193.615","-170","-209","-152","-142","-128","-206","-152","-169","-163","-247","-172","-204","-193","-272","-225","-215","-217","-343","-225","-185","-248","-332","-228","-255","-245","-381","-274","-263","-280","-378","-275","-286","-286","-396","-291","-288","-259","-487","-285","-273","-309","-396","-158","-314","-207","-382","-202","-330","-311","-465","-239","-348","-417","-597","-351","-481","-455","-638"
"net_income_continuing","160.175","226.792","198.658","296.768","193.153","305.452","209.788","354.699","215.818","296.203","235.595","355.599","236.886","249.478","223.986","372.422","262","327.85","295","410","266","243","212","378","270","305","311","437","332","369","341","500","328","412","405","622","421","554","464","622","431","473","479","705","505","607","519","778","487","555","549","785","555","521","706","932","651","713","762","1053","777","901","916","1110","856","947","852","1404","1181","971","1233","1694","1345","1320","1372","1878"
"net_income_discontinued","","","","","","","","","","","","","","","","","","","","","","","","","","","","","","","","","","","","","","","","","","","","","","","","","","","","","","","","","","","","","","","","","","","","","","","","","","","",""
"income_allocated_to_minority_interest","","","","","","","","","","","","","","","","","","0.712","","","-3","-4","-2","-4","-4","-6","-5","-5","-20","-21","-17","-22","-8","-18","-19","-13","-5","-7","-5","-5","-6","-10","-6","-8","-9","-9","-3","-11","-7","-9","-4","-6","-10","-6","-6","-13","-11","-12","-12","-10","-10","-12","-10","-13","-12","-16","-14","-15","-15","-20","-13","-24","-21","-21","-19","-10"
"other_income_statement_items","","","","","","","","","","","","","","","","","","","","","","","","","","","","","","","","","","","","","","","","","","","","","","","","","","","","","","","","","","","","","","","","","","","","","","","","","","","",""
"net_income","160.175","226.792","198.658","296.768","193.153","305.452","209.788","354.699","215.818","296.203","235.595","355.599","236.886","249.478","223.986","372.422","262","327.85","295","398","263","239","210","374","266","299","306","432","312","348","324","478","320","394","386","609","416","547","459","617","425","463","473","697","496","598","516","767","480","546","545","779","545","515","700","919","640","701","750","1043","767","889","906","1097","844","931","838","1389","1166","951","1220","1670","1324","1299","1353","1868"
"preferred_dividends","","","","","","","","","","","","","","","","","","","","","","","","","","","","","","","","","","","","","","","","","","","","","","","","","","","","","","","","","","","","","","","","","","","","","","","","","","","",""
"net_income_available_to_shareholders","160.175","226.792","198.658","296.768","193.153","305.452","209.788","354.699","215.818","296.203","235.595","355.599","236.886","249.478","223.986","372.422","262","327.85","295","398","263","239","210","374","266","299","306","432","312","348","324","478","320","394","386","609","416","547","459","617","425","463","473","697","496","598","516","767","480","546","545","779","545","515","700","919","640","701","750","1043","767","889","906","1097","844","931","838","1389","1166","951","1220","1670","1324","1299","1353","1868"
"eps_basic","0.35","0.49","0.43","0.64","0.41","0.64","0.44","0.74","0.46","0.63","0.5","0.77","0.52","0.55","0.5","0.85","0.6","0.75","0.68","0.91","0.61","0.55","0.48","0.86","0.61","0.68","0.6899999999999999","0.99","0.72","0.8","0.74","1.09","0.74","0.91","0.89","1.41","0.96","1.26","1.05","1.41","0.97","1.05","1.08","1.59","1.13","1.36","1.17","1.75","1.1","1.24","1.24","1.78","1.24","1.17","1.59","2.1","1.46","1.6","1.71","2.38","1.75","2.02","2.06","2.49","1.91","2.1","1.9","3.14","2.63","2.15","2.75","3.77","2.99","2.93","3.05","4.21"
"eps_diluted","0.34","0.48","0.42","0.62","0.4","0.62","0.43","0.73","0.45","0.62","0.49","0.74","0.51","0.54","0.49","0.83","0.59","0.74","0.67","0.9","0.6","0.55","0.48","0.85","0.6","0.67","0.68","0.97","0.71","0.79","0.73","1.08","0.73","0.9","0.88","1.39","0.95","1.24","1.04","1.4","0.96","1.05","1.07","1.58","1.12","1.35","1.17","1.73","1.09","1.24","1.24","1.77","1.24","1.17","1.59","2.08","1.45","1.59","1.7","2.36","1.73","2.01","2.05","2.47","1.9","2.1","1.89","3.13","2.62","2.14","2.75","3.76","2.98","2.92","3.04","4.2"
"shares_basic","457.632","458.228","459.074","461.959","465.869","474.221","478.248","477.485","472.717","471.889","470.516","463.775","458.873","450.901","445.471","435.404","435.09","434.779","433.678","434.223","432.451","433.476","434.354","435.674","437.173","439.786","440.973","436.526","434.099","436.682","436.977","436.737","434.222","434.535","433.791","431.94","433.423","435.975","436.488","437.085","437.97","439.776","439.446","437.598","438.76","440.384","440.07","438.621","438.342","439.648","438.815","437.55","438.007","439.127","438.817","437.798","437.965","439.022","438.74","438.332","439.157","440.284","439.859","439.719","441.818","442.021","442.322","443.026","442.952","443.134","443.043","443.227","443.377","443.623","443.7","443.903"
"shares_diluted","480.348","481.537","482.485","485.651","489.284","493.7","493.282","491.399","486.367","482.127","480.533","472.565","467.836","461.575","455.889","445.458","445.717","444.925","443.281","443.823","440.533","439.688","439.997","441.831","444.849","446.918","448.391","443.753","441.36","443.186","443.57","444.195","440.615","439.468","439.166","438.248","438.643","439.812","440.78","442.834","442.42","442.829","442.72","441.987","442.21","442.896","443.132","442.701","441.386","441.559","441.066","441.089","440.525","440.657","441.056","441.513","440.851","441.568","441.715","443.187","442.749","442.337","442.642","443.997","443.68","443.727","443.855","444.342","444.386","444.494","444.127","444.376","444.604","444.916","444.886","444.622"
"cash_and_equiv","1801.52","2175.937","2492.928","2823.135","2884.999","3043.335","2725.116","2062.585","2008.88","2239.786","2010.448","1510.939","1843.101","1571.905","3160.936","2779.733","2742.354","2267.381","2848.658","2619.429","2215","2705","3083","3157","3617","4134","","3214","3739","","","4009","4319","4389","4791","3528","3897","4413","5448","4644","4699","5130","5736","5738","5969","5866","5063","4801","5054","3633","4884","3379","4805","4744","4538","4546","5689","4781","5877","6055","6778","6080","7013","8384","9027","7786","10826","12277","13590","8637","10226","11258","12751","11819","11193","10203"
"st_investments","110.186","111.709","288.77","306.747","341.44","745.053","1325.783","1397.272","1280.598","1277.605","1291.304","1322.181","770.833","661.414","660.09","575.787","467.703","832.966","805.963","655.5839999999999","602","577","585","570","572","585","","1535","1545","","","1604","1596","1396","1185","1326","1679","1238","1062","1480","1740","1352","1539","1577","1650","1587","1742","1618","1229","1222","1137","1350","1311","1221","1187","1233","1196","1049","1167","1204","1175","1042","1154","1060","993","929","948","1028","833","617","900","917","725","477","638","846"
"receivables","362.483","308.864","255.066","335.175","373.928","349.169","297.684","529.15","405.497","413.404","354.189","565.373","607.032","792.2380000000001","621.554","762.0170000000001","763.069","815.22","682.574","747.968","775","880","747","834","849","951","","884","985","","","965","982","1092","1018","1026","1175","1300","1134","1201","1145","1244","1115","1148","1248","1287","1195","1224","1359","1453","1300","1252","1498","1597","1462","1432","1559","2001","1593","1669","1795","1995","1704","1535","1711","1988","1507","1550","1646","1934","1595","1803","1932","2232","1991","2241"
"inventories","4079.754","3642.364","3612.243","3643.585","4494.949","4002.654","4040.253","4014.699","4825.284","4277.534","4415.889","4568.723","5388.792","4930.855","4954.795","4879.465","5773.342","5235.648","5305.725","5039.413","5933","4995","5277","5405","6223","5365","","5638","6852","","","6638","7618","6934","7044","7096","8152","7582","7635","7894","9337","8267","8483","8456","9644","8558","8869","8908","10382","8908","8927","8969","10721","9530","9736","9834","11213","10671","10626","11040","12205","11356","11304","11395","13818","11850","11010","12242","14901","13865","13975","14215","16942","16485","17623","17907"
"other_current_assets","263.887","260.721","276.402","160.457","291.705","222.905","180.53","234.295","321.926","243.801","275.303","264.866","254.501","319.353","293.068","327.151","555.441","518.1900000000001","435.546","399.651","575","534","395","371","366","466","","437","437","","","490","478","549","553","550","502","577","584","621","552","641","660","669","645","760","765","228","834","313","294","268","235","368","333","272","240","397","430","321","1001","1175","1110","1111","1094","1150","963","1023","1126","1255","1220","1312","1500","1552","1563","1499"
"total_current_assets","6617.83","6499.595","6925.409","7269.099","8387.021000000001","8363.116","8569.366","8238.001","8842.184999999999","8452.129999999999","8347.133","8232.082","8864.259","8275.764999999999","9690.442999999999","9324.153","10301.909","9669.405000000001","10078.466","9462.045","10100","9691","10087","10337","11627","11501","","11708","13558","","","13706","14993","14360","14591","13526","15405","15110","15863","15840","17473","16634","17533","17588","19156","18058","17634","16779","18858","15529","16542","15218","18570","17460","17256","17317","19897","18899","19693","20289","22954","21648","22285","23485","26643","23703","25254","28120","32096","26308","27916","29505","33850","32565","33008","32696"
"equity_and_other_investments","","","","","","","","","","","","","","","","","","","","","","","","322","","","","357","","","","","","","","","","","","","","","","","","","","","","","","","","","","","","","","","","","","","","","","","","","","","","","",""
"ppe_gross","9299.707","9434.673000000001","9442.569","9541.376","9927.861000000001","10070.508","10277.597","10487.03","10704.204","10974.062","11307.37","11642.436","12018.097","12206.633","12526.084","13068.516","13633.514","13870.54","14200.181","14329.222","14181","14485","14800","15323","15708","15857","","16360","17449","","","18368","18439","18787","19039","19546","20023","20319","20637","21022","21587","21834","22267","22675","22759","22884","23315","23664","24356","24702","25452","26167","26438","26891","27324","28341","29109","29803","30110","30714","31144","31702","32224","32626","35908","36457","36855","37491","25073","25418","26052","40548","26790","26892","26874","42706"
"accumulated_depreciation","-2140.437","-2231.785","-2293.848","-2321.547","-2473.118","-2554.298","-2648.018","-2696.838","-2788.565","-2907.784","-3033.351","-3078.141","-3186.279","-3289.862","-3427.759","-3548.736","-3713.968","-3822.598","-3951.155","-3974.226","-3989","-4131","-4302","-4423","-4593","-4752","","-5046","-5430","","","-5936","-6058","-6268","-6443","-6585","-6772","-6933","-7091","-7141","-7333","-7486","-7684","-7845","-7961","-8012","-8232","-8263","-8489","-8637","-8961","-9124","-9282","-9549","-9789","-10180","-10427","-10754","-10932","-11033","-11265","-11557","-11749","-11736","-12074","-12380","-12579","-12896","","","","-14166","","","","-15286"
"ppe_net","7159.27","7202.888","7148.721","7219.829","7454.743","7516.21","7629.579","7790.192","7915.639","8066.278","8274.019","8564.295","8831.817999999999","8916.771000000001","9098.325000000001","9519.780000000001","9919.546","10047.942","10249.026","10354.996","10192","10354","10498","10900","11115","11105","","11314","12019","","","12432","12381","12519","12596","12961","13251","13386","13546","13881","14254","14348","14583","14830","14798","14872","15083","15401","15867","16065","16491","17043","17156","17342","17535","18161","18682","19049","19178","19681","19879","20145","20475","20890","23834","24077","24276","24595","25073","25418","26052","26382","26790","26892","26874","27420"
"intangible_assets","","","","","","","","","","","","","","","","","","","","","","","","","","","","","","","","","","","","","","","","","","","","","","","","","","","","","","","","","","","","","","","","","","","","","","","","","","","",""
"goodwill","","","","","","","","","","","","","","","","","","","","","","","","71","","","","71","","","","","","","","66","","","","","","","","","","","","","","","","","","","","","","","","","","","","","","","","","","","","","","","",""
"other_lt_assets","549.1900000000001","574.985","541.152","603.62","568.554","569.741","583.474","637.0119999999999","624.396","657.158","663.175","698.693","719.097","732.6849999999999","749.717","762.653","782.614","951.53","875.8579999999999","865.307","705","692","719","349","736","760","","365","466","","","623","630","632","649","587","667","593","597","562","592","584","585","606","659","670","774","837","726","794","840","902","806","828","840","869","799","755","734","860","981","1006","992","1025","954","1002","2202","2841","3048","3192","3306","3381","3509","3621","3970","4050"
"total_assets","14326.29","14277.468","14615.282","15092.548","16410.318","16449.067","16782.419","16665.205","17382.22","17175.566","17284.327","17495.07","18415.174","17925.221","19538.485","19606.586","21004.069","20668.877","21203.35","20682.348","20997","20737","21304","21979","23478","23366","","23815","26043","","","26761","28004","27511","27836","27140","29323","29089","30006","30283","32319","31566","32701","33024","34613","33600","33491","33017","35451","32388","33873","33163","36532","35630","35631","36347","39378","38703","39605","40830","43814","42799","43752","45400","51431","48782","51732","55556","60217","54918","57274","59268","64149","63078","63852","64166"
"accounts_payable","3886.493","3267.942","3557.14","3600.2","4468.899","3998.561","4134.064","4224.676","4859.49","4394.338","4439.297","4581.395","5537.829","4961.747","5188.881","5124.99","6168.251","5338.177","5720.508","5224.753","5847","5000","5370","5450","6317","5598","","5947","7205","","","6544","7576","6334","7302","7303","8825","7441","7788","7872","9199","7707","8361","8491","9783","8302","8895","9011","10378","8222","8828","7612","11003","8764","9425","9608","11992","10061","10705","11237","13133","10711","11331","11679","14440","11072","10813","14172","17014","14383","15538","16278","19561","17089","17651","17848"
"tax_payable","","","","","","","","","","","","","","","","","","","","","","","","356","326","345","","401","343","","","457","353","373","378","485","374","415","432","459","395","432","474","","420","433","466","","","","","","","","","","","","","","","","","","","","","","","","","","","","",""
"current_accrued_liabilities","1054.58","1171.547","1105.361","1127.218","1158.442","1258.862","1207.911","1289.08","1275.706","1412.951","1313.538","1404.656","1394.492","1506.153","1433.39","1494.586","1504.656","1598.642","1531.576","1603.763","1548","1700","1607","1469","1450","1569","","1622","1575","","","2411","1749","1891","1765","2493","2605","2771","2625","2747","2783","3005","2820","3582","2992","3191","2979","3771","3248","3465","3259","3498","3396","3690","3437","3664","3764","4020","3738","4051","4059","4303","4048","4356","4352","4658","4577","4998","5037","5673","5443","5761","5711","6145","5918","6292"
"st_debt","17.063","43.615","17.971","327.189","316.471","343.459","350.335","57.581","67.006","66.44","369.109","349.908","396.128","461.119","62.052","113.737","36.798","137.934","97.57299999999999","140.412","169","173","92","96","80","91","","26","24","","","900","934","900","","","12","64","","","","","","","","1200","1200","1283","1281","89","1193","1100","1159","2257","1158","","","","","90","","1698","1699","1699","1700","500","1497","95","96","95","92","799","799","","77","73"
"current_deferred_revenue","444.836","460.337","462.348","453.881","498.589","514.352","513.933","500.558","542.9400000000001","570.1900000000001","576.609","583.946","633.776","654.207","664.521","692.176","751.21","","784.813","748.438","770","795","842","65","","","","98","","","","141","","","","159","","","","204","","","","250","","","","299","","","","","","","","","","","","","","","","","","","","","","","","","","","",""
"current_deferred_tax_liability","","","","","","","","","","","","","","","","","","","","","","","","","","","","","","","","","","","","","","","","","","","","","","","","","","","","","","","","","","","","","","","","","","","","","","","","","","","",""
"other_current_liabilities","546.814","644.029","701.575","662.062","593.984","659.147","665.102","688.6420000000001","709.689","806.102","793.753","899.2859999999999","984.634","1081.274","1237.91","1156.264","1232.84","2094.336","1391.043","1156.799","1204","1330","1348","1845","2112","2262","","1969","2355","","","1597","2699","2911","2921","1820","2319","2354","2664","1975","2556","2740","3032","2089","2824","5123","3196","2175","3386","3657","3719","3365","3603","4149","7374","4223","4604","4832","4968","4548","5281","5738","5754","5503","5773","6465","5892","5579","10520","6413","6909","6603","7271","8311","8199","7785"
"total_current_liabilities","5949.786","5587.47","5844.395","6170.55","7036.385","6774.381","6871.345","6760.537","7454.831","7250.021","7492.306","7819.191","8946.859","8664.5","8586.754000000001","8581.753000000001","9693.754999999999","9169.089","9525.513000000001","8874.165000000001","9538","8998","9259","9281","10285","9865","","10063","11502","","","12050","13311","12409","12366","12260","14135","13045","13509","13257","14933","13884","14687","14412","16019","18249","16736","16539","18293","15433","16999","15575","19161","18860","21394","17495","20360","18913","19411","19926","22473","22450","22832","23237","26265","22695","22779","24844","32667","26564","27982","29441","33342","31545","31845","31998"
"lt_debt","1303.207","1313.185","1292.256","993.746","858.144","732.5890000000001","715.448","710.675","546.8200000000001","536.998","229.931","215.369","174.733","168.02","2158.862","2107.978","2182.308","2181.919","2186.856","2205.952","2196","2198","2145","2130","2135","2134","","2141","2143","","","1253","1330","1380","1373","1381","1366","4806","4887","4998","4987","4985","4985","5093","5034","3830","4826","4852","4845","4886","3921","4061","3933","2815","2821","6573","6478","6505","6492","6487","6480","4794","4799","5124","5107","5099","7598","7514","7529","7522","7495","6692","6667","6658","6507","6484"
"noncurrent_capital_leases","","","","","","","","","","","","","","","","","","","","","","","","","","","","","","","","","","","","","","","","","","","","","","","","","","","","","","","","","","","","","","","","","2442","2446","2535","2558","2574","2651","2641","2642","2649","2588","2452","2482"
"pension_liabilities","","","","","","","","","","","","","","","","","","","","","","","","","","","","","","","","","","","","","","","","","","","","","","","","","","","","","","","","","","","","","","","","","","","","","","","","","","","",""
"noncurrent_deferred_revenue","208.118","203.605","204.609","244.176","246.058","266.635","275.266","254.27","254.006","261.349","261.247","253.713","257.141","238.153","243.907","224.197","295.118","297.908","298.354","328.313","327","332","336","464","627","624","","681","691","","","885","916","903","914","981","990","955","963","1016","990","988","1008","1004","990","1096","1115","","1233","","","","","","","","","","","","","","","","","","","","","","","","","","",""
"other_lt_liabilities","-9.094947017729301E-13","","-9.094947017729301E-13","-9.094947017729301E-13","","-9.094947017729301E-13","","-9.094947017729301E-13","","","9.094947017729301E-13","","","","-1.8189894035459E-12","","1.8189894035459E-12","","","-1.8189894035459E-12","","","","","","","","","","","","","","","","","","","","","","","","","","","","783","","835","1205","1195","1207","1243","1231","1200","1184","1232","1255","1314","1382","1372","1301","1455","1393","1543","1617","1935","2138","2052","2182","2415","2491","2311","2535","2555"
"total_liabilities","7461.111","7104.26","7341.26","7408.472","8140.587","7773.605","7862.059","7725.482","8255.656999999999","8048.368","7983.484","8288.272999999999","9378.733","9070.673000000001","10989.523","10913.928","12171.181","11648.916","12010.723","11408.43","12061","11528","11740","11875","13047","12623","","12885","14336","","","14188","15557","14692","14653","14622","16491","18806","19359","19271","20910","19857","20680","20509","22043","23175","22677","22174","24371","21154","22125","20831","24301","22918","25446","25268","28022","26650","27158","27727","30335","28616","28932","29816","35207","31783","34529","36851","44908","38789","40300","41190","45149","43102","43339","43519"
"common_stock","2","2","2","2","2","2","2","2","2","2","2","2","2","2","2","2","2","2","2","2","2","2","2","2","2","2","","2","2","","","2","2","2","2","2","2","2","2","2","2","2","2","2","2","2","2","2","2","2","2","2","2","2","2","4","4","4","4","4","4","4","4","4","4","4","4","4","4","4","4","4","4","4","4","2"
"preferred_stock","","","","","","","","","","","","","","","","","","","","","","","","","","","","","","","","","","","","","","","","","","","","","","","","","","","","","","","","","","","","","","","","","","","","","","","","","","","",""
"retained_earnings","5509.906","5736.698","5889.417","1466.366","6286.045","6543.764","2022.695","6624.154","6597.873","6448.955","6361.193","6041.212","5844.328","5610.47","5229.557","5132.343","5085.481","5235.65","5248.498","5360.854","5506","5676","5806","6101","6288","6495","","6590","6685","","","7111","7175","7339","7611","7834","8099","5478","5802","6283","6571","6899","7051","7458","7782","5937","6164","6518","6704","7001","7225","7686","7882","8140","5508","5988","6300","6727","7176","7887","8387","8916","9496","10258","10787","11384","11883","12879","9232","9766","10466","11666","12606","13474","14294","15585"
"aoci","-1.567","46.824","-33.148","16.144","151.377","119.794","139.352","158.039","129.136","207.514","265.67","277.263","270.952","244.995","300.892","370.589","477.52","429.99","393.305","285.661","-240","-218","-57","110","150","145","","122","270","","","373","205","306","319","156","173","111","81","-122","-41","-157","-69","-76","-388","-797","-726","-1121","-1105","-1344","-1126","-1099","-1439","-1333","-1321","-1014","-1037","-897","-1038","-1199","-1331","-1280","-1321","-1436","-1321","-1280","-1678","-1297","-1101","-961","-909","-1137","-1211","-1246","-1602","-1829"
"apic","1294.131","1325.975","1353.54","6139.987","1770.221","1948.871","6698.434","2096.554","2337.644","2407.2","2609.409","2822.652","2854.428","2930.688","2948.614","3118.224","3197.235","3278.58","3471.595","3543.383","3583","3661","3722","3811","3905","4009","","4115","4242","","","4516","4527","4585","4653","4369","4391","4521","4587","4670","4689","4771","4835","4919","4963","5064","5147","5218","5247","5341","5404","5490","5528","5631","5709","5800","5811","5920","6001","6107","6107","6218","6307","6417","6391","6506","6593","6698","6725","6843","6921","7031","7064","7186","7272","6884"
"treasury_stock","","","","","","","","","","","","","","","","","","","","","","","","","","","","","","","","","","","","","","","","","","","","","","","","","","","","","","","","","","","","","","","","","","","","","","","","","","","",""
"other_equity","0.28899999999976","0.29399999999987","0.29699999999957","0.3130000000001","0.35900000000038","0.38699999999881","0.39700000000084","0.36200000000099","0.378999999999","0.34799999999996","0.34900000000016","0.3119999999999","0.27800000000025","0.24700000000121","0.20099999999911","0.18500000000131","0.17499999999927","0.17100000000028","0.17500000000109","0.16299999999865","","","","","","","","","","","","","","","","","","","","","","","","","","","","","","","","","","","","","","","","","","","","","","","","","","","","","","","",""
"minority_interest_liability","60.42","61.417","61.916","59.266","59.729","60.646","57.482","58.614","59.531","61.181","62.222","63.358","64.455","66.148","67.69799999999999","69.31699999999999","70.477","73.56999999999999","77.054","81.857","85","88","91","80","86","92","","101","508","","","571","538","587","598","157","167","171","175","179","188","194","202","212","211","219","227","226","232","234","243","253","258","272","287","301","278","299","304","304","312","325","334","341","363","385","401","421","449","477","492","514","537","558","545","5"
"total_equity","6865.179","7173.208","7274.022","7684.076","8269.731","8675.462","8920.360000000001","8939.723","9126.563","9127.198","9300.843000000001","9206.797","9036.441000000001","8854.548000000001","8548.962","8692.657999999999","8832.888000000001","9019.960999999999","9192.627","9273.918","8936","9209","9564","10104","10431","10743","","10930","11707","","","12573","12447","12819","13183","12518","12832","10283","10647","11012","11409","11709","12021","12515","12570","10425","10814","10843","11080","11234","11748","12332","12231","12712","10185","11079","11356","12053","12447","13103","13479","14183","14820","15584","16224","16999","17203","18705","15309","16129","16974","18078","19000","19976","20513","20647"
"total_liabilities_and_equity","14326.29","14277.468","14615.282","15092.548","16410.318","16449.067","16782.419","16665.205","17382.22","17175.566","17284.327","17495.07","18415.174","17925.221","19538.485","19606.586","21004.069","20668.877","21203.35","20682.348","20997","20737","21304","21979","23478","23366","","23815","26043","","","26761","28004","27511","27836","27140","29323","29089","30006","30283","32319","31566","32701","33024","34613","33600","33491","33017","35451","32388","33873","33163","36532","35630","35631","36347","39378","38703","39605","40830","43814","42799","43752","45400","51431","48782","51732","55556","60217","54918","57274","59268","64149","63078","63852","64166"
"cfo_net_income","160.175","226.792","198.658","296.768","193.153","305.452","209.788","354.699","215.818","296.203","235.595","355.599","236.886","249.478","223.986","372.422","262","327.831","295.169","410","266","243","212","378","270","305","311","437","332","369","341","500","328","412","405","622","421","554","1439","622","431","473","1383","-199","505","607","1631","778","487","555","549","785","555","521","706","932","651","713","762","1053","777","901","916","1110","856","947","852","1404","1181","971","1233","1694","1345","1320","1372","1878"
"cfo_da","97.339","102.474","103.761","137.147","108.06","110.114","111.411","152.253","114.139","110.258","128.026","162.862","126.976","131.619","129.83","177.96","141","145.542","149.458","217","155","161","171","241","184","185","180","246","191","195","196","273","205","209","202","292","213","217","651","295","231","240","708","-150","254","260","776","351","271","285","291","408","297","312","320","441","335","344","327","431","331","352","336","473","369","389","382","505","404","416","402","559","432","436","438","594"
"cfo_receivables","409.449","274.741","22.842","55.707","-220.755","295.005","55.826","-51.958","22.938","310.13","-23.955","106.999","37.852","26.761","244.179","-24.486","-97","208.191","289.809","-156","-191","232","204","-103","187","-1","141","-44","","","","","","","","","","","","","","","","","","","","","","","","","","","","","","","","","","","","","","","","","","","","","","","",""
"cfo_inventory","-696.492","453.107","-7.2","-5.853","-789.593","471.54","-33.305","35.565","-823.875","577.939","-100.176","-154.49","-828.681","441.426","7.843","106.899","-839","519.635","-81.63500000000001","209","-1096","976","-226","-48","-795","858","-183","-93","-912","761","-206","-285","-1062","735","-107","-56","-1055","533","-595","-303","-1420","1023","-584","418","-1328","933","-680","-210","-1473","1375","106","-33","-1983","1248","-217","58","-1415","613","-26","-485","-1324","875","40","-127","-2384","1990","659","-1056","-2580","1100","-51","-361","-2760","438","-1311","-370"
"cfo_prepaid_expenses","","","","","","","","","","","","","","","","","","","","","","","","","","","","","","","","","","","","","","","","","","","","","","","","","","","","","","","","","","","","","","","","","","","","","","","","","","","",""
"cfo_other_working_capital","721.28","-495.782","46.925","-60.433","718.226","-479.656","127.931","115.716","603.53","-513.734","78.636","110.431","815.884","-525.35","202.889","-58.505","789","-634.682","260.682","-319","777","-784","270","-8","871","-767","328","13","1069","-643","461","287","1159","-848","536","-177","1464","-951","1219","-115","1639","-1083","1442","-770","1631","-981","1343","94","1425","-1526","645","-1529","3754","-1736","730","317","2208","-1626","927","473","2158","-2480","722","545","2900","-2857","-80","3026","3249","-2616","1567","695","3672","-1974","585","157"
"cfo_change_in_working_capital","434.237","232.066","62.567","-10.579","-292.122","286.889","150.452","99.32299999999999","-197.407","374.335","-45.495","62.94","25.055","-57.163","454.911","23.908","-147","93.14400000000001","468.856","-266","-510","424","248","-159","263","90","286","-124","157","118","255","2","97","-113","429","-233","409","-418","624","-418","219","-60","858","-352","303","-48","663","-116","-48","-151","751","-1562","1771","-488","513","375","793","-1013","901","-12","834","-1605","762","418","516","-867","579","1970","669","-1516","1516","334","912","-1536","-726","-213"
"cfo_deferred_tax","3.258","-1.336","-17.018","47.592","0.526","2.572","-0.917","-66.871","-8.154999999999999","2.334","-2.813","-29.677","-2.73","-18.816","9.1","-80.29300000000001","-4","-15.972","-14.028","55","3","-10","9","68","-2","-1","3","7","","","","","-14","7","","4","-2","35","15","-8","","","","","","","","","-17","2","173","111","49","-4","2","-76","-2","-62","43","-28","-31","4","-6","180","5","-4","-6","109","-9","-12","5","75","-2","-13","13","-35"
"cfo_stock_comp","","","","","","","","","","","","","","","","","","","","","44","45","43","49","52","48","39","51","57","52","43","55","76","58","45","62","93","66","210","75","112","73","251","-109","150","86","301","93","186","101","75","97","211","111","82","110","234","112","85","113","270","119","93","113","301","118","89","111","341","122","87","115","388","128","90","118"
"cfo_other_noncash_items","8.271999999999901","9.407","-2.003","6.688","34.917","14.713","22.893","-21.344","9.178000000000001","27.075","-30.462","46.937","21.303","13.307","9.872","28.793","19","31.843","10.157","27","27","2","10","-28","-16","-18","-10","-6","-17","-8","-24","111","-28","7","2","-17","-32","-31","-65","-3","-54","-13","-58","","-84","-5","-114","-78","-68","-1","20","-8","-90","41","-17","52","-5","15","-13","-3","-4","10","4","-1","55","36","2","143","61","57","90","163","183","66","40","164"
"cf_cfo","703.2809999999999","569.403","345.965","477.616","44.534","719.74","493.627","518.0599999999999","133.573","810.205","284.851","598.6609999999999","407.49","318.425","827.699","522.79","271","582.388","909.612","443","-15","865","693","549","751","609","809","611","720","726","811","941","664","580","1083","730","1102","423","2874","563","939","713","3142","-810","1128","900","3257","1028","811","791","1859","-169","2793","493","1606","1834","2006","109","2105","1554","2177","-219","2105","2293","2102","619","1898","4242","2647","38","3333","2940","3258","401","1227","2506"
"cfi_ppe_net","-221.637","-108.205","-85.024","-235.354","-206.48","-197.105","-217.836","-354.578","-262.91","-232.226","-253.737","-447.954","-385.392","-271.303","-219.306","-495.644","-432","-336.284","-365.716","-417","-375","-292","-225","-351","-312","-192","-137","-410","-299","-233","-277","-465","-336","-289","-268","-580","-488","-455","-1379","-704","-574","-447","-1426","454","-555","-612","-1588","-805","-715","-624","-461","-849","-667","-516","-540","-779","-820","-508","-585","-1056","-730","-587","-672","-1009","-715","-545","-698","-852","-893","-573","-1028","-1094","-1055","-723","-854","-1259"
"cfi_acquisitions_net","","","","","","","","","","","","","","","","","","","","","","","","","","","","","165","","","","","","","","","","","","","","","","","","","","","","","","","","","","","","","","","","","","","","","","","","","","","","",""
"cfi_investment_net","-110.186","15.033","-294.975","2.905","-23.668","-401.355","-582.4059999999999","-80.11199999999999","116.458","9.609999999999999","-12.359","-39.273","557.679","107.436","5.29","82.855","115","-154.025","-281.975","169","74","38","5","40","8","-12","-269","-683","-3","-486","-100","529","-11","200","204","-138","-419","496","253","-440","-265","396","-56","-172","-84","64","-173","106","387","","94","-204","14","95","36","-39","39","142","-117","-46","24","140","-117","90","76","65","-26","-63","211","228","-286","-38","186","242","-176","-228"
"cfi_intangibles_net","","","","","","","","","","","","","","","","","","","","","","","","","","","","","","","","","","","","","","","","","","","","","","","","","","","","","","","","","","","","","","","","","","","","","","","","","","","",""
"cfi_other","-97.131","-10.387","105.162","-6.164","-7.336","1.003","-7.0759999999999","25.436","2.6080000000001","-11.09","-2.5969999999999","-20.09","-15.393","-3.719","-16.501","-1.312","-8","-382.984","379.984","-3","-1","-3","1","-12","8","-6","","-10","","-5","","-6","-5","-11","-1","-1","52","-41","10","9","13","-14","-5","3","-14","21","-14","-6","-4","4","-1","28","-2","24","6","2","-4","-7","8","7","-31","13","15","-1","9","10","-1126","-26","","-10","-29","-23","-43","","-5",""
"cf_cfi","-428.954","-103.559","-274.837","-238.613","-237.484","-597.457","-807.318","-409.254","-143.844","-233.706","-268.693","-507.317","156.894","-167.586","-230.517","-414.101","-325","-873.293","-267.707","-251","-302","-257","-219","-323","-296","-210","-406","-1103","-137","-724","-377","58","-352","-100","-65","-719","-855","","-1116","-1135","-826","-65","-1487","285","-653","-527","-1775","-705","-332","-620","-368","-1025","-655","-397","-498","-816","-785","-373","-694","-1095","-737","-434","-774","-920","-630","-470","-1850","-941","-682","-355","-1343","-1155","-912","-481","-1035","-1487"
"cff_common_stock_net","5.923","20.162","15.462","83.197","130.496","38.733","32.248","76.776","-107.056","-337.392","-162.185","-463.842","-375.719","-429.482","-525.2619999999999","-339.156","-215","-72.883","-253.985","-234","-67","","-2","","","-6","-110","-435","-145","-94","-108","-277","-163","-149","-140","-180","-36","","-36","","","","","","-18","-84","-225","-256","-142","-71","-137","-136","-122","-68","-46","-233","-124","-60","-54","-90","-32","-117","-46","-52","-30","-47","-34","-85","-80","-106","-181","-129","-37","-78","-139","-185"
"cff_pfd_net","","","","","","","","","","","","","","","","","","","","","","","","","","","","","","","","","","","","","","","","","","","","","","","","","","","","","","","","","","","","","","","","","","","","","","","","","","","",""
"cff_debt_net","-48.02","-111.662","245.446","-123.858","90.58499999999999","55.329","10.181","-420.879","14.384","74.839","-61.676","-29.687","14.873","65.816","1685.52","-69.955","-14","162.303","75.697","-54","39","-87","-57","-31","-6","72","-19","-118","71","-415","354","-550","272","-220","-413","48","247","3259","3592","94","22","-26","-30","212","15","-85","961","126","63","-1310","14","211","-178","-94","-1071","2689","319","-410","10","75","104","69","-96","342","122","-1339","3364","-1355","40","-107","68","-95","-86","-724","-89","99"
"cff_dividend_paid","","","","","","","","","","","","","","","","","","","","","","-69","-70","-157","-79","","-79","-180","-89","","-90","-210","","","","","","","","","","","","","","","","","","-176","-176","-394","-198","","-198","-3508","","-220","-219","-250","-501","","-251","-286","-573","","-287","-619","-310","-4430","-310","-698","-350","","-351","-797"
"cff_other","0.616","1.012","0.435","120.856","0.46399999999997","-46.178","-50.898","-435.508","54.404","-106.593","-21.844","-86.57899999999999","131.612","-53.132","-174.717","-95.03","227","-271.283","124.151","-117","4","29","20","9","80","50","85","26","76","93","85","22","-42","-90","-66","-1138","-90","-3145","-3340","-266","-93","-127","-512","-232","-105","-96","-2579","-351","-145","-6","-2","-12","-162","-3","-1","-25","-253","","-3","-2","-271","-1","-4","-5","-355","-6","-44","141","-350","-7","4","203","-366","-26","-97","-1057"
"cf_cff","-41.481","-90.488","261.343","80.19499999999999","221.545","47.884","-8.468999999999999","-779.611","-38.268","-369.146","-245.705","-580.1079999999999","-229.234","-416.798","985.5410000000001","-504.141","-2","-181.863","-54.137","-405","-24","-127","-109","-179","-5","116","-123","-707","-87","-416","241","-1015","67","-459","-619","-1270","121","114","216","-172","-71","-153","-542","-20","-108","-265","-1843","-481","-224","-1563","-301","-331","-660","-165","-1316","-1077","-58","-690","-266","-267","-700","-49","-397","-1","-836","-1392","2999","-1918","-700","-4650","-419","-719","-839","-828","-676","-1940"
"ebitda","352.157","457.65","413.908","602.654","408.705","500.009","427.55","636.27","439.634","543.002","483.915","678.6079999999999","484.448","496.406","469.826","724.2910000000001","536","649.874","624.458","815","577","559","530","839","612","655","671","934","716","791","752","1035","748","853","825","1241","852","955","1373","1249","899","964","1445","941","1024","1137","1597","1507","1038","1141","1149","1599","1146","1156","1288","1891","1286","1360","1394","1877","1280","1555","1458","1936","1430","1655","1561","2434","1834","1756","2065","2834","2125","2248","2229","3091"
"capex","-221.637","-108.205","-85.024","-235.354","-206.48","-197.105","-217.836","-354.578","-262.91","-232.226","-253.737","-447.954","-385.392","-271.303","-219.306","-495.644","-432","-336.284","-365.716","-417","-375","-292","-225","-351","-312","-192","-137","-410","-299","-233","-277","-465","-336","-289","-268","-580","-488","-455","-1379","-704","-574","-447","-1426","454","-555","-612","-1588","-805","-715","-624","-461","-849","-667","-516","-540","-779","-820","-508","-585","-1056","-730","-587","-672","-1009","-715","-545","-698","-852","-893","-573","-1028","-1094","-1055","-723","-854","-1259"
"fcf","481.644","461.198","260.941","242.262","-161.946","522.635","275.791","163.482","-129.337","577.979","31.114","150.707","22.098","47.122","608.393","27.146","-161","246.104","543.896","26","-390","573","468","198","439","417","672","201","421","493","534","476","328","291","815","150","614","-32","1495","-141","365","266","1716","-356","573","288","1669","223","96","167","1398","-1018","2126","-23","1066","1055","1186","-399","1520","498","1447","-806","1433","1284","1387","74","1200","3390","1754","-535","2305","1846","2203","-322","373","1247"
"book_value","6865.179","7173.208","7274.022","7684.076","8269.731","8675.462","8920.360000000001","8939.723","9126.563","9127.198","9300.843000000001","9206.797","9036.441000000001","8854.548000000001","8548.962","8692.657999999999","8832.888000000001","9019.960999999999","9192.627","9273.918","8936","9209","9564","10104","10431","10743","","10930","11707","","","12573","12447","12819","13183","12518","12832","10283","10647","11012","11409","11709","12021","12515","12570","10425","10814","10843","11080","11234","11748","12332","12231","12712","10185","11079","11356","12053","12447","13103","13479","14183","14820","15584","16224","16999","17203","18705","15309","16129","16974","18078","19000","19976","20513","20647"
"tangible_book_value","6865.179","7173.208","7274.022","7684.076","8269.731","8675.462","8920.360000000001","8939.723","9126.563","9127.198","9300.843000000001","9206.797","9036.441000000001","8854.548000000001","8548.962","8692.657999999999","8832.888000000001","9019.960999999999","9192.627","9273.918","8936","9209","9564","10033","10431","10743","","10859","11707","","","12573","12447","12819","13183","12452","12832","10283","10647","11012","11409","11709","12021","12515","12570","10425","10814","10843","11080","11234","11748","12332","12231","12712","10185","11079","11356","12053","12447","13103","13479","14183","14820","15584","16224","16999","17203","18705","15309","16129","16974","18078","19000","19976","20513","20647"
"roa","0.05","0.05","0.06","0.06","0.06","0.06","0.06","0.06","0.06","0.06","0.06","0.06","0.06","0.06","0.06","0.06","0.05","0.06","0.06","0.06","0.06","0.06","0.05","0.05","0.05","0.05","0.11","0.11","0.05","0.11","","0.11","0.05","0.05","0.06","0.06","0.06","0.07000000000000001","0.07000000000000001","0.07000000000000001","0.07000000000000001","0.06","0.06","0.06","0.06","0.07000000000000001","0.07000000000000001","0.07000000000000001","0.07000000000000001","0.07000000000000001","0.07000000000000001","0.07000000000000001","0.07000000000000001","0.07000000000000001","0.07000000000000001","0.07000000000000001","0.07000000000000001","0.08","0.08","0.08","0.08","0.08","0.08","0.08","0.08","0.08","0.07000000000000001","0.07000000000000001","0.07000000000000001","0.08","0.08","0.09","0.08","0.09","0.09","0.09"
"roe","0.11","0.11","0.11","0.12","0.11","0.12","0.11","0.12","0.12","0.12","0.12","0.12","0.12","0.12","0.12","0.13","0.13","0.13","0.14","0.14","0.14","0.13","0.12","0.11","0.11","0.11","0.23","0.24","0.12","0.24","","0.23","0.12","0.12","0.12","0.13","0.14","0.17","0.19","0.19","0.18","0.17","0.17","0.17","0.17","0.2","0.22","0.22","0.22","0.21","0.2","0.2","0.2","0.19","0.22","0.25","0.25","0.25","0.25","0.25","0.25","0.25","0.25","0.24","0.23","0.23","0.22","0.22","0.25","0.28","0.29","0.29","0.28","0.28","0.28","0.28"
"roic","0.09","0.09","0.1","0.1","0.1","0.1","0.1","0.11","0.11","0.11","0.11","0.11","0.12","0.11","0.1","0.1","0.1","0.11","0.11","0.11","0.11","0.1","0.09","0.09","0.09","0.09","0.19","0.2","0.1","0.19","","0.19","0.1","0.1","0.1","0.12","0.13","0.13","0.13","0.13","0.12","0.12","0.12","0.12","0.12","0.14","0.14","0.14","0.14","0.14","0.14","0.13","0.14","0.13","0.16","0.17","0.15","0.16","0.16","0.16","0.16","0.17","0.17","0.16","0.15","0.15","0.14","0.14","0.16","0.16","0.17","0.18","0.18","0.19","0.19","0.2"
"roce","0.14","0.14","0.15","0.15","0.15","0.15","0.15","0.15","0.15","0.16","0.16","0.16","0.17","0.16","0.15","0.15","0.15","0.16","0.16","0.17","0.17","0.16","0.15","0.14","0.14","0.14","0.29","0.3","0.15","0.32","","0.31","0.16","0.16","0.16","0.18","0.19","0.19","0.19","0.18","0.18","0.17","0.17","0.18","0.18","0.2","0.21","0.2","0.2","0.2","0.21","0.2","0.2","0.2","0.22","0.24","0.22","0.23","0.22","0.22","0.21","0.22","0.21","0.2","0.19","0.18","0.17","0.18","0.2","0.21","0.22","0.22","0.22","0.24","0.24","0.24"
"rotce","0.14","0.14","0.15","0.15","0.15","0.15","0.15","0.15","0.15","0.16","0.16","0.16","0.17","0.16","0.15","0.15","0.15","0.16","0.16","0.17","0.17","0.16","0.15","0.14","0.14","0.14","0.29","0.3","0.15","0.32","","0.31","0.16","0.16","0.16","0.18","0.19","0.19","0.19","0.18","0.18","0.17","0.17","0.18","0.18","0.2","0.21","0.2","0.2","0.2","0.21","0.2","0.2","0.2","0.22","0.24","0.22","0.23","0.22","0.22","0.21","0.22","0.21","0.2","0.19","0.18","0.17","0.18","0.2","0.21","0.22","0.22","0.22","0.24","0.24","0.24"
"gross_margin","0.12","0.13","0.12","0.13","0.12","0.13","0.12","0.12","0.12","0.12","0.12","0.12","0.12","0.12","0.12","0.12","0.13","0.13","0.12","0.12","0.13","0.12","0.13","0.13","0.13","0.13","0.13","0.13","0.13","0.13","0.12","0.12","0.12","0.12","0.12","0.12","0.13","0.12","0.13","0.13","0.13","0.12","0.13","0.13","0.13","0.13","0.13","0.13","0.13","0.13","0.13","0.13","0.14","0.13","0.13","0.13","0.13","0.13","0.13","0.13","0.13","0.13","0.13","0.13","0.13","0.13","0.13","0.13","0.13","0.13","0.13","0.13","0.13","0.12","0.12","0.12"
"ebitda_margin","0.03","0.04","0.04","0.04","0.04","0.04","0.04","0.04","0.03","0.04","0.04","0.03","0.03","0.03","0.03","0.04","0.03","0.04","0.04","0.04","0.04","0.03","0.03","0.04","0.04","0.03","0.04","0.04","0.04","0.04","0.04","0.04","0.03","0.04","0.04","0.04","0.04","0.04","0.06","0.04","0.04","0.04","0.06","0.03","0.04","0.04","0.06","0.04","0.04","0.04","0.04","0.04","0.04","0.04","0.04","0.04","0.04","0.04","0.04","0.04","0.04","0.04","0.04","0.04","0.04","0.04","0.04","0.05","0.04","0.04","0.05","0.05","0.04","0.04","0.04","0.04"
"operating_margin","0.02","0.03","0.03","0.03","0.03","0.03","0.03","0.03","0.03","0.03","0.03","0.03","0.03","0.02","0.02","0.03","0.02","0.03","0.03","0.03","0.03","0.02","0.02","0.03","0.02","0.03","0.03","0.03","0.03","0.03","0.03","0.03","0.03","0.03","0.03","0.03","0.03","0.03","0.03","0.03","0.03","0.03","0.03","0.03","0.03","0.03","0.03","0.03","0.03","0.03","0.03","0.03","0.03","0.03","0.03","0.03","0.03","0.03","0.03","0.03","0.03","0.03","0.03","0.03","0.03","0.03","0.03","0.04","0.03","0.03","0.04","0.04","0.03","0.03","0.03","0.03"
"pretax_margin","0.02","0.03","0.03","0.03","0.03","0.03","0.03","0.03","0.03","0.03","0.03","0.03","0.03","0.03","0.02","0.03","0.03","0.03","0.03","0.03","0.03","0.02","0.02","0.03","0.02","0.03","0.03","0.03","0.03","0.03","0.03","0.03","0.03","0.03","0.03","0.03","0.03","0.03","0.03","0.03","0.03","0.03","0.03","0.03","0.03","0.03","0.03","0.03","0.03","0.03","0.03","0.03","0.03","0.03","0.03","0.03","0.03","0.03","0.03","0.03","0.03","0.03","0.03","0.03","0.03","0.03","0.03","0.04","0.03","0.03","0.04","0.04","0.03","0.03","0.03","0.03"
"net_income_margin","0.02","0.02","0.02","0.02","0.02","0.02","0.02","0.02","0.02","0.02","0.02","0.02","0.02","0.02","0.02","0.02","0.02","0.02","0.02","0.02","0.02","0.01","0.01","0.02","0.02","0.02","0.02","0.02","0.02","0.02","0.02","0.02","0.01","0.02","0.02","0.02","0.02","0.02","0.02","0.02","0.02","0.02","0.02","0.02","0.02","0.02","0.02","0.02","0.02","0.02","0.02","0.02","0.02","0.02","0.02","0.02","0.02","0.02","0.02","0.02","0.02","0.03","0.03","0.02","0.02","0.02","0.02","0.03","0.03","0.02","0.03","0.03","0.03","0.03","0.03","0.03"
"fcf_margin","0.05","0.04","0.02","0.02","-0.01","0.04","0.02","0.01","-0.01","0.04","","0.01","","","0.04","","-0.01","0.01","0.03","","-0.02","0.03","0.03","0.01","0.03","0.02","0.04","0.01","0.02","0.02","0.03","0.02","0.02","0.01","0.04","","0.03","","0.06","","0.01","0.01","0.07000000000000001","-0.01","0.02","0.01","0.06","0.01","","0.01","0.05","-0.03","0.08","","0.04","0.02","0.04","-0.01","0.05","0.01","0.04","-0.02","0.04","0.03","0.04","","0.03","0.06","0.04","-0.01","0.05","0.03","0.04","-0.01","0.01","0.02"
"assets_to_equity","2.09","1.99","2.01","1.96","1.98","1.9","1.88","1.86","1.9","1.88","1.86","1.9","2.04","2.02","2.29","2.26","2.38","2.29","2.31","2.23","2.35","2.25","2.23","2.18","2.25","2.17","","2.18","2.22","","","2.13","2.25","2.15","2.11","2.17","2.29","2.83","2.82","2.75","2.83","2.7","2.72","2.64","2.75","3.22","3.1","3.05","3.2","2.88","2.88","2.69","2.99","2.8","3.5","3.28","3.47","3.21","3.18","3.12","3.25","3.02","2.95","2.91","3.17","2.87","3.01","2.97","3.93","3.4","3.37","3.28","3.38","3.16","3.11","3.11"
"equity_to_assets","0.48","0.5","0.5","0.51","0.5","0.53","0.53","0.54","0.53","0.53","0.54","0.53","0.49","0.49","0.44","0.44","0.42","0.44","0.43","0.45","0.43","0.44","0.45","0.46","0.44","0.46","","0.46","0.45","","","0.47","0.44","0.47","0.47","0.46","0.44","0.35","0.35","0.36","0.35","0.37","0.37","0.38","0.36","0.31","0.32","0.33","0.31","0.35","0.35","0.37","0.33","0.36","0.29","0.3","0.29","0.31","0.31","0.32","0.31","0.33","0.34","0.34","0.32","0.35","0.33","0.34","0.25","0.29","0.3","0.31","0.3","0.32","0.32","0.32"
"debt_to_equity","0.19","0.19","0.18","0.17","0.14","0.12","0.12","0.09","0.07000000000000001","0.07000000000000001","0.06","0.06","0.06","0.07000000000000001","0.26","0.26","0.25","0.26","0.25","0.25","0.26","0.26","0.23","0.22","0.21","0.21","","0.2","0.19","","","0.17","0.18","0.18","0.1","0.11","0.11","0.47","0.46","0.45","0.44","0.43","0.41","0.41","0.4","0.48","0.5600000000000001","0.57","0.55","0.44","0.44","0.42","0.42","0.4","0.39","0.59","0.57","0.54","0.52","0.5","0.48","0.46","0.44","0.44","0.57","0.47","0.68","0.54","0.67","0.64","0.6","0.5600000000000001","0.53","0.46","0.44","0.44"
"debt_to_assets","0.09","0.1","0.09","0.09","0.07000000000000001","0.07000000000000001","0.06","0.05","0.04","0.04","0.03","0.03","0.03","0.04","0.11","0.11","0.11","0.11","0.11","0.11","0.11","0.11","0.11","0.1","0.09","0.1","","0.09","0.08","","","0.08","0.08","0.08","0.05","0.05","0.05","0.17","0.16","0.17","0.15","0.16","0.15","0.15","0.15","0.15","0.18","0.19","0.17","0.15","0.15","0.16","0.14","0.14","0.11","0.18","0.16","0.17","0.16","0.16","0.15","0.15","0.15","0.15","0.18","0.16","0.22","0.18","0.17","0.19","0.18","0.17","0.16","0.15","0.14","0.14"
"revenue_per_share","21.9","23.98","22.59","31.18","23.66","25.64","24.32","34.02","26.59","29.16","27.64","42.06","30.25","32.74","32.16","45.97","35.47","38.12","37.48","52.05","37.22","38.31","35.92","50.65","38.89","41.94","39.65","54.37","43.59","47.1","46.49","63.44","49.09","52.26","50.83","73.52","54.06","56.55","54.64","73.36","56.55","59.4","58.26","80.37","60.75","61.99","58.9","80.81999999999999","61.67","63.8","60.69","82.89","63.79","67.55","65.43000000000001","95.81","72.15000000000001","74.72","73.26000000000001","100.21","79.20999999999999","80.02","78.48","106.98","83.48","88.05","83.95999999999999","120.14","97.23","100.72","101.95","141.04","113.28","116.66","118.22","162.14"
"ebitda_per_share","0.73","0.95","0.86","1.24","0.84","1.01","0.87","1.29","0.9","1.13","1.01","1.44","1.04","1.08","1.03","1.63","1.2","1.46","1.41","1.84","1.31","1.27","1.2","1.9","1.38","1.47","1.5","2.1","1.62","1.78","1.7","2.33","1.7","1.94","1.88","2.83","1.94","2.17","3.11","2.82","2.03","2.18","3.26","2.13","2.32","2.57","3.6","3.4","2.35","2.58","2.61","3.63","2.6","2.62","2.92","4.28","2.92","3.08","3.16","4.24","2.89","3.52","3.29","4.36","3.22","3.73","3.52","5.48","4.13","3.95","4.65","6.38","4.78","5.05","5.01","6.95"
"operating_income_per_share","0.53","0.74","0.64","0.96","0.61","0.79","0.64","0.98","0.67","0.9","0.74","1.09","0.76","0.79","0.75","1.23","0.89","1.13","1.07","1.35","0.96","0.91","0.82","1.35","0.96","1.05","1.1","1.55","1.19","1.34","1.25","1.72","1.23","1.47","1.42","2.17","1.46","1.68","1.64","2.15","1.51","1.63","1.66","2.47","1.74","1.98","1.85","2.61","1.74","1.94","1.95","2.7","1.93","1.92","2.19","3.28","2.16","2.3","2.42","3.26","2.14","2.72","2.53","3.3","2.39","2.85","2.66","4.34","3.22","3.01","3.74","5.12","3.81","4.07","4.03","5.62"
"pretax_income_per_share","0.53","0.75","0.65","0.97","0.63","0.82","0.68","1.02","0.71","0.96","0.8","1.17","0.8100000000000001","0.85","0.78","1.31","0.91","1.17","1.05","1.39","0.95","0.88","0.77","1.32","0.95","1.06","1.06","1.54","1.14","1.29","1.2","1.74","1.26","1.43","1.42","2.2","1.47","1.68","1.62","2.15","1.49","1.64","1.64","2.46","1.76","1.96","1.8","2.61","1.73","1.9","1.89","2.68","1.92","1.84","2.19","3.21","2.12","2.23","2.42","3.27","2.11","2.75","2.54","3.36","2.38","2.88","2.62","4.21","3.2","2.97","3.72","5.16","3.81","4.05","4.11","5.66"
"fcf_per_share","1","0.96","0.54","0.5","-0.33","1.06","0.5600000000000001","0.33","-0.27","1.2","0.06","0.32","0.05","0.1","1.33","0.06","-0.36","0.55","1.23","0.06","-0.89","1.3","1.06","0.45","0.99","0.93","1.5","0.45","0.95","1.11","1.2","1.07","0.74","0.66","1.86","0.34","1.4","-0.07000000000000001","3.39","-0.32","0.83","0.6","3.88","-0.8100000000000001","1.3","0.65","3.77","0.5","0.22","0.38","3.17","-2.31","4.83","-0.05","2.42","2.39","2.69","-0.9","3.44","1.12","3.27","-1.82","3.24","2.89","3.13","0.17","2.7","7.63","3.95","-1.2","5.19","4.15","4.95","-0.72","0.84","2.8"
"book_value_per_share","14.29","14.9","15.08","15.82","16.9","17.57","18.08","18.19","18.76","18.93","19.36","19.48","19.32","19.18","18.75","19.51","19.82","20.27","20.74","20.9","20.28","20.94","21.74","22.87","23.45","24.04","","24.63","26.52","","","28.31","28.25","29.17","30.02","28.56","29.25","23.38","24.15","24.87","25.79","26.44","27.15","28.32","28.43","23.54","24.4","24.49","25.1","25.44","26.64","27.96","27.76","28.85","23.09","25.09","25.76","27.3","28.18","29.57","30.44","32.06","33.48","35.1","36.57","38.31","38.76","42.1","34.45","36.29","38.22","40.68","42.73","44.9","46.11","46.44"
"tangible_book_per_share","14.29","14.9","15.08","15.82","16.9","17.57","18.08","18.19","18.76","18.93","19.36","19.48","19.32","19.18","18.75","19.51","19.82","20.27","20.74","20.9","20.28","20.94","21.74","22.71","23.45","24.04","","24.47","26.52","","","28.31","28.25","29.17","30.02","28.41","29.25","23.38","24.15","24.87","25.79","26.44","27.15","28.32","28.43","23.54","24.4","24.49","25.1","25.44","26.64","27.96","27.76","28.85","23.09","25.09","25.76","27.3","28.18","29.57","30.44","32.06","33.48","35.1","36.57","38.31","38.76","42.1","34.45","36.29","38.22","40.68","42.73","44.9","46.11","46.44"
"payout_ratio","","","0.24","0.16","0.25","0.16","0.27","0.16","0.26","0.19","0.27","0.18","0.25","0.24","0.3","0.17","0.25","0.2","0.24","0.18","0.27","0.29","0.38","0.21","0.3","0.27","0.3","0.21","0.29","0.26","0.33","0.22","0.33","0.27","0.31","0.2","0.29","0.22","0.3","0.22","0.32","0.3","0.33","0.22","0.32","0.26","0.34","0.23","0.37","0.32","0.36","0.25","0.36","0.38","0.31","0.24","0.34","0.31","0.34","0.24","0.33","0.28","0.32","0.26","0.34","0.31","0.37","0.22","0.27","0.33","0.29","0.21","0.27","0.27","0.3","0.21"
"revenue_growth","0.14","0.14","0.14","0.11","0.1","0.1","0.1","0.1","0.12","0.11","0.11","0.19","0.09","0.07000000000000001","0.1","0.03","0.12","0.12","0.13","0.13","0.04","-0.01","-0.05","-0.03","0.06","0.11","0.12","0.08","0.11","0.11","0.16","0.17","0.12","0.1","0.08","0.14","0.1","0.08","0.08","0.01","0.05","0.06","0.07000000000000001","0.09","0.07000000000000001","0.04","0.01","0.01","0.01","0.03","0.03","0.02","0.03","0.06","0.08","0.16","0.13","0.11","0.12","0.05","0.1","0.07000000000000001","0.07000000000000001","0.07000000000000001","0.06","0.1","0.07000000000000001","0.12","0.17","0.15","0.21","0.17","0.17","0.16","0.16","0.15"
"gross_profit_growth","0.13","0.14","0.15","0.12","0.11","0.11","0.1","0.08","0.11","0.1","0.1","0.16","0.1","0.06","0.08","0.06","0.13","0.14","0.16","0.1","0.07000000000000001","-0.03","-0.02","0.02","0.05","0.13","0.13","0.08","0.12","0.13","0.12","0.13","0.09","0.07000000000000001","0.09","0.15","0.11","0.1","0.09","0.02","0.07000000000000001","0.05","0.06","0.1","0.09","0.09","0.05","0.04","0.03","0.04","0.06","0.05","0.06","0.04","0.08","0.14","0.1","0.11","0.09","0.02","0.06","0.1","0.07000000000000001","0.08","0.08","0.07000000000000001","0.11","0.13","0.2","0.13","0.17","0.14","0.11","0.12","0.06","0.07000000000000001"
"ebitda_growth","0.09","0.19","0.21","0.21","0.16","0.09","0.03","0.06","0.08","0.09","0.13","0.07000000000000001","0.1","-0.09","-0.03","0.07000000000000001","0.11","0.31","0.33","0.13","0.08","-0.14","-0.15","0.03","0.06","0.17","0.27","0.11","0.17","0.21","0.12","0.11","0.04","0.08","0.1","0.2","0.14","0.12","0.66","0.01","0.06","0.01","0.05","-0.25","0.14","0.18","0.11","0.6","0.01","","-0.28","0.06","0.1","0.01","0.12","0.18","0.12","0.18","0.08","-0.01","","0.14","0.05","0.03","0.12","0.06","0.07000000000000001","0.26","0.28","0.06","0.32","0.16","0.16","0.28","0.08","0.09"
"operating_income_growth","0.07000000000000001","0.2","0.24","0.24","0.18","0.1","0.02","0.04","0.08","0.11","0.13","0.07000000000000001","0.1","-0.16","-0.04","0.06","0.1","0.38","0.4","0.09","0.07000000000000001","-0.21","-0.24","","0.01","0.18","0.37","0.15","0.23","0.27","0.13","0.11","0.03","0.08","0.12","0.25","0.18","0.15","0.16","0.01","0.05","-0.02","0.02","0.14","0.15","0.21","0.11","0.06","","-0.02","0.05","0.03","0.11","-0.01","0.13","0.22","0.12","0.2","0.1","","","0.18","0.05","0.01","0.12","0.05","0.05","0.32","0.35","0.06","0.41","0.18","0.18","0.35","0.08","0.1"
"pretax_income_growth","0.07000000000000001","0.22","0.26","0.26","0.21","0.13","0.07000000000000001","0.06","0.13","0.14","0.14","0.11","0.09","-0.15","-0.08","0.05","0.07000000000000001","0.32","0.31","0.06","0.03","-0.26","-0.27","-0.06","0.01","0.23","0.39","0.17","0.19","0.21","0.13","0.13","0.1","0.09","0.16","0.25","0.17","0.18","0.14","-0.01","0.02","-0.01","0.02","0.14","0.18","0.2","0.1","0.06","-0.02","-0.03","0.05","0.02","0.11","-0.04","0.16","0.2","0.11","0.22","0.11","0.02","","0.23","0.05","0.03","0.13","0.05","0.04","0.25","0.34","0.03","0.42","0.23","0.19","0.37","0.11","0.1"
"net_income_growth","0.1","0.25","0.29","0.24","0.21","0.35","0.06","0.2","0.12","-0.03","0.12","","0.1","-0.16","-0.05","0.05","0.11","0.31","0.32","0.07000000000000001","","-0.27","-0.29","-0.06","0.01","0.25","0.46","0.16","0.17","0.16","0.06","0.11","0.03","0.13","0.19","0.27","0.3","0.39","0.19","0.01","0.02","-0.15","0.03","0.13","0.17","0.29","0.09","0.1","-0.03","-0.09","0.06","0.02","0.14","-0.06","0.28","0.18","0.17","0.36","0.07000000000000001","0.13","0.2","0.27","0.21","0.05","0.1","0.05","-0.08","0.27","0.38","0.02","0.46","0.2","0.14","0.37","0.11","0.12"
"eps_diluted_growth","0.1","0.23","0.27","0.22","0.18","0.29","0.02","0.18","0.13","","0.14","0.01","0.13","-0.13","","0.12","0.16","0.37","0.37","0.08","0.02","-0.26","-0.28","-0.06","","0.22","0.42","0.14","0.18","0.18","0.07000000000000001","0.11","0.03","0.14","0.21","0.29","0.3","0.38","0.18","0.01","0.01","-0.15","0.03","0.13","0.17","0.29","0.09","0.09","-0.03","-0.08","0.06","0.02","0.14","-0.06","0.28","0.18","0.17","0.36","0.07000000000000001","0.13","0.19","0.26","0.21","0.05","0.1","0.04","-0.08","0.27","0.38","0.02","0.46","0.2","0.14","0.36","0.11","0.12"
"shares_diluted_growth","","0.01","0.01","0.07000000000000001","0.02","0.03","0.02","0.01","-0.01","-0.02","-0.03","-0.04","-0.04","-0.04","-0.05","-0.06","-0.05","-0.04","-0.03","","-0.01","-0.01","-0.01","","0.01","0.02","0.02","","-0.01","-0.01","-0.01","","","-0.01","-0.01","-0.01","","","","0.01","0.01","0.01","","","","","","","","","","","","","","","","","","","","","","","","","","","","","","","","","",""
"cash_and_equiv_growth","1.53","0.86","0.93","0.83","0.6","0.4","0.09","-0.27","-0.3","-0.26","-0.26","-0.27","-0.08","-0.3","0.57","0.84","0.49","0.44","-0.1","-0.06","-0.19","0.19","0.08","0.21","0.63","0.53","-1","0.02","0.03","-1","","0.25","0.16","","","-0.12","-0.1","0.01","0.14","0.32","0.21","0.16","0.05","0.24","0.27","0.14","-0.12","-0.16","-0.15","-0.38","-0.04","-0.3","-0.05","0.31","-0.07000000000000001","0.35","0.18","0.01","0.3","0.33","0.19","0.27","0.19","0.38","0.33","0.28","0.54","0.46","0.51","0.11","-0.06","-0.08","-0.06","0.37","0.09","-0.09"
"ppe_growth","0.07000000000000001","0.06","0.04","0.04","0.04","0.04","0.07000000000000001","0.08","0.06","0.07000000000000001","0.08","0.1","0.12","0.11","0.1","0.11","0.12","0.13","0.13","0.09","0.03","0.03","0.02","0.05","0.09","0.07000000000000001","-1","0.04","0.08","-1","","0.1","0.03","","","0.04","0.07000000000000001","0.07000000000000001","0.08","0.07000000000000001","0.08","0.07000000000000001","0.08","0.07000000000000001","0.04","0.04","0.03","0.04","0.07000000000000001","0.08","0.09","0.11","0.08","0.08","0.06","0.07000000000000001","0.09","0.1","0.09","0.08","0.06","0.06","0.07000000000000001","0.06","0.2","0.2","0.19","0.18","0.05","0.06","0.07000000000000001","0.07000000000000001","0.07000000000000001","0.06","0.03","0.04"
"total_assets_growth","0.17","0.16","0.16","0.14","0.15","0.15","0.15","0.1","0.06","0.04","0.03","0.05","0.06","0.04","0.13","0.12","0.14","0.15","0.09","0.05","","","","0.06","0.12","0.13","-1","0.08","0.11","-1","","0.12","0.08","","","0.01","0.05","0.06","0.08","0.12","0.1","0.09","0.09","0.09","0.07000000000000001","0.06","0.02","","0.02","-0.04","0.01","","0.03","0.1","0.05","0.1","0.08","0.09","0.11","0.12","0.11","0.11","0.1","0.11","0.17","0.14","0.18","0.22","0.17","0.13","0.11","0.07000000000000001","0.07000000000000001","0.15","0.11","0.08"
"total_equity_growth","0.15","0.16","0.13","0.15","0.2","0.21","0.23","0.16","0.1","0.05","0.04","0.03","-0.01","-0.03","-0.08","-0.06","-0.02","0.02","0.08","0.07000000000000001","0.01","0.02","0.04","0.09","0.17","0.17","-1","0.08","0.12","-1","","0.15","0.06","","","","0.03","-0.2","-0.19","-0.12","-0.11","0.14","0.13","0.14","0.1","-0.11","-0.1","-0.13","-0.12","0.08","0.09","0.14","0.1","0.13","-0.13","-0.1","-0.07000000000000001","-0.05","0.22","0.18","0.19","0.18","0.19","0.19","0.2","0.2","0.16","0.2","-0.06","-0.05","-0.01","-0.03","0.24","0.24","0.21","0.14"
"cfo_growth","1.34","-0.06","1.04","0.11","-0.9399999999999999","0.26","0.43","0.08","2","0.13","-0.42","0.16","2.05","-0.61","1.91","-0.13","-0.33","0.83","0.1","-0.15","-1.06","0.49","-0.24","0.24","51.07","-0.3","0.17","0.11","-0.04","0.19","","0.54","-0.08","-0.2","0.34","-0.22","0.66","-0.27","1.65","-0.23","-0.15","0.6899999999999999","0.09","-2.44","0.2","0.26","0.04","2.27","-0.28","-0.12","-0.43","-1.16","2.44","-0.38","-0.14","11.85","-0.28","-0.78","0.31","-0.15","0.09","-3.01","","0.48","-0.03","3.83","-0.1","0.85","0.26","-0.9399999999999999","0.76","-0.31","0.23","9.550000000000001","-0.63","-0.15"
"capex_growth","0.21","0.3","0.4","-0.29","0.07000000000000001","-0.82","-1.56","-0.51","-0.27","-0.18","-0.16","-0.26","-0.47","-0.17","0.14","-0.11","-0.12","-0.24","-0.67","0.16","0.13","0.13","0.38","0.16","0.17","0.34","0.39","-0.17","0.04","-0.21","-1.02","-0.13","-0.12","-0.24","0.03","-0.25","-0.45","-0.57","-4.15","-0.21","-0.18","0.02","-0.03","1.64","0.03","-0.37","-0.11","-2.77","-0.29","-0.02","0.71","-0.05","0.07000000000000001","0.17","-0.17","0.08","-0.23","0.02","-0.08","-0.36","0.11","-0.16","-0.15","0.04","0.02","0.07000000000000001","-0.04","0.16","-0.25","-0.05","-0.47","-0.28","-0.18","-0.26","0.17","-0.15"
"fcf_growth","21.39","0.02","8.31","-0.02","-1.34","0.13","0.06","-0.33","0.2","0.11","-0.89","-0.08","1.17","-0.92","18.55","-0.82","-8.289999999999999","4.22","-0.11","-0.04","-1.42","1.33","-0.14","6.62","2.13","-0.27","0.44","0.02","-0.04","0.18","-0.21","1.37","-0.22","-0.41","0.53","-0.68","0.87","-1.11","0.83","-1.94","-0.41","9.31","0.15","-1.52","0.57","0.08","-0.03","1.63","-0.83","-0.42","-0.16","-5.57","21.15","-1.14","-0.24","2.04","-0.44","-16.35","0.43","-0.53","0.22","-1.02","-0.06","1.58","-0.04","1.09","-0.16","1.64","0.26","-8.23","0.92","-0.46","0.26","0.4","-0.84","-0.32"
"shares_eop","457.793","458.776","459.39","462.637","471.873","477.4","479.287","472.48","475.828","469.635","469.802","462.279","455.392","449.327","440.23","437.013","434.962","434.23","435.056","432.513","433.17","434.027","434.88","435.974","439.325","440.507","439.132","433.51","436.312","436.86","437.813","434.266","435.204","433.973","432.345","432.35","434.824","436.336","436.684","436.839","439.722","439.878","438.296","437.683","440.499","439.974","439.488","437.952","439.777","439.035","438.066","437.524","439.24","438.941","438.593","437.204","439.185","438.82","438.602","438.189","440.546","439.88","439.789","439.625","441.778","441.58","441.524","441.255","442.955","442.534","442.069","441.825","443.434","443.224","442.963","442.664"
"dividends","","","0.1","0.1","0.1","0.1","0.12","0.12","0.12","0.12","0.13","0.13","0.13","0.13","0.15","0.15","0.15","0.15","0.16","0.16","0.16","0.16","0.18","0.18","0.18","0.18","0.21","0.21","0.21","0.21","0.24","0.24","0.24","0.24","0.28","0.28","0.28","0.28","0.31","0.31","0.31","0.31","0.36","0.36","0.36","0.36","0.4","0.4","0.4","0.4","0.45","0.45","0.45","0.45","0.5","0.5","0.5","0.5","0.57","0.57","0.57","0.57","0.65","0.65","0.65","0.65","0.7","0.7","0.7","0.7","0.79","0.79","0.79","0.79","0.9","0.9"
"price_to_earnings","22.3","22.85","21.1","21.59","25.05","22.38","21.64","19.29","21.89","22.33","22.56","19.61","21.18","23.46","23.32","24.92","26.46","22.67","24.68","22.61","17.37","15.38","19.01","20.47","24.17","23.37","20.55","18.8","21.87","23.37","25.5","23.33","25.25","24.64","23.67","24.76","25.03","22.57","23.57","23.97","26.93","26.16","25.71","25.75","29.41","28.56","27.16","25.8","30.07","28.53","27.87","30.18","27.3","32.62","31.17","25.58","28.11","28.3","28.89","32.6","31.24","27.9","29.23","35.42","35.45","32.86","36.71","38.33","40.13","33.72","35.38","40.19","46.31","41.75","36.58","39.55"
"price_to_book","2.39","2.49","2.39","2.48","2.77","2.56","2.44","2.29","2.6","2.63","2.67","2.35","2.64","2.85","2.91","3.1","3.32","2.98","3.38","3.13","2.49","2","2.21","2.2","2.52","2.5","","2.24","2.52","","","2.71","2.98","2.91","2.83","3.38","3.52","4.3","4.5","4.44","4.83","4.39","4.23","4.23","4.98","6.2","5.79","5.66","6.41","5.86","5.55","5.75","5.39","6.12","7.77","6.19","6.87","6.95","6.99","7.8","7.56","6.78","7.11","8.32","8.16","7.3","7.92","8.199999999999999","11.34","9.08","9.85","11.13","12.59","11.52","10.07","11.19"
"price_to_sales","0.37","0.39","0.37","0.4","0.47","0.44","0.42","0.39","0.44","0.43","0.44","0.36","0.39","0.4","0.39","0.42","0.44","0.4","0.44","0.4","0.31","0.25","0.29","0.31","0.36","0.36","0.34","0.31","0.37","0.4","0.43","0.38","0.41","0.4","0.39","0.43","0.45","0.43","0.46","0.46","0.52","0.48","0.46","0.47","0.55","0.5600000000000001","0.54","0.53","0.61","0.5600000000000001","0.55","0.6","0.55","0.64","0.64","0.53","0.59","0.62","0.62","0.72","0.7","0.65","0.7","0.85","0.86","0.78","0.85","0.92","1","0.82","0.9","1.03","1.18","1.09","0.95","1.02"
"price_to_tangible_book","2.39","2.49","2.39","2.48","2.77","2.56","2.44","2.29","2.6","2.63","2.67","2.35","2.64","2.85","2.91","3.1","3.32","2.98","3.38","3.13","2.49","2","2.21","2.22","2.52","2.5","","2.26","2.52","","","2.71","2.98","2.91","2.83","3.4","3.52","4.3","4.5","4.44","4.83","4.39","4.23","4.23","4.98","6.2","5.79","5.66","6.41","5.86","5.55","5.75","5.39","6.12","7.77","6.19","6.87","6.95","6.99","7.8","7.56","6.78","7.11","8.32","8.16","7.3","7.92","8.199999999999999","11.34","9.08","9.85","11.13","12.59","11.52","10.07","11.19"
"price_to_fcf","13.57","14.63","11.99","13.17","28.58","25.75","24.75","25.63","28.55","27.08","38.66","34.31","30.46","100.68","30.01","38.29","56.2","37.31","47.29","44.28","52.34","24.41","31.17","26.18","15.69","17.65","14.82","14.17","17.24","18.28","21.9","17.73","20.27","22.93","19.56","26.71","24.16","28.57","21.5","25.24","32.69","25.88","23.05","26.62","28.47","29.11","28.83","22.28","31.19","30.57","34.59","110.29","24.67","31.32","36.79","16.22","23.74","28.81","25.86","36.42","33.23","36.19","40.97","38.59","40.16","29.71","34.52","25.35","27.04","25.22","24.19","37.48","41.1","38.15","50.37","66.01000000000001"
"market_cap","16398.14526","17828.03536","17410.881","19046.76529","22933.0278","22242.066","21750.04406","20505.632","23767.6086","24040.61565","24866.61986","21630.03441","23817.0016","25274.64375","24859.7881","26985.55275","29316.4388","26887.5216","31028.19392","29004.32178","22295.2599","18376.70318","21100.3776","22225.95452","26319.96075","26857.71179","25579.439","24493.315","29499.05432","32672.7594","36110.81624","34107.25164","37122.9012","37347.71638","37350.28455","42314.0945","45186.91008","44196.47344","47873.66692","48869.17893","55154.33046","51377.7504","50851.10192","52994.65764","62603.71788","64658.57904","62666.59392","61335.1776","70988.80334","65868.42105","65171.07882","70918.26516","65934.3164","77771.56638","79135.33499","68527.35496","77968.51304999999","83770.738","86948.46047999999","102155.00157","101889.47888","96219.3512","105364.64862","129583.865","132449.46218","124145.8012","136196.90828","153406.7133","173536.48035","146478.754","167221.44063","201246.86925","239179.43092","230144.062","206518.20986","231114.8744"
"period_end_price","35.82","38.86","37.9","41.17","48.6","46.59","45.38","43.4","49.95","51.19","52.93","46.79","52.3","56.25","56.47","61.75","67.40000000000001","61.92","71.31999999999999","67.06","51.47","42.34","48.52","50.98","59.91","60.97","58.25","56.5","67.61","74.79000000000001","82.48","78.54000000000001","85.3","86.06","86.39","97.87","103.92","101.29","109.63","111.87","125.43","116.8","116.02","121.08","142.12","146.96","142.59","140.05","161.42","150.03","148.77","162.09","150.11","177.18","180.43","156.74","177.53","190.9","198.24","233.13","231.28","218.74","239.58","294.76","299.81","281.14","308.47","347.66","391.77","331","378.27","455.49","539.38","519.25","466.22","522.1"
