"period_end_date","2000-12","2003-06","2004-03","2004-06","2004-09","2004-12","2005-03","2005-06","2005-09","2005-12","2006-03","2006-06","2006-09","2006-12","2007-03","2007-06","2007-09","2007-12","2008-03","2008-06","2008-09","2008-12","2009-03","2009-06","2009-09","2009-12","2010-03","2010-06","2010-09","2010-12","2011-03","2011-06","2011-09","2011-12","2012-03","2012-06","2012-09","2012-12","2013-03","2013-06","2013-09","2013-12","2014-03","2014-06","2014-09","2014-12","2015-03","2015-06","2015-09","2015-12","2016-03","2016-06","2016-09","2016-12","2017-03","2017-06","2017-09","2017-12","2018-03","2018-06","2018-09","2018-12","2019-03","2019-06","2019-09","2019-12","2020-03","2020-06","2020-09","2020-12","2021-03","2021-06","2021-09","2021-12","2022-03","2022-06","2022-09"
"revenue","","311.199","651.623","700.212","805.8869999999999","1031.501","1256.516","1384.495","1578.456","1919.092","2253.755","2455.991","2689.673","3205.498","3663.971","3871.985","4231.351","4826.679","5186.043","5367.212","5541.391","5700.904","5509","5523","5945","6674","6775","6820","7286","8440","8575","9026","9720","10583","10645","11807","13304","10283","12951","13107","13754","15707","15420","15955","16523","18103","17258","17727","18675","21329","20257","21500","22451","26064","24750","26010","27772","32323","31146","32657","33740","39276","36339","38944","40499","46075","41159","38297","46173","56898","55314","61880","65118","75325","68011","69685","69092"
"cogs","","117.401","315.398","326.377","362.099","453.779","546.7809999999999","597.095","655.154","777.035","904.119","989.032","1048.728","1283.148","1470.426","1560.255","1662.579","1955.824","2110.536","2147.575","2173.39","2190.005","2102","2108","2226","2408","2452","2467","2552","2946","2936","3172","3378","3703","3789","4677","5955","2755","5136","5195","5409","6253","5961","6114","6695","6921","6356","6583","7037","8188","7648","8130","8699","10661","9795","10373","11148","14267","13467","13883","14281","17918","16012","17296","17568","21020","18982","18553","21117","26080","24103","26227","27621","32988","29599","30104","31158"
"gross_profit","","193.798","336.225","373.835","443.788","577.722","709.735","787.4","923.302","1142.057","1349.636","1466.959","1640.945","1922.35","2193.545","2311.73","2568.772","2870.855","3075.507","3219.637","3368.001","3510.899","3407","3415","3719","4266","4323","4353","4734","5494","5639","5854","6342","6880","6856","7130","7349","7528","7815","7912","8345","9454","9459","9841","9828","11182","10902","11144","11638","13141","12609","13370","13752","15403","14955","15637","16624","18056","17679","18774","19459","21358","20327","21648","22931","25055","22177","19744","25056","30818","31211","35653","37497","42337","38412","39581","37934"
"sga","","","","157.115","174.267","187.481","158.254","215.93","216.338","292.547","360.338","369.035","396.982","474.95","563.952","675.009","702.218","799.338","856.203","959.462","1015.865","917.353","881","833","887","1049","1017","1090","1193","1461","2117","1739","1880","1572","2026","2355","2730","1835","2450","2681","2763","3092","3218","3345","3449","3970","3702","3530","3700","4251","3900","4039","4389","5142","4445","4597","4637","6054","5007","5544","5602","7103","5993","6255","7200","8567","7380","6486","6987","8145","7289","8617","8772","11744","9199","10287","10526"
"rnd","","17.492","35.019","45.762","57.409","87.44199999999999","108.711","95.77200000000001","177.793","189.871","246.599","282.552","312.632","386.806","408.384","532.106","548.712","630.783","673.069","682.21","704.571","733.341","642","708","758","736","818","898","994","1051","1226","1234","1404","1301","1441","1538","1879","1225","1617","1766","1821","1933","2126","2238","2655","2813","2753","2789","3230","3510","3367","3363","3596","3622","3942","4172","4205","4306","5039","5114","5232","6034","6029","6213","6554","7222","6820","6875","6856","7022","7485","7675","7694","8708","9119","9841","10273"
"special_charges","","","","","","","","","","","","","","","","","","","","","","","","","","","","","","","","","","","","","","","","","","","","","","","","","","","","","","","","","","","","","","","","","","","","","","","","","","","","",""
"other_opex","","","","-358.296","201","","","","","","","","","","","","","","","","","","","","","","","","","","","","","","","","","","","","","","","","","","","","","","","","","","","","","","","","","","","","","","","","","","","","","","","",""
"total_opex","","17.492","35.019","-155.419","432.676","274.923","266.965","311.702","394.131","482.418","606.937","651.587","709.614","861.756","972.336","1207.115","1250.93","1430.121","1529.272","1641.672","1720.436","1650.694","1523","1541","1645","1785","1835","1988","2187","2512","3343","2973","3284","2873","3467","3893","4609","3060","4067","4447","4584","5025","5344","5583","6104","6783","6455","6319","6930","7761","7267","7402","7985","8764","8387","8769","8842","10360","10046","10658","10834","13137","12022","12468","13754","15789","14200","13361","13843","15167","14774","16292","16466","20452","18318","20128","20799"
"operating_income","","176.306","301.206","529.254","11.112","302.799","442.77","475.698","529.171","659.639","742.699","815.372","931.331","1060.594","1221.209","1104.615","1317.842","1440.734","1546.235","1577.965","1647.565","1860.205","1884","1874","2074","2481","2488","2365","2547","2982","2296","2881","3058","4007","3389","3237","2740","4468","3748","3465","3761","4429","4115","4258","3724","4399","4447","4825","4708","5380","5342","5968","5767","6639","6568","6868","7782","7696","7633","8116","8625","8221","8305","9180","9177","9266","7977","6383","11213","15651","16437","19361","21031","21885","20094","19453","17135"
"net_interest_income_normal","","","","","","","","","24.963","68.06399999999999","78.916","103.01","108.209","121.928","130.133","137.984","146.114","144.631","122.003","88.086","90.996","88.447","66","50","47","67","95","136","172","171","186","199","190","179","162","158","151","144","159","163","177","186","144","142","162","197","200","214","233","248","240","275","289","292","287","273","279","364","369","429","453","513","487","628","608","604","565","420","412","333","269","313","310","261","331","403","514"
"other_nonoperating_income","","-70.756","-145.583","-359.794","3.866","7.374","13.686","19.722","-4.166","-87.87","-10.997","57.795","-0.029","2.212","0.595","-0.854","8.314","22.662","45.34","-30.163","-69.779","-1113.305","-60","-68","-54","21","-77","-67","-5","-11","-90","5","112","-697","-6","95","-86","17","-25","73","-163","-74","213","3","-29","-69","-43","-83","-50","-428","-453","-124","-11","-74","-36","-2764","-82","-42","2541","-4330","1005","1338","-646","2339","-1157","834","-785","1474","1734","2705","4577","2311","1723","2256","-1491","-842","-1416"
"pretax_income","","105.55","155.623","169.46","14.978","310.173","456.456","495.42","549.968","639.833","810.6180000000001","976.177","1039.511","1184.734","1351.937","1241.745","1472.27","1608.027","1713.578","1635.888","1668.782","835.347","1890","1856","2067","2569","2506","2434","2714","3142","2392","3085","3360","3489","3545","3490","2805","4629","3882","3701","3775","4541","4472","4403","3857","4527","4604","4956","4891","5200","5129","6119","6045","6857","6819","4377","7979","8018","10543","4215","10083","10072","8146","12147","8628","10704","7757","8277","13359","18689","21283","21985","23064","24402","18934","19014","16233"
"income_tax","","-73.38200000000001","-91.65000000000001","-90.39700000000001","37.005","-106.073","-87.26300000000001","-152.606","-168.786","-267.625","-218.327","-255.1","-306.15","-154.017","-349.775","-316.625","-402.281","-401.578","-406.492","-388.497","-378.844","-452.905","-467","-371","-428","-595","-551","-594","-547","-599","-594","-580","-631","-785","-655","-657","-647","-957","-354","-927","-612","-846","-822","-984","-933","-819","-1089","-1025","-912","-277","-922","-1242","-984","-1524","-1393","-853","-1247","-11038","-1142","-1020","-891","-1124","-1489","-2200","-1560","-33","-921","-1318","-2112","-3462","-3353","-3460","-4128","-3760","-2498","-3012","-2323"
"net_income_continuing","","32.168","63.973","79.063","51.983","204.1","369.193","342.814","381.182","372.208","592.2910000000001","721.077","733.361","1030.717","1002.162","925.12","1069.989","1206.449","1307.086","1247.391","1289.938","382.442","1423","1485","1639","1974","1955","1840","2167","2543","1798","2505","2729","2704","2890","2833","2158","3672","3528","2774","3163","3695","3650","3419","2924","3708","3515","3931","3979","4923","4207","4877","5061","5333","5426","3524","6732","-3020","9401","3195","9192","8948","6657","9947","7068","10671","6836","6959","11247","15227","17930","18525","18936","20642","16436","16002","13910"
"net_income_discontinued","","","","","","","","","","","","","","","","","","","","","","","","","","","","","","","","","","","","-48","18","-786","-182","454","-193","-506","-198","-68","-185","967","","","","","","","","","","","","","","","","","","","","","","","","","","","","","","",""
"income_allocated_to_minority_interest","","","","","","","","","","","","","","","","","","","","","","","","","","","","","","","","","","","","","","","","","","","","","","","","","","","","","","","","","","","","","","","","","","","","","","","","","","","","",""
"other_income_statement_items","","","","","","","","","","","","","","","","","","","","","","","","","","","","","","","","","","","","","","","","","","","","","","","","","","","","","","","","","","","","","","","","","","","","","","","","","","","","",""
"net_income","","32.168","63.973","79.063","51.983","204.1","369.193","342.814","381.182","372.208","592.2910000000001","721.077","733.361","1030.717","1002.162","925.12","1069.989","1206.449","1307.086","1247.391","1289.938","382.442","1423","1485","1639","1974","1955","1840","2167","2543","1798","2505","2729","2704","2890","2785","2176","2886","3346","3228","2970","3189","3452","3351","2739","4675","3515","3931","3979","4923","4207","4877","5061","5333","5426","3524","6732","-3020","9401","3195","9192","8948","6657","9947","7068","10671","6836","6959","11247","15227","17930","18525","18936","20642","16436","16002","13910"
"preferred_dividends","","","","","","","","","","","","","","","","","","","","","","","","","","","","","","","","","","","","","","","","","","","","","","","","","","","","","","","","","","","","","","","","","","","","","","","","","","","","",""
"net_income_available_to_shareholders","","32.168","63.973","79.063","51.983","204.1","369.193","342.814","381.182","372.208","592.2910000000001","721.077","733.361","1030.717","1002.162","925.12","1069.989","1206.449","1307.086","1247.391","1289.938","382.442","1423","1485","1639","1974","1955","1840","2167","2543","1798","2505","2729","2704","2890","2785","2176","2886","3346","3228","2970","3189","3452","3351","2739","4675","3515","3931","3979","4923","4207","4877","5061","5333","5426","3524","6732","-3020","9401","3195","9192","8948","6657","9947","7068","10671","6836","6959","11247","15227","17930","18525","18936","20642","16436","16002","13910"
"eps_basic","-7500.11","0.01","0.02","0.03","0.01","0.05","0.07000000000000001","0.06","0.07000000000000001","0.06","0.1","0.12","0.12","0.17","0.16","0.15","0.17","0.19","0.21","0.2","0.21","0.06","0.23","0.24","0.26","0.31","0.31","0.29","0.34","0.4","0.28","0.39","0.42","0.42","0.44","0.43","0.33","0.44","0.51","0.24","0.22","0.5","0.26","0.25","0.2","0.35","0.26","0.25","0.29","0.36","0.31","0.36","0.37","0.39","0.39","0.26","0.49","-0.22","0.68","0.23","0.66","0.64","0.48","0.72","0.51","0.78","0.5","0.51","0.83","1.13","1.33","1.38","1.42","1.56","1.25","1.22","1.07"
"eps_diluted","-7500.11","0.01","0.01","0.02","0.01","0.04","0.07000000000000001","0.06","0.07000000000000001","0.06","0.1","0.12","0.12","0.17","0.16","0.15","0.17","0.19","0.21","0.2","0.2","0.06","0.23","0.23","0.26","0.31","0.3","0.29","0.34","0.39","0.28","0.38","0.42","0.41","0.44","0.42","0.33","0.43","0.5","0.24","0.22","0.5","0.25","0.24","0.2","0.35","0.26","0.25","0.29","0.35","0.3","0.35","0.36","0.38","0.39","0.25","0.48","-0.22","0.67","0.23","0.65","0.64","0.48","0.71","0.51","0.77","0.49","0.51","0.82","1.12","1.32","1.36","1.4","1.54","1.23","1.21","1.06"
"shares_basic","1340.639","2714.199","3046.332","3108.819","4100.138","5223.418","5322.118","5414.578","5502.598","5828.218","5877.918","6028.198","6067.998","6138.098","6186.298","6208.718","6224.418","6245.038","6262.577","6276.337","6284.817","6292.977","6305.037","6318.017","6329.937","6344.697","6357.897","6366.997","6372.337","6398.937","6430.537","6444.557","6463.097","6483.997","6505.977","6525.437","6555.697","13186.383","6609.077","13299.195","13344.635","13393.395","13451.735","13502.295","13541.935","13578.815","13618.295","13672.335","13728.695","13750.714","13750.354","13724.375","13751.214","13796.294","13831.094","13839.174","13869.694","13867.694","13895.034","13898.694","13912.674","13904.772","13897.374","13879.374","13854.814","13776.072","13729.294","13635.354","13588.974","13511.614","13464.394","13378.994","13315","13253.976","13203.414","13132.994","13018"
"shares_diluted","1340.639","5147.218","5331.081","5325.258","5494.698","5718.838","5732.238","5744.758","5793.458","6079.458","6082.458","6200.758","6211.478","6269.137","6297.397","6309.377","6331.517","6358.517","6347.837","6360.457","6355.517","6337.317","6344.417","6370.717","6394.917","6443.217","6452.157","6449.717","6447.537","6510.677","6527.657","6520.717","6548.777","6579.977","6602.717","6615.857","6666.277","13186.383","6733.257","13533.475","13569.395","13640.075","13704.235","13727.255","13764.294","13769.774","13789.954","13817.554","13886.374","13940.494","13986.214","13936.934","13968.794","14004.534","14040.714","14070.054","14074.314","14101.614","14102.674","14064.934","14077.174","14017.992","14017.574","13999.074","13963.974","13903.852","13845.334","13740.474","13717.014","13659.374","13641.414","13591.994","13530","13449.896","13351.014","13238.994","13097"
"cash_and_equiv","","","","254.698","344.469","426.873","482.572","753.472","5518.569","3877.174","2935.179","4015.922","3038.341","3544.671","4081.34","4493.652","5106.404","6081.593","6519.749","7363.536","8370.468999999999","8656.672","10426.291","11911.351","12087.115","10198","9192","10713","11257","13630","12415","10320","10630","9983","23108","15437","16260","14778","15375","16164","15242","18898","16639","19620","15605","18347","16976","18453","18068","16549","15111","13627","9406","12918","18132","15711","10581","10715","12658","14148","13443","16701","19148","16587","16032","18498","19644","17742","20129","26465","26622","23630","23719","20945","20886","17936","21984"
"st_investments","","","","293.989","1513.887","1705.424","2024.726","2194.495","2111.578","4157.073","5493.849","5805.71","7390.374","7699.243","7854.579","8009.883","7980.941","8137.02","5614.759","5370.133","6042.14","7189.099","7358.642","7432.655","9907.276","14287","17322","19346","22123","21345","24260","28798","31930","34643","26208","27685","29464","33310","34723","38268","41281","39819","42740","41584","46552","46048","48460","51327","54699","56517","60153","64833","73650","73415","74307","79002","89562","91156","90227","88106","92973","92439","94340","104469","105145","101177","97585","103338","112467","110229","108482","112233","118284","118704","113084","107061","94275"
"receivables","","","","236.234","348.127","382.345","441.932","492.004","541.8150000000001","687.976","844.378","885.088","1031.055","1322.34","1477.09","1648.68","1887.86","2307.774","2560.909","2641.901","2541.492","2642.192","2543.105","2847.755","2879.604","3201","3084","3617","4719","5002","4818","5843","5861","6172","5713","7341","7809","8585","8670","8163","8592","9390","8421","9539","10019","10849","10310","10019","10436","13909","12972","12762","12395","14232","12969","14877","15577","18705","16814","17244","18067","21193","19260","21317","21081","27492","23735","21595","25513","31384","28499","32851","34800","40270","35622","37073","36176"
"inventories","","","","","","","","","","","","","","","","","","","","","","","","","","","","","","","","","","35","","634","618","505","648","342","235","","337","293","279","","","","","491","","","559","268","280","398","765","749","636","698","1212","1107","1053","964","1401","999","889","815","835","728","888","907","1278","1170","1369","1980","3156"
"other_current_assets","","","","96.968","153.728","178.823","209.244","209.239","210.723","278.848","282.551","351.387","398.473","473.593","667.765","705.308","758.556","762.751","769.514","941.2670000000001","1008.75","1690.219","1752.764","1643.092","1479.549","1481","1534","1485","1348","1585","1817","1481","1621","1925","1830","2760","2670","3276","3392","3924","3508","4779","7177","6869","7660","3412","4567","4365","4900","2648","2719","3016","2536","4575","3106","2398","2860","2983","3426","3961","4007","4236","4406","4100","4699","4412","5165","5579","5425","5490","7646","6076","6029","7054","6892","8321","10518"
"total_current_assets","","","","881.889","2360.211","2693.465","3158.474","3649.21","8382.684999999999","9001.071","9555.957","11058.107","11858.243","13039.847","14080.774","14857.523","15733.761","17289.138","15464.931","16316.837","17962.851","20178.182","22080.802","23834.853","26353.544","29167","31132","35161","39447","41562","43310","46442","50042","52758","56859","53857","56821","60454","62808","66861","68858","72886","75314","77905","80115","78656","80313","84164","88103","90114","90955","94238","98546","105408","108794","112386","119345","124308","123761","124157","129702","135676","138207","147437","148358","152578","147018","149069","164369","174296","172137","175697","184110","188143","177853","172371","166109"
"equity_and_other_investments","","","","","","","","","","","","","1028.591","1031.85","1030.952","1038.804","1048.138","1059.694","1056.966","1067.52","1100.896","85.16","100.999","93.925","110.372","129","154","377","485","523","666","893","891","790","880","1040","1063","1469","1470","1564","1843","1976","2123","2415","2470","3079","4090","4409","4813","5183","5577","5820","5705","5878","6131","6642","7269","7813","10976","11487","12673","13859","14474","12112","12488","13078","12367","12961","14656","20703","25294","25532","26101","29549","30544","30665","30419"
"ppe_gross","","","","394.3","436.191","583.068","678.981","780.749","1173.116","1417.425","1749.568","2452.055","2957.58","3289.594","3876.274","4401.193","4914.422","5519.912","6430.853","7013.003","7325.792","7576.341","7697.487","7905.528","8043.9","8130","8219","8525","9383","11771","12509","13495","13815","14400","14963","16137","17038","17697","18260","19255","21722","23837","25719","27574","29292","32746","34843","37112","38908","40146","41995","43904","46094","47527","50321","53341","56358","59647","67801","71876","77128","82507","94095","101143","107746","115148","120903","125859","132233","138673","143556","150053","154822","159971","169169","173656","177552"
"accumulated_depreciation","","","","-73.58199999999999","-73.58199999999999","-204.152","-204.152","-204.152","-370.038","-455.676","-539.8869999999999","-652.289","-783.266","-894.355","-1049.557","-1181.913","-1325.608","-1480.651","-1689.129","-1875.293","-2112.625","-2342.498","-2575.382","-2899.628","-3126.409","-3285","-3446","-3605","-3877","-4012","-4260","-4492","-4611","-4797","-5088","-5228","-5637","-5843","-5960","-6343","-6855","-7313","-7842","-8088","-8311","-8863","-9395","-10104","-10570","-11130","-11833","-12491","-13341","-13293","-14385","-15665","-16238","-17264","-18956","-20204","-21828","-22788","-24730","-26539","-28153","-30561","-32937","-35544","-38651","-41713","-43352","-45378","-47273","-49414","-51959","-54035","-55512"
"ppe_net","","","","320.718","362.609","378.916","474.829","576.597","803.078","961.749","1209.681","1799.766","2174.314","2395.239","2826.717","3219.28","3588.814","4039.261","4741.724","5137.71","5213.167","5233.843","5122.105","5005.9","4917.491","4845","4773","4920","5506","7759","8249","9003","9204","9603","9875","10909","11401","11854","12300","12912","14867","16524","17877","19486","20981","23883","25448","27008","28338","29016","30162","31413","32753","34234","35936","37676","40120","42383","48845","51672","55300","59719","69365","74604","79593","84587","87966","90315","93582","96960","100204","104675","107549","110557","117210","119621","122040"
"intangible_assets","","","","103.755","145.475","193.887","186.251","216.604","228.603","82.783","160.569","146.598","177.401","346.84","326.522","339.583","485.249","446.594","1203.971","1138.986","1047.713","996.694","910.3390000000001","856.389","823.245","775","790","904","993","1044","1016","1381","1474","1578","1541","7862","7754","7473","7324","6558","6290","6066","5317","5234","4744","4607","4380","4213","4023","3847","3657","3452","3367","3307","3137","2933","2883","2692","2809","2662","2448","2220","2063","1902","1747","1979","1840","1697","1520","1445","1823","1626","1549","1417","1313","1377","2192"
"goodwill","","","","","","","","","","194.9","318.81","318.6","337.15","1545.12","1620.57","1723.12","2277.4","2299.37","4791.4","4853.81","4821.65","4839.85","4830.32","4836.91","4849.22","4903","5122","5788","6099","6256","6308","6677","6989","7346","7325","10120","10485","10537","10595","11396","11426","11492","14177","14586","15461","15599","15573","15610","15675","15869","15866","15841","16028","16468","16547","16604","16731","16747","17862","17895","17895","17888","17943","18000","18069","20624","20734","20824","20870","21175","22341","22406","22623","22956","23010","23949","28834"
"other_lt_assets","46.872","","","21.66","20.223","47.083","45.645","55.307","36.63500000000199","31.310000000001","49.853000000001","1072.935","117.533","114.455","129.903","245.575","207.288","201.749","345.99","664.923","660.697","433.846","468.464","530.783","648.97300000001","678","900","895","812","707","411","465","488","499","664","2263","2206","2011","2195","1891","1784","1976","1718","1982","2010","3363","3596","3403","3329","3432","3530","3528","3549","2202","2211","2380","3188","3352","2682","3737","3520","3430","3297","3046","2789","3063","3478","3626","4246","5037","5296","5451","5471","6646","7166","7202","8661"
"total_assets","46.872","","","1328.022","2888.518","3313.351","3865.199","4497.718","9451.001","10271.813","11294.87","14396.006","15693.232","18473.351","20015.438","21423.885","23340.65","25335.806","27604.982","29179.786","30806.974","31767.575","33513.029","35158.76","37702.845","40497","42871","48045","53342","57851","59960","64861","69088","72574","77144","86051","89730","93798","96692","101182","105068","110920","116526","121608","125781","129187","133400","138807","144281","147461","149747","154292","159948","167497","172756","178621","189536","197295","206935","211610","221538","232792","245349","257101","263044","275909","273403","278492","299243","319616","327095","335387","347403","359268","357096","355185","358255"
"accounts_payable","","","","61.83","49.557","32.672","75.444","105.572","87.346","115.575","145.911","179.441","207.348","211.169","181.828","136.483","231.883","282.106","358.122","439.281","240.706","178.004","196.22","221.914","192.743","216","329","397","528","483","516","567","563","588","760","2419","2233","2012","2094","1758","2124","2453","1623","1345","1368","1715","1688","1315","1549","1931","1667","1716","2175","2041","2306","2488","2674","3137","3526","3369","3789","4378","3710","3925","4142","5561","4099","4064","4391","5589","4801","4708","4616","6037","3436","4409","6303"
"tax_payable","","","","","","","","","","","","","188.613","","37.857","","","","177.43","143.113","99.959","81.54900000000001","317.799","","","","450","","","37","","","","197","239","157","45","240","","","","24","","","","96","123","948","215","302","330","185","171","554","803","133","221","881","1343","1189","","69","761","536","131","274","913","975","1099","1485","1893","1811","4170","808","4344","1956","1025"
"current_accrued_liabilities","","","","168.42","199.999","269.286","275.18","294.59","390.748","528.936","542.381","606.42","519.133","636.611","748.189","729.1950000000001","908.582","987.033","1272.669","1072.404","1060.576","1012.81","1452.898","1551.287","1876.81","2246","1850","2178","1593","1846","2335","2409","2117","2538","2412","3925","4421","4729","4444","4758","4543","5484","4979","5369","5694","6360","6249","6219","6497","7097","6744","6847","7382","9086","8326","8812","9663","11278","10760","11075","11821","13796","14312","14869","16682","18379","16914","18505","20205","23274","22362","23162","24174","27847","29230","29377","32151"
"st_debt","","","","3.751","3.026","1.902","1.31","0.291","0.01","","","","","","","","","","","","","","","","","","","","2122","3465","3216","1217","1218","1218","2468","3218","3218","2549","2150","3000","3000","3000","3000","2000","2000","1999","2000","2999","2999","3000","2998","1999","","","","","","","1329","","","","","","","","","","","","","","","","","",""
"current_deferred_revenue","","","","18.256","21.888","36.508","41.394","47.917","55.654","73.099","80.172","83.286","88.35899999999999","105.136","105.771","122.566","146.129","178.073","194.066","197.433","200.378","218.084","216.937","227.761","252.221","285","293","302","322","394","440","489","489","547","594","767","905","895","882","799","907","1062","947","882","820","752","699","712","705","788","933","900","923","1099","1148","1226","1269","1432","1596","1714","1752","1784","1667","1717","1679","1908","1938","2061","2302","2543","2690","2715","2968","3288","3198","3272","3585"
"current_deferred_tax_liability","","","","","","","","","","","","","","","","","","","","","","","","","","","","","","","","","","","","","","","","","","","","","","","","","","","","","","","","","","","","","","","","","","","","","","","","","","","","",""
"other_current_liabilities","","","","","5.6843418860808E-14","5.6843418860808E-14","-5.6843418860808E-14","","26.09","27.774","211.56","108.283","212.594","351.671","180.708","330.951","496.073","588.39","458.188","493.284","622.658","811.643","","","","","","2870","3965","3771","2825","3116","4501","3825","3269","3542","3612","3912","3682","5014","3892","3876","5712","7492","8029","5847","3568","5160","6254","5967","4789","5474","3672","3976","2673","6026","6866","7455","6840","12556","13939","14593","14460","15953","16590","17900","15013","16637","18668","22249","21819","21308","23753","24085","19473","20043","20630"
"total_current_liabilities","","","","252.257","274.47","340.368","393.328","448.37","559.848","745.384","980.024","977.4299999999999","1216.047","1304.587","1254.353","1319.195","1782.667","2035.602","2460.475","2345.515","2224.277","2302.09","2183.854","2000.962","2321.774","2747","2922","5747","8530","9996","9332","7798","8888","8913","9742","14028","14434","14337","13252","15329","14475","15908","16270","17097","17920","16779","14336","17362","18457","19310","17684","17341","14323","16756","15256","18685","20693","24183","25394","29903","31301","34620","34910","37000","39224","45221","40189","43658","48200","56834","55453","55741","61782","64254","61948","61354","65979"
"lt_debt","","","","","","","","","","","","","","","","","","","","","","","","","","","","","","","","2985","2986","2986","2987","2987","2988","2988","2989","1989","1990","1990","2991","2991","2992","2992","2993","1994","1994","1995","1987","1984","3938","3935","3937","3939","3941","3943","3944","3947","3948","3950","3952","3954","3956","4554","3960","2963","13902","12832","13887","14328","14288","12844","12847","12850","12854"
"noncurrent_capital_leases","","","","0.456","0.063","","","","","","","","","","","","","","","","","","","","","","","","","","","","","","","","","","","","248","246","243","241","238","236","233","231","","","","","","","","16","23","26","29","34","38","62","8320","9208","9792","10214","11532","11764","10984","12246","11382","11619","11471","13362","13307","13581","13783"
"pension_liabilities","","","","","","","","","","","","","","","","","","","","","","","","","","","","","","","","","","","","","","","","","","","","","","","","","","","","","","","","","","","","","","","","","","","","","","","","","","","","",""
"noncurrent_deferred_revenue","","","","42.199","","","","44.18","37.051","35.419","","","16.794","60.427","39.8","21.673","23.676","30.249","31.748","53.13","50.412","42.333","30.146","31.675","35.846","42","36","31","33","35","32","157","294","331","426","1606","1561","1972","2057","2037","2222","2086","1951","1718","1708","862","1938","1862","2109","340","730","802","562","428","927","714","497","770","709","837","1635","1660","1673","2279","2111","2059","2429","2194","2427","4042","4936","5213","4061","5792","3342","1396","1070"
"other_lt_liabilities","19.638","","","16.111","24.962","43.927","45.009","51.311","61.034","72.053","71.578","61.568","63.304","68.497","344.075","423.409","497.536","580.276","775.224","868.126","1057.423","1184.29","1450.934","1531.267","1623.472","1704","1630","1654","1489","1579","1745","1930","2090","2199","2277","2709","2719","2786","2921","2975","3144","3381","3360","3812","4108","4458","5452","5575","5480","5485","5777","6286","7022","7342","7687","6981","7282","15871","16034","14889","14776","14872","13022","12468","12992","12419","11634","10591","10810","11118","11424","10921","11234","11381","11648","10585","10943"
"total_liabilities","19.638","","","311.023","299.495","384.295","438.337","543.861","657.933","852.856","1051.602","1038.998","1296.145","1433.511","1638.228","1764.277","2303.879","2646.127","3267.447","3266.771","3332.112","3528.713","3664.934","3563.904","3981.092","4493","4588","7432","10052","11610","11109","12870","14258","14429","15432","21330","21702","22083","21219","22330","22079","23611","24815","25859","26966","25327","24952","27024","28040","27130","26178","26413","25845","28461","27807","30335","32436","44793","46110","49610","51698","55164","61877","64909","68075","74467","69744","71170","86323","97072","97082","97822","102836","107633","103092","99766","104629"
"common_stock","","","","","","","","","","","","","","","","","","","","","","","","","","15817","318","318","17435","18235","18804","19216","19697","20264","20795","21357","22204","22835","23429","24334","25004","25922","26652","27111","27948","28767","29527","30722","31864","32982","33695","34293","35337","36307","37698","38509","39609","40247","41487","42243","43111","45049","46532","47937","49040","50552","53688","55937","57307","58510","59436","60436","61193","61774","62832","64402","66258"
"preferred_stock","","","","79.86","","","","","","","","","","","","","","","","","","","","","","","","","","","","","","","","","","","","","","","","","","","","","","","","","","","","","","","","","","","","","","","","","","","","","","","","",""
"retained_earnings","","","","334.388","386.371","590.471","959.664","1302.478","1683.66","2055.868","2648.159","3369.236","4102.597","5133.314","6128.368","7053.489","8123.478","9334.772000000001","10641.858","11889.249","13179.188","13561.63","14984.458","16469.003","18107.978","20082","21949","23158","25324","27868","29666","32172","34901","37605","40495","43280","45456","48342","51688","54916","57886","61262","64714","68136","70949","75066","79292","81990","85969","89223","91168","94737","99798","105131","109420","111505","118237","113247","120008","121282","128405","134885","138720","145346","147125","152122","151068","151681","155567","163401","170580","176939","183782","191484","195221","196845","196220"
"aoci","","","","-354.296","-294.92","-244.034","-206.204","-186.289","-125.369","-114.996","-10.363","-26.924","4.462","23.311","36.942","29.248","81.544","113.373","133.415","119.181","101.162","226.579","168.82","81.434","232.785","105","163","346","531","138","381","603","232","276","422","84","368","538","356","-398","99","125","345","502","-82","27","-371","-929","-1592","-1874","-1294","-1151","-1032","-2402","-2169","-1728","-746","-992","-670","-1525","-1676","-2306","-1780","-1091","-1196","-1232","-1097","-296","46","633","-3","190","-408","-1623","-4049","-5828","-8852"
"apic","","","","956.8819999999999","2497.299","2582.352","2673.131","2837.395","7234.487","7477.792","7605.177","10014.393","10289.724","11882.906","12211.59","12576.56","12831.437","13241.221","13561.948","13904.271","14194.197","14450.338","14694.501","15044.103","15380.673","","15853","16791","","","","","","","","","","","","","","","","","","","","","","","","","","","","","","","","","","","","","","","","","","","","","","","","",""
"treasury_stock","","","","","","","","","","","","","","","","","","","","","","","","","","","","","","","","","","","","","","","","","","","","","","","","","","","","","","","","","","","","","","","","","","","","","","","","","","","","",""
"other_equity","27.234","","","0.16500000000008","0.27300000000014","0.26700000000028","0.27100000000019","0.27300000000014","0.28999999999905","0.29299999999967","0.29500000000007","0.30299999999988","0.30400000000009","0.30899999999747","0.30999999999767","0.31100000000151","0.31199999999808","0.31299999999828","0.31399999999849","0.31399999999849","0.31500000000233","0.31500000000233","0.31599999999889","0.31599999999889","0.31699999999546","","","","","","","","","","","","","","","","","","","","","","","","","","","","","","","","","","","","","","","","","","","","","","","","","","","",""
"minority_interest_liability","","","","","","","","","","","","","","","","","","","","","","","","","","","","","","","","","","","","","","","","","","","","","","","","","","","","","","","","","","","","","","","","","","","","","","","","","","","","",""
"total_equity","27.234","","","1016.999","2589.023","2929.056","3426.862","3953.857","8793.067999999999","9418.957","10243.268","13357.008","14397.087","17039.84","18377.21","19659.608","21036.771","22689.679","24337.535","25913.015","27474.862","28238.862","29848.095","31594.856","33721.753","36004","38283","40613","43290","46241","48851","51991","54830","58145","61712","64721","68028","71715","75473","78852","82989","87309","91711","95749","98815","103860","108448","111783","116241","120331","123569","127879","134103","139036","144949","148286","157100","152502","160825","162000","169840","177628","183472","192192","194969","201442","203659","207322","212920","222544","230013","237565","244567","251635","254004","255419","253626"
"total_liabilities_and_equity","46.872","","","1328.022","2888.518","3313.351","3865.199","4497.718","9451.001","10271.813","11294.87","14396.006","15693.232","18473.351","20015.438","21423.885","23340.65","25335.806","27604.982","29179.786","30806.974","31767.575","33513.029","35158.76","37702.845","40497","42871","48045","53342","57851","59960","64861","69088","72574","77144","86051","89730","93798","96692","101182","105068","110920","116526","121608","125781","129187","133400","138807","144281","147461","149747","154292","159948","167497","172756","178621","189536","197295","206935","211610","221538","232792","245349","257101","263044","275909","273403","278492","299243","319616","327095","335387","347403","359268","357096","355185","358255"
"cfo_net_income","","32.168","63.973","79.063","51.983","204.1","369.193","342.814","381.182","372.208","592.2910000000001","721.077","733.361","1030.717","1002.162","925.12","1069.989","1206.449","1307.086","1247.391","1289.939","382.442","1423","1484","1639","1974","1955","1840","2167","2543","1798","2506","2729","2704","2890","2785","2176","2886","3346","3228","2970","3189","3452","3270","2739","4675","3515","3931","3979","4923","4207","4877","5061","5333","5426","3524","6732","-3020","9401","3195","9192","8948","6657","9947","7068","10671","6836","6959","11247","15227","17930","18525","18936","20642","16436","16002","13910"
"cfo_da","","","","","","","56.193","66.929","75.965","94.72499999999999","111.158","126.221","145.31","189.25","204.992","223.355","249.375","289.936","336.524","391.607","386.246","385.51","403","377","379","365","331","342","342","381","401","455","492","503","511","670","828","953","899","1030","974","1036","1086","1079","1547","1267","1177","1234","1248","1404","1371","1490","1596","1687","1503","1625","1761","2026","1986","2114","2355","2580","2613","2835","2920","3413","3108","3386","3478","3725","2753","2945","3304","3439","3782","3899","4046"
"cfo_receivables","","","","","","","-60.069","-44.518","-120.496","-147.207","-155.221","-37.99","-150.145","-280.656","-153.562","-171.472","-234.391","-277.822","-223.493","-72.883","78.05","-116.138","97","-139","-85","-377","46","-243","-259","-673","181","-205","-223","-909","301","-222","-307","-559","256","-194","-516","-853","267","-721","-36","-1151","698","-767","-267","-1758","818","-835","-282","-2279","1267","-836","-1150","-3049","1700","-312","-670","-2887","1172","-1146","-1","-4365","2602","-80","-3601","-5445","2794","-3661","-2409","-5819","4364","-1969","-97"
"cfo_inventory","","","","","","","","","","","","","","","","","","","","","","","","","","","","","","","","","","","-32","202","18","113","-142","-16","112","-188","","","","","","","","","","","","","","","","","","","","","","","","","","","","","","","","","","",""
"cfo_prepaid_expenses","","","","","","","-29.571","6.629","-1.703","-27.018","-26.525","-41.449","-199.785","-21.398","-185.478","-22.046","-29.738","-61.427","-41.584","-141.219","12.844","22.827","78","10","225","-51","-157","-34","-164","-59","-78","-69","19","-104","-276","-912","-27","683","-212","-136","199","-781","-308","827","-13","-47","43","19","142","-522","185","-24","","","","","","","","","","","","","","","","","","","","","","","","",""
"cfo_other_working_capital","","","","","","","67.59099999999999","86.64100000000001","169.141","123.157","261.722","144.38","439.904","207.912","309.485","253.864","447.473","443.659","254.352","159.791","166.168","228.517","38","-310","456","544","141","-119","414","1008","137","213","380","1288","-514","1437","748","245","-1367","768","619","2607","-748","716","948","938","-62","1696","-13","382","-1175","2118","1919","2855","-1346","1120","864","12376","-635","3792","538","3382","-79","409","1686","3143","-5560","2407","4357","7147","-4027","2790","5215","3594","-3467","-2248","893"
"cfo_change_in_working_capital","","","","","","","-22.049","48.752","46.942","-51.068","79.976","64.941","89.974","-94.142","-29.555","60.346","183.344","104.41","-10.725","-54.311","257.062","135.206","213","-439","596","116","30","-396","-9","276","240","-61","176","275","-521","505","432","482","-1465","422","414","785","-789","822","899","-260","679","948","-138","-1898","-172","1259","1637","576","-79","284","-286","9327","1065","3480","-132","495","1093","-737","1685","-1222","-2958","2327","756","1702","-1233","-871","2806","-2225","897","-4217","796"
"cfo_deferred_tax","","","","","","","","","","","","","","","-61.402","-121.039","-2.079","20.308","-38.214","-67.676","-18.707","-100.048","-13","-101","-174","20","-13","9","27","-14","289","175","62","-183","354","-163","-168","-289","202","63","-140","-562","144","-282","-360","394","71","-221","-416","387","414","-50","-245","-157","613","-75","-296","16","-18","-139","880","55","-73","693","-239","-208","175","-591","136","1670","1100","379","-1287","1616","-2090","-2147","-1920"
"cfo_stock_comp","","","","","","","","","","","114.66","109.15","99.86","134.43","183.87","241.52","197.96","245.3","280.78","272.78","280.04","286.17","277","294","317","276","291","309","380","396","432","434","571","537","556","658","762","716","708","847","886","902","887","915","1290","1187","1203","1132","1432","1436","1494","1503","1860","1846","2009","2003","1820","1847","2457","2413","2230","2253","2769","2756","2624","2645","3191","3382","3195","3223","3745","3803","3874","3954","4504","4782","4976"
"cfo_other_noncash_items","","-32.168","-63.973","-79.063","-51.983","-204.1","126.285","166.124","142.658","242.569","-73.28100000000001","-180.803","-64.181","-349.461","-80.474","-99.376","-65.946","-173.155","-96.005","-23.637","-9.6220000000003","1033.019","-53","-6","-31","-20","-10","-19","-21","-56","12","10","-80","88","-96","-203","-26","-79","-57","-885","-21","-112","-389","-177","-121","-251","77","72","40","357","344","41","-64","128","76","42","141","72","-3249","-931","-1315","-1344","-1059","-2867","1408","-872","1099","-1470","-1809","-2870","-5006","-2891","-2094","-2492","1577","1103","1545"
"cf_cfo","","","","","","","529.622","624.619","646.747","658.434","824.804","840.586","1004.324","910.794","1219.593","1229.926","1632.643","1693.248","1779.446","1766.154","2184.958","2122.299","2250","1609","2726","2731","2584","2085","2886","3526","3172","3519","3950","3924","3694","4252","4004","4669","3633","4705","5083","5238","4391","5627","5994","7012","6722","7096","6145","6609","7658","9120","9845","9413","9548","7403","9872","10268","11642","10132","13210","12987","12000","12627","15466","14427","11451","13993","17003","22677","19289","21890","25539","24934","25106","19422","23353"
"cfi_ppe_net","","","","","","","-142.391","-157.463","-292.532","-245.831","-344.938","-699","-492.222","-366.638","-596.893","-575.098","-552.64","-678.2089999999999","-841.597","-697.5170000000001","-451.503","-367.844","-263","-139","-187","-221","-239","-476","-758","-2545","-890","-917","-680","-951","-607","-774","-872","-1020","-1203","-1611","-2289","-2255","-2345","-2646","-2417","-3606","-2927","-2515","-2406","-2102","-2428","-2123","-2357","-3064","-2467","-2818","-3511","-4289","-7269","-5477","-5282","-7081","-4638","-6126","-6732","-6052","-6005","-5391","-5406","-5479","-5942","-5496","-6819","-6383","-9786","-6828","-7276"
"cfi_acquisitions_net","","","","","","","","","","","-187.964","-0.542","-69.306","-144.634","-34.441","-173.099","-615.552","-83.559","-3125.113","-187.157","24.562","-32.591","-2","-3","-35","-68","-190","-229","-440","-208","-148","-715","-487","-550","-92","-10055","-525","104","-251","-1050","-27","-120","-2947","-543","-1142","-256","-64","-78","-102","8","-34","-38","-252","-662","-101","-42","-130","-14","-1250","-184","-18","-39","-99","-148","-126","-2142","-190","-165","-13","-370","-1666","-308","-259","-385","-173","-1063","-5649"
"cfi_investment_net","","","","","","","-324.937","-166.834","115.988","-2042.883","-1355.715","-1368.096","-1552.828","-317.267","-145.796","-191.144","78.506","-113.664","2559.716","-73.959","-710.016","-1416.403","-154","-75","-2388","-4484","-2995","-2026","-3339","404","-2902","-5039","-3398","-2010","8605","-1422","-1680","-4384","-1551","-4467","-2358","1277","-2794","1075","-6084","806","-3193","-3546","-3914","-2557","-3526","-4906","-8371","-976","-1033","-4981","-10763","-2671","673","2268","-5128","215","-685","-4236","-2466","3370","3936","-3011","-9372","-1375","2195","-3293","-3360","-4348","553","3483","11301"
"cfi_intangibles_net","","","","","","","","","","","","","","","","","","","","","","","","","","","","","","","","","","","","","","","","","","","","","","","","","","","","","","","","","","","","","","","","","","","","","","","","","","","","",""
"cfi_other","","","","","","","-4.999999999999901","-24.202","-12.546","-59.562","2.2737367544323E-13","4.5474735088646E-13","-4.5474735088646E-13","-2.2737367544323E-13","3.4106051316485E-13","-1.1368683772162E-13","-2.2737367544323E-13","5.6843418860808E-13","2.2737367544323E-13","1.1368683772162E-13","","2.2737367544323E-13","","","","","","2870","-9","-500","-481","57","1118","-1048","245","-135","-230","-214","564","3325","-1144","-519","779","934","316","-185","-1120","1036","605","-836","-257","-106","-2065","","750","669","","","","19","20","29","34","55","379","121","412","119","-406","-57","30","23","388","100","355","221","791"
"cf_cfi","","","","","","","-472.328","-348.499","-189.09","-2348.276","-1888.617","-2067.638","-2114.356","-828.539","-777.13","-939.341","-1089.686","-875.432","-1406.994","-958.633","-1136.957","-1816.838","-419","-217","-2610","-4773","-3424","139","-4546","-2849","-4421","-6614","-3447","-4559","8151","-12386","-3307","-5514","-2441","-3803","-5818","-1617","-7307","-1180","-9327","-3241","-7304","-5103","-5817","-5487","-6245","-7173","-13045","-4702","-2851","-7172","-14404","-6974","-7846","-3374","-10408","-6876","-5388","-10455","-8945","-4703","-1847","-8448","-15197","-7281","-5383","-9074","-10050","-11016","-9051","-4187","-833"
"cff_common_stock_net","","","","","","","4.097","8.975","","","","","","","14.426","14.398","-9.750999999999999","","","","","","","","","","-97","-704","-65","65","","","","","","","","","","","","","","","","","","","","","-2098","-1595","","","-647","-1618","320","-2101","-2173","-2052","-2200","-2650","-3025","-3577","-5696","-6098","-8496","-6852","-7897","-7904","-11395","-12796","-12610","-13473","-13300","-15197","-15392"
"cff_pfd_net","","","","","","","","","","","","","","","","","","","","","","","","","","","","","","","","","","","","","","","","","","","","","","","","","","","","","","","","","","","","","","","","","","","","","","","","","","","","",""
"cff_debt_net","","","","","-1.118","-1.186","-0.592","-1.019","0.198","-0.012","","","","","","","","","","","","","","","","","","","2121","1342","-251","977","","","1249","749","-1","-669","-401","-151","-2","-3","993","-1004","-3","-4","-3","-3","-3","-14","-6","-1042","-274","-13","-18","-38","-8","-22","1313","-1344","-25","-5","-30","-46","-145","-47","-49","-35","9802","-57","-37","-1042","-42","-115","2","-356","-674"
"cff_dividend_paid","","","","","","","","","","","","","","","","","","","","","","","","","","","","","","","","","","","","","","","","","","","","","","","","","","","","","","","","","","","","","","","","","","","","","","","","","","","","",""
"cff_other","","","","","1.118","1.186","-4.4408920985006E-16","8.8817841970013E-16","4308.095","51.088","119.896","2299.056","129.418","418.028","74.084","105.731","58.762","145.417","28.656","43.577","4.285","11.049","-5","51","29","158","-26","58","11","345","140","-19","-80","40","-19","-110","53","-23","-116","46","-265","35","-171","-458","-452","-988","-493","-558","-606","-2545","-807","-803","-815","-879","-1009","-1084","-1018","-1055","-1158","-1541","-1253","-91","-1128","-1123","-1113","-1181","359","-611","-1359","-1309","-2174","-2153","-2602","-2923","-2916","-2264","-2031"
"cf_cff","","","","","","","3.505","7.956","4308.293","51.076","119.896","2299.056","129.418","418.028","88.51000000000001","120.129","49.011","145.417","28.656","43.577","4.285","11.049","-5","51","29","158","-123","-646","2067","1752","-111","958","-80","40","1230","639","52","-692","-517","-105","-267","32","822","-1462","-455","-992","-496","-561","-609","-2559","-2911","-3440","-1089","-892","-1674","-2740","-706","-3178","-2018","-4937","-3478","-2746","-4183","-4746","-6954","-7326","-8186","-7498","546","-9270","-13606","-15991","-15254","-16511","-16214","-17817","-18097"
"ebitda","","176.306","301.206","529.254","11.112","302.799","498.963","542.627","605.136","754.364","853.857","941.593","1076.641","1249.844","1426.201","1327.97","1567.217","1730.67","1882.759","1969.572","2033.811","2245.715","2287","2251","2453","2846","2819","2707","2889","3363","2697","3336","3550","4510","3900","3907","3568","5421","4647","4495","4735","5465","5201","5337","5271","5666","5624","6059","5956","6784","6713","7458","7363","8326","8071","8493","9543","9722","9619","10230","10980","10801","10918","12015","12097","12679","11085","9769","14691","19376","19190","22306","24335","25324","23876","23352","21181"
"capex","","","","","","","-142.391","-157.463","-292.532","-245.831","-344.938","-699","-492.222","-366.638","-596.893","-575.098","-552.64","-678.2089999999999","-841.597","-697.5170000000001","-451.503","-367.844","-263","-139","-187","-221","-239","-476","-758","-2545","-890","-917","-680","-951","-607","-774","-872","-1020","-1203","-1611","-2289","-2255","-2345","-2646","-2417","-3606","-2927","-2515","-2406","-2102","-2428","-2123","-2357","-3064","-2467","-2818","-3511","-4289","-7269","-5477","-5282","-7081","-4638","-6126","-6732","-6052","-6005","-5391","-5406","-5479","-5942","-5496","-6819","-6383","-9786","-6828","-7276"
"fcf","","","","","","","387.231","467.156","354.215","412.603","479.866","141.586","512.102","544.1559999999999","622.7","654.828","1080.003","1015.039","937.849","1068.637","1733.455","1754.455","1987","1470","2539","2510","2345","1609","2128","981","2282","2602","3270","2973","3087","3478","3132","3649","2430","3094","2794","2983","2046","2981","3577","3406","3795","4581","3739","4507","5230","6997","7488","6349","7081","4585","6361","5979","4373","4655","7928","5906","7362","6501","8734","8375","5446","8602","11597","17198","13347","16394","18720","18551","15320","12594","16077"
"book_value","27.234","","","937.139","2589.023","2929.056","3426.862","3953.857","8793.067999999999","9418.957","10243.268","13357.008","14397.087","17039.84","18377.21","19659.608","21036.771","22689.679","24337.535","25913.015","27474.862","28238.862","29848.095","31594.856","33721.753","36004","38283","40613","43290","46241","48851","51991","54830","58145","61712","64721","68028","71715","75473","78852","82989","87309","91711","95749","98815","103860","108448","111783","116241","120331","123569","127879","134103","139036","144949","148286","157100","152502","160825","162000","169840","177628","183472","192192","194969","201442","203659","207322","212920","222544","230013","237565","244567","251635","254004","255419","253626"
"tangible_book_value","27.234","","","833.384","2443.548","2735.169","3240.611","3737.253","8564.465","9141.273999999999","9763.888999999999","12891.81","13882.536","15147.88","16430.118","17596.905","18274.122","19943.715","18342.164","19920.219","21605.499","22402.318","24107.436","25901.557","28049.288","30326","32371","33921","36198","38941","41527","43933","46367","49221","52846","46739","49789","53705","57554","60898","65273","69751","72217","75929","78610","83654","88495","91960","96543","100615","104046","108586","114708","119261","125265","128749","137486","133063","140154","141443","149497","157520","163466","172290","175153","178839","181085","184801","190530","199924","205849","213533","220395","227262","229681","230093","222600"
"roa","","5.49","","0.48","0.11","0.13","0.2","0.23","0.19","0.15","0.16","0.16","0.16","0.18","0.18","0.18","0.18","0.17","0.17","0.17","0.17","0.14","0.13","0.13","0.14","0.17","0.17","0.16","0.16","0.15","0.14","0.14","0.14","0.14","0.14","0.14","0.12","0.12","0.12","0.12","0.12","0.12","0.11","0.11","0.1","0.11","0.11","0.11","0.11","0.11","0.11","0.12","0.12","0.12","0.12","0.11","0.11","0.07000000000000001","0.08","0.08","0.09","0.14","0.12","0.14","0.13","0.13","0.13","0.11","0.12","0.13","0.16","0.19","0.21","0.22","0.21","0.2","0.19"
"roe","","9.449999999999999","","0.62","0.13","0.14","0.22","0.26","0.2","0.16","0.17","0.18","0.17","0.2","0.2","0.19","0.2","0.19","0.19","0.19","0.19","0.15","0.15","0.15","0.15","0.19","0.19","0.19","0.19","0.19","0.18","0.18","0.18","0.17","0.18","0.18","0.16","0.15","0.15","0.15","0.15","0.15","0.14","0.14","0.13","0.14","0.13","0.13","0.14","0.14","0.14","0.14","0.15","0.14","0.15","0.13","0.14","0.08","0.11","0.1","0.11","0.18","0.16","0.18","0.17","0.17","0.17","0.15","0.17","0.18","0.23","0.27","0.29","0.31","0.29","0.28","0.26"
"roic","","9.449999999999999","","0.62","0.13","0.14","0.22","0.26","0.2","0.16","0.17","0.18","0.17","0.2","0.2","0.19","0.2","0.19","0.19","0.19","0.19","0.15","0.15","0.15","0.15","0.19","0.19","0.19","0.18","0.18","0.16","0.17","0.17","0.16","0.17","0.16","0.15","0.14","0.14","0.14","0.14","0.14","0.13","0.13","0.12","0.13","0.13","0.13","0.14","0.13","0.13","0.14","0.14","0.14","0.14","0.13","0.13","0.08","0.1","0.1","0.11","0.17","0.15","0.17","0.16","0.16","0.16","0.14","0.16","0.17","0.2","0.24","0.26","0.28","0.27","0.26","0.24"
"roce","","30.09","","3.92","0.55","0.41","0.4","0.33","0.27","0.23","0.24","0.23","0.23","0.22","0.22","0.22","0.23","0.23","0.22","0.23","0.22","0.23","0.23","0.23","0.22","0.23","0.23","0.23","0.22","0.21","0.19","0.19","0.19","0.19","0.2","0.19","0.17","0.17","0.17","0.17","0.17","0.16","0.16","0.16","0.15","0.15","0.14","0.14","0.15","0.15","0.15","0.16","0.16","0.16","0.16","0.16","0.17","0.17","0.17","0.17","0.17","0.17","0.16","0.16","0.16","0.16","0.15","0.14","0.14","0.16","0.19","0.23","0.26","0.27","0.28","0.28","0.27"
"rotce","","30.09","","4.34","0.59","0.44","0.42","0.35","0.28","0.24","0.25","0.24","0.23","0.24","0.25","0.25","0.26","0.26","0.27","0.29","0.29","0.29","0.28","0.27","0.27","0.27","0.27","0.27","0.26","0.25","0.23","0.22","0.22","0.22","0.23","0.23","0.23","0.22","0.22","0.21","0.21","0.2","0.19","0.19","0.19","0.18","0.17","0.17","0.17","0.18","0.18","0.18","0.18","0.18","0.19","0.19","0.19","0.19","0.19","0.19","0.19","0.19","0.18","0.18","0.17","0.17","0.17","0.16","0.16","0.18","0.2","0.25","0.28","0.3","0.3","0.31","0.3"
"gross_margin","","0.62","0.52","0.53","0.55","0.5600000000000001","0.5600000000000001","0.57","0.58","0.6","0.6","0.6","0.61","0.6","0.6","0.6","0.61","0.59","0.59","0.6","0.61","0.62","0.62","0.62","0.63","0.64","0.64","0.64","0.65","0.65","0.66","0.65","0.65","0.65","0.64","0.6","0.55","0.73","0.6","0.6","0.61","0.6","0.61","0.62","0.59","0.62","0.63","0.63","0.62","0.62","0.62","0.62","0.61","0.59","0.6","0.6","0.6","0.5600000000000001","0.57","0.57","0.58","0.54","0.5600000000000001","0.5600000000000001","0.57","0.54","0.54","0.52","0.54","0.54","0.5600000000000001","0.58","0.58","0.5600000000000001","0.5600000000000001","0.57","0.55"
"ebitda_margin","","0.57","0.46","0.76","0.01","0.29","0.4","0.39","0.38","0.39","0.38","0.38","0.4","0.39","0.39","0.34","0.37","0.36","0.36","0.37","0.37","0.39","0.42","0.41","0.41","0.43","0.42","0.4","0.4","0.4","0.31","0.37","0.37","0.43","0.37","0.33","0.27","0.53","0.36","0.34","0.34","0.35","0.34","0.33","0.32","0.31","0.33","0.34","0.32","0.32","0.33","0.35","0.33","0.32","0.33","0.33","0.34","0.3","0.31","0.31","0.33","0.28","0.3","0.31","0.3","0.28","0.27","0.26","0.32","0.34","0.35","0.36","0.37","0.34","0.35","0.34","0.31"
"operating_margin","","0.57","0.46","0.76","0.01","0.29","0.35","0.34","0.34","0.34","0.33","0.33","0.35","0.33","0.33","0.29","0.31","0.3","0.3","0.29","0.3","0.33","0.34","0.34","0.35","0.37","0.37","0.35","0.35","0.35","0.27","0.32","0.31","0.38","0.32","0.27","0.21","0.43","0.29","0.26","0.27","0.28","0.27","0.27","0.23","0.24","0.26","0.27","0.25","0.25","0.26","0.28","0.26","0.25","0.27","0.26","0.28","0.24","0.25","0.25","0.26","0.21","0.23","0.24","0.23","0.2","0.19","0.17","0.24","0.28","0.3","0.31","0.32","0.29","0.3","0.28","0.25"
"pretax_margin","","0.34","0.24","0.24","0.02","0.3","0.36","0.36","0.35","0.33","0.36","0.4","0.39","0.37","0.37","0.32","0.35","0.33","0.33","0.3","0.3","0.15","0.34","0.34","0.35","0.38","0.37","0.36","0.37","0.37","0.28","0.34","0.35","0.33","0.33","0.3","0.21","0.45","0.3","0.28","0.27","0.29","0.29","0.28","0.23","0.25","0.27","0.28","0.26","0.24","0.25","0.28","0.27","0.26","0.28","0.17","0.29","0.25","0.34","0.13","0.3","0.26","0.22","0.31","0.21","0.23","0.19","0.22","0.29","0.33","0.38","0.36","0.35","0.32","0.28","0.27","0.23"
"net_income_margin","","0.1","0.1","0.11","0.06","0.2","0.29","0.25","0.24","0.19","0.26","0.29","0.27","0.32","0.27","0.24","0.25","0.25","0.25","0.23","0.23","0.07000000000000001","0.26","0.27","0.28","0.3","0.29","0.27","0.3","0.3","0.21","0.28","0.28","0.26","0.27","0.24","0.16","0.28","0.26","0.25","0.22","0.2","0.22","0.21","0.17","0.26","0.2","0.22","0.21","0.23","0.21","0.23","0.23","0.2","0.22","0.14","0.24","-0.09","0.3","0.1","0.27","0.23","0.18","0.26","0.17","0.23","0.17","0.18","0.24","0.27","0.32","0.3","0.29","0.27","0.24","0.23","0.2"
"fcf_margin","","","","","","","0.31","0.34","0.22","0.21","0.21","0.06","0.19","0.17","0.17","0.17","0.26","0.21","0.18","0.2","0.31","0.31","0.36","0.27","0.43","0.38","0.35","0.24","0.29","0.12","0.27","0.29","0.34","0.28","0.29","0.29","0.24","0.35","0.19","0.24","0.2","0.19","0.13","0.19","0.22","0.19","0.22","0.26","0.2","0.21","0.26","0.33","0.33","0.24","0.29","0.18","0.23","0.18","0.14","0.14","0.23","0.15","0.2","0.17","0.22","0.18","0.13","0.22","0.25","0.3","0.24","0.26","0.29","0.25","0.23","0.18","0.23"
"assets_to_equity","1.72","","","1.31","1.12","1.13","1.13","1.14","1.07","1.09","1.1","1.08","1.09","1.08","1.09","1.09","1.11","1.12","1.13","1.13","1.12","1.12","1.12","1.11","1.12","1.12","1.12","1.18","1.23","1.25","1.23","1.25","1.26","1.25","1.25","1.33","1.32","1.31","1.28","1.28","1.27","1.27","1.27","1.27","1.27","1.24","1.23","1.24","1.24","1.23","1.21","1.21","1.19","1.2","1.19","1.2","1.21","1.29","1.29","1.31","1.3","1.31","1.34","1.34","1.35","1.37","1.34","1.34","1.41","1.44","1.42","1.41","1.42","1.43","1.41","1.39","1.41"
"equity_to_assets","0.58","","","0.77","0.9","0.88","0.89","0.88","0.93","0.92","0.91","0.93","0.92","0.92","0.92","0.92","0.9","0.9","0.88","0.89","0.89","0.89","0.89","0.9","0.89","0.89","0.89","0.85","0.8100000000000001","0.8","0.8100000000000001","0.8","0.79","0.8","0.8","0.75","0.76","0.76","0.78","0.78","0.79","0.79","0.79","0.79","0.79","0.8","0.8100000000000001","0.8100000000000001","0.8100000000000001","0.82","0.83","0.83","0.84","0.83","0.84","0.83","0.83","0.77","0.78","0.77","0.77","0.76","0.75","0.75","0.74","0.73","0.74","0.74","0.71","0.7","0.7","0.71","0.7","0.7","0.71","0.72","0.71"
"debt_to_equity","","","","","","","","","","","","","","","","","","","","","","","","","","","","","0.05","0.07000000000000001","0.07000000000000001","0.08","0.08","0.07000000000000001","0.09","0.1","0.09","0.08","0.07000000000000001","0.06","0.06","0.06","0.07000000000000001","0.05","0.05","0.05","0.05","0.05","0.04","0.04","0.04","0.03","0.03","0.03","0.03","0.03","0.03","0.03","0.03","0.02","0.02","0.02","0.07000000000000001","0.07000000000000001","0.07000000000000001","0.07000000000000001","0.08","0.07000000000000001","0.12","0.11","0.11","0.11","0.11","0.1","0.1","0.1","0.11"
"debt_to_assets","","","","","","","","","","","","","","","","","","","","","","","","","","","","","0.04","0.06","0.05","0.06","0.06","0.06","0.07000000000000001","0.07000000000000001","0.07000000000000001","0.06","0.05","0.05","0.05","0.05","0.05","0.04","0.04","0.04","0.04","0.04","0.03","0.03","0.03","0.03","0.02","0.02","0.02","0.02","0.02","0.02","0.03","0.02","0.02","0.02","0.05","0.05","0.05","0.05","0.06","0.05","0.08","0.08","0.08","0.08","0.07000000000000001","0.07000000000000001","0.07000000000000001","0.07000000000000001","0.07000000000000001"
"revenue_per_share","","0.06","0.12","0.13","0.15","0.18","0.22","0.24","0.27","0.32","0.37","0.4","0.43","0.51","0.58","0.61","0.67","0.76","0.82","0.84","0.87","0.9","0.87","0.87","0.93","1.04","1.05","1.06","1.13","1.3","1.31","1.38","1.48","1.61","1.61","1.78","2","0.78","1.92","0.97","1.01","1.15","1.13","1.16","1.2","1.31","1.25","1.28","1.34","1.53","1.45","1.54","1.61","1.86","1.76","1.85","1.97","2.29","2.21","2.32","2.4","2.8","2.59","2.78","2.9","3.31","2.97","2.79","3.37","4.17","4.05","4.55","4.81","5.6","5.09","5.26","5.28"
"ebitda_per_share","","0.03","0.06","0.1","","0.05","0.09","0.09","0.1","0.12","0.14","0.15","0.17","0.2","0.23","0.21","0.25","0.27","0.3","0.31","0.32","0.35","0.36","0.35","0.38","0.44","0.44","0.42","0.45","0.52","0.41","0.51","0.54","0.6899999999999999","0.59","0.59","0.54","0.41","0.6899999999999999","0.33","0.35","0.4","0.38","0.39","0.38","0.41","0.41","0.44","0.43","0.49","0.48","0.54","0.53","0.59","0.57","0.6","0.68","0.6899999999999999","0.68","0.73","0.78","0.77","0.78","0.86","0.87","0.91","0.8","0.71","1.07","1.42","1.41","1.64","1.8","1.88","1.79","1.76","1.62"
"operating_income_per_share","","0.03","0.06","0.1","","0.05","0.08","0.08","0.09","0.11","0.12","0.13","0.15","0.17","0.19","0.18","0.21","0.23","0.24","0.25","0.26","0.29","0.3","0.29","0.32","0.39","0.39","0.37","0.4","0.46","0.35","0.44","0.47","0.61","0.51","0.49","0.41","0.34","0.5600000000000001","0.26","0.28","0.32","0.3","0.31","0.27","0.32","0.32","0.35","0.34","0.39","0.38","0.43","0.41","0.47","0.47","0.49","0.55","0.55","0.54","0.58","0.61","0.59","0.59","0.66","0.66","0.67","0.58","0.46","0.82","1.15","1.2","1.42","1.55","1.63","1.51","1.47","1.31"
"pretax_income_per_share","","0.02","0.03","0.03","","0.05","0.08","0.09","0.09","0.11","0.13","0.16","0.17","0.19","0.21","0.2","0.23","0.25","0.27","0.26","0.26","0.13","0.3","0.29","0.32","0.4","0.39","0.38","0.42","0.48","0.37","0.47","0.51","0.53","0.54","0.53","0.42","0.35","0.58","0.27","0.28","0.33","0.33","0.32","0.28","0.33","0.33","0.36","0.35","0.37","0.37","0.44","0.43","0.49","0.49","0.31","0.57","0.57","0.75","0.3","0.72","0.72","0.58","0.87","0.62","0.77","0.5600000000000001","0.6","0.97","1.37","1.56","1.62","1.7","1.81","1.42","1.44","1.24"
"fcf_per_share","","","","","","","0.07000000000000001","0.08","0.06","0.07000000000000001","0.08","0.02","0.08","0.09","0.1","0.1","0.17","0.16","0.15","0.17","0.27","0.28","0.31","0.23","0.4","0.39","0.36","0.25","0.33","0.15","0.35","0.4","0.5","0.45","0.47","0.53","0.47","0.28","0.36","0.23","0.21","0.22","0.15","0.22","0.26","0.25","0.28","0.33","0.27","0.32","0.37","0.5","0.54","0.45","0.5","0.33","0.45","0.42","0.31","0.33","0.5600000000000001","0.42","0.53","0.46","0.63","0.6","0.39","0.63","0.85","1.26","0.98","1.21","1.38","1.38","1.15","0.95","1.23"
"book_value_per_share","0.02","","","0.18","0.47","0.51","0.6","0.6899999999999999","1.52","1.55","1.68","2.15","2.32","2.72","2.92","3.12","3.32","3.57","3.83","4.07","4.32","4.46","4.7","4.96","5.27","5.59","5.93","6.3","6.71","7.1","7.48","7.97","8.369999999999999","8.84","9.35","9.779999999999999","10.2","5.44","11.21","5.83","6.12","6.4","6.69","6.98","7.18","7.54","7.86","8.09","8.369999999999999","8.630000000000001","8.84","9.18","9.6","9.93","10.32","10.54","11.16","10.81","11.4","11.52","12.06","12.67","13.09","13.73","13.96","14.49","14.71","15.09","15.52","16.29","16.86","17.48","18.08","18.71","19.03","19.29","19.37"
"tangible_book_per_share","0.02","","","0.16","0.44","0.48","0.57","0.65","1.48","1.5","1.61","2.08","2.23","2.42","2.61","2.79","2.89","3.14","2.89","3.13","3.4","3.53","3.8","4.07","4.39","4.71","5.02","5.26","5.61","5.98","6.36","6.74","7.08","7.48","8","7.06","7.47","4.07","8.550000000000001","4.5","4.81","5.11","5.27","5.53","5.71","6.08","6.42","6.66","6.95","7.22","7.44","7.79","8.210000000000001","8.52","8.92","9.15","9.77","9.44","9.94","10.06","10.62","11.24","11.66","12.31","12.54","12.86","13.08","13.45","13.89","14.64","15.09","15.71","16.29","16.9","17.2","17.38","17"
"payout_ratio","","","","","","","","","","","","","","","","","","","","","","","","","","","","","","","","","","","","","","","","","","","","","","","","","","","","","","","","","","","","","","","","","","","","","","","","","","","","",""
"revenue_growth","","","1.09","0.07000000000000001","","2.31","0.93","0.98","0.96","0.86","0.79","0.77","0.7","0.67","0.63","0.58","0.57","0.51","0.42","0.39","0.31","0.18","0.06","0.03","0.07000000000000001","0.17","0.23","0.23","0.23","0.26","0.27","0.32","0.33","0.25","0.24","0.31","0.37","-0.03","0.22","0.11","0.03","0.53","0.19","0.22","0.2","0.15","0.12","0.11","0.13","0.18","0.17","0.21","0.2","0.22","0.22","0.21","0.24","0.24","0.26","0.26","0.21","0.22","0.17","0.19","0.2","0.17","0.13","-0.02","0.14","0.23","0.34","0.62","0.41","0.32","0.23","0.13","0.06"
"gross_profit_growth","","","0.73","0.11","","1.98","1.11","1.11","1.08","0.98","0.9","0.86","0.78","0.68","0.63","0.58","0.57","0.49","0.4","0.39","0.31","0.22","0.11","0.06","0.1","0.22","0.27","0.27","0.27","0.29","0.3","0.34","0.34","0.25","0.22","0.22","0.16","0.09","0.14","0.11","0.14","0.26","0.21","0.24","0.18","0.18","0.15","0.13","0.18","0.18","0.16","0.2","0.18","0.17","0.19","0.17","0.21","0.17","0.18","0.2","0.17","0.18","0.15","0.15","0.18","0.17","0.09","-0.09","0.09","0.23","0.41","0.8100000000000001","0.5","0.37","0.23","0.11","0.01"
"ebitda_growth","","","0.71","0.76","","0.72","0.66","0.03","53.46","1.49","0.71","0.74","0.78","0.66","0.67","0.41","0.46","0.38","0.32","0.48","0.3","0.3","0.21","0.14","0.21","0.27","0.23","0.2","0.18","0.18","-0.04","0.23","0.23","0.34","0.45","0.17","0.01","0.2","0.19","0.15","0.33","0.01","0.12","0.19","0.11","0.04","0.08","0.14","0.13","0.2","0.19","0.23","0.24","0.23","0.2","0.14","0.3","0.17","0.19","0.2","0.15","0.11","0.14","0.17","0.1","0.17","0.02","-0.19","0.21","0.53","0.73","1.28","0.66","0.31","0.24","0.05","-0.13"
"operating_income_growth","","","0.71","0.76","","0.72","0.47","-0.1","46.62","1.18","0.68","0.71","0.76","0.61","0.64","0.35","0.42","0.36","0.27","0.43","0.25","0.29","0.22","0.19","0.26","0.33","0.32","0.26","0.23","0.2","-0.08","0.22","0.2","0.34","0.48","0.12","-0.1","0.12","0.11","0.07000000000000001","0.37","-0.01","0.1","0.23","-0.01","-0.01","0.08","0.13","0.26","0.22","0.2","0.24","0.22","0.23","0.23","0.15","0.35","0.16","0.16","0.18","0.11","0.07000000000000001","0.09","0.13","0.06","0.13","-0.04","-0.3","0.22","0.6899999999999999","1.06","2.03","0.88","0.4","0.22","","-0.19"
"pretax_income_growth","","","0.47","0.09","","1.94","1.93","1.92","35.72","1.06","0.78","0.97","0.89","0.85","0.67","0.27","0.42","0.36","0.27","0.32","0.13","-0.48","0.1","0.13","0.24","2.08","0.33","0.31","0.31","0.22","-0.05","0.27","0.24","0.11","0.48","0.13","-0.17","0.33","0.1","0.06","0.35","-0.02","0.15","0.19","0.02","","0.03","0.13","0.27","0.15","0.11","0.23","0.24","0.32","0.33","-0.28","0.32","0.17","0.55","-0.04","0.26","0.26","-0.23","1.88","-0.14","0.06","-0.05","-0.32","0.55","0.75","1.74","1.66","0.73","0.31","-0.11","-0.14","-0.3"
"net_income_growth","","","0.99","0.24","","5.34","4.77","3.34","6.33","0.82","0.6","1.1","0.92","1.77","0.6899999999999999","0.28","0.46","0.17","0.3","0.35","0.21","-0.68","0.09","0.19","0.27","4.16","0.37","0.24","0.32","0.29","-0.08","0.36","0.26","0.06","0.61","0.11","-0.2","0.07000000000000001","0.16","0.16","0.36","0.1","0.03","0.04","-0.08","0.47","0.02","0.17","0.45","0.05","0.2","0.24","0.27","0.08","0.29","-0.28","0.33","-1.57","0.73","-0.09","0.37","3.96","-0.29","2.11","-0.23","0.19","0.03","-0.3","0.59","0.43","1.62","1.66","0.68","0.36","-0.08","-0.14","-0.27"
"eps_diluted_growth","","1","1","0.25","1","5.17","4.42","3","5.6","0.65","0.51","0.95","0.79","1.7","0.62","0.26","0.43","0.15","0.3","0.33","0.2","-0.68","0.09","0.19","0.27","4.03","0.35","0.23","0.31","0.27","-0.09","0.34","0.24","0.05","0.59","0.1","-0.22","0.05","0.13","-0.43","-0.33","0.15","-0.49","0.02","-0.09","-0.3","0.01","0.01","0.44","0.02","0.18","0.42","0.26","0.07000000000000001","0.29","-0.28","0.32","-1.58","0.72","-0.1","0.36","3.93","-0.29","2.13","-0.23","0.2","0.04","-0.29","0.62","0.45","1.66","1.68","0.71","0.38","-0.06","-0.11","-0.24"
"shares_diluted_growth","","2.84","0.04","","3.1","0.11","0.08","0.08","0.05","0.06","0.06","0.08","0.07000000000000001","0.03","0.04","0.02","0.02","0.01","0.01","0.01","","","","","0.01","0.02","0.02","0.01","0.01","0.01","0.01","0.01","0.02","0.01","0.01","0.01","0.02","1","0.02","1.05","1.04","0.03","1.04","0.01","0.01","0.01","0.01","0.01","0.01","0.01","0.01","0.01","0.01","","","0.01","0.01","0.01","","","","-0.01","-0.01","","-0.01","-0.01","-0.01","-0.02","-0.02","-0.02","-0.01","-0.01","-0.01","-0.02","-0.02","-0.03","-0.03"
"cash_and_equiv_growth","","","","","","","","1.96","15.02","8.08","5.08","4.33","-0.45","-0.09","0.39","0.12","0.68","0.72","0.6","0.64","0.64","0.42","0.6","0.62","0.44","0.18","-0.12","-0.1","-0.07000000000000001","0.34","0.35","-0.04","-0.06","-0.27","0.86","0.5","0.53","0.48","-0.33","0.05","-0.06","0.28","0.08","0.21","0.02","-0.03","0.02","-0.06","0.16","-0.1","-0.11","-0.26","-0.48","-0.22","0.2","0.15","0.12","-0.17","-0.3","-0.1","0.27","0.5600000000000001","0.51","0.17","0.19","0.11","0.03","0.07000000000000001","0.26","0.43","0.36","0.33","0.18","-0.21","-0.22","-0.24","-0.07000000000000001"
"ppe_growth","","","","","","","","0.8","1.21","1.54","1.55","2.12","1.71","1.49","1.34","0.79","0.65","0.6899999999999999","0.68","0.6","0.45","0.3","0.08","-0.03","-0.06","-0.07000000000000001","-0.07000000000000001","-0.02","0.12","0.6","0.73","0.83","0.67","0.24","0.2","0.21","0.24","0.23","0.25","0.18","0.3","0.39","0.45","0.51","0.41","0.45","0.42","0.39","0.35","0.21","0.19","0.16","0.16","0.18","0.19","0.2","0.22","0.24","0.36","0.37","0.38","0.41","0.42","0.44","0.44","0.42","0.27","0.21","0.18","0.15","0.14","0.16","0.15","0.14","0.17","0.14","0.13"
"total_assets_growth","","-1","","","60.63","","","2.39","2.27","2.1","1.92","2.2","0.66","0.8","0.77","0.49","0.49","0.37","0.38","0.36","0.32","0.25","0.21","0.2","0.22","0.27","0.28","0.37","0.41","0.43","0.4","0.35","0.3","0.25","0.29","0.33","0.3","0.29","0.25","0.18","0.17","0.18","0.21","0.2","0.2","0.16","0.14","0.14","0.15","0.14","0.12","0.11","0.11","0.14","0.15","0.16","0.18","0.18","0.2","0.18","0.17","0.18","0.19","0.21","0.19","0.19","0.11","0.08","0.14","0.16","0.2","0.2","0.16","0.12","0.09","0.06","0.03"
"total_equity_growth","","-1","","","94.06999999999999","","","2.89","2.4","2.22","1.99","2.38","0.64","0.8100000000000001","0.79","0.47","0.46","0.33","0.32","0.32","0.31","0.24","0.23","0.22","0.23","0.27","0.28","0.29","0.28","0.28","0.28","0.28","0.27","0.26","0.26","0.24","0.24","0.23","0.22","0.22","0.22","0.22","0.22","0.21","0.19","0.19","0.18","0.17","0.18","0.16","0.14","0.14","0.15","0.16","0.17","0.16","0.17","0.1","0.11","0.09","0.08","0.16","0.14","0.19","0.15","0.13","0.11","0.08","0.09","0.1","0.13","0.15","0.15","0.13","0.1","0.08","0.04"
"cfo_growth","","","","","","","","","","","0.5600000000000001","0.35","0.55","0.38","0.48","0.46","0.63","0.86","0.46","0.44","0.34","0.25","0.26","-0.09","0.25","0.29","0.15","0.3","0.06","0.29","0.23","0.6899999999999999","0.37","0.11","0.16","0.21","0.01","0.19","-0.02","0.11","0.27","0.12","0.21","0.2","0.18","0.34","0.53","0.26","0.03","-0.06","0.14","0.29","0.6","0.42","0.25","-0.19","","0.09","0.22","0.37","0.34","0.26","0.03","0.25","0.17","0.11","-0.05","0.11","0.1","0.57","0.68","0.5600000000000001","0.5","0.1","0.3","-0.11","-0.09"
"capex_growth","","","","","","","","","","","-1.42","-3.44","-0.68","-0.49","-0.73","0.18","-0.12","-0.85","-0.41","-0.21","0.18","0.46","0.6899999999999999","0.8","0.59","0.4","0.09","-2.42","-3.05","-10.52","-2.72","-0.93","0.1","0.63","0.32","0.16","-0.28","-0.07000000000000001","-0.98","-1.08","-1.63","-1.21","-0.95","-0.64","-0.06","-0.6","-0.25","0.05","","0.42","0.17","0.16","0.02","-0.46","-0.02","-0.33","-0.49","-0.4","-1.95","-0.9399999999999999","-0.5","-0.65","0.36","-0.12","-0.27","0.15","-0.29","0.12","0.2","0.09","0.01","-0.02","-0.26","-0.16","-0.65","-0.24","-0.07000000000000001"
"fcf_growth","","","","","","","","","","","0.24","-0.7","0.45","0.32","0.3","3.62","1.11","0.87","0.51","0.63","0.61","0.73","1.12","0.38","0.46","0.43","0.18","0.09","-0.16","-0.61","-0.03","0.62","0.54","2.03","0.35","0.34","-0.04","0.23","-0.21","-0.11","-0.11","-0.18","-0.16","-0.04","0.28","0.14","0.85","0.54","0.05","0.32","0.38","0.53","1","0.41","0.35","-0.34","-0.15","-0.06","-0.38","0.02","0.25","-0.01","0.68","0.4","0.1","0.42","-0.26","0.32","0.33","1.05","1.45","0.91","0.61","0.08","0.15","-0.23","-0.14"
"shares_eop","1340.639","5147.218","6095.16","6095.16","10926.1","10926.1","11083.2","11159","11810.5","11878","12111.7","12162.6","12234.4","12426.2","12449.8","12473.3","12501.5","12523","12551.6","12565.7","12578","12599.5","12625.3","12644.7","12665.1","12698.6","12718.6","12732.2","12757","12839.6","12872.6","12894.2","12937.7","12983.2","13023.6","13065.1","13129.4","13186.4","13227.5","13312.5","13353.3","13420.3","13502.3","13536.7","13584.2","13622.1","13665.4","13709.8","13753.9","13747","13735.8","13735.6","13782.7","13825.9","13842.2","13857.5","13895.8","13895.7","13898.9","13918.9","13919.1","13911.1","13895.6","13881","13818.1","13766.7","13679.4","13624.3","13554.5","13504.4","13421.9","13352.7","13293.6","13242.4","13175.3","13078","12971"
"dividends","","","","","","","","","","","","","","","","","","","","","","","","","","","","","","","","","","","","","","","","","","","","","","","","","","","","","","","","","","","","","","","","","","","","","","","","","","","","",""
"price_to_earnings","","","","","3119.31","2641.47","1421.55","1696.98","1441.89","1682.98","1400.11","1235.06","1017.32","938.63","818.61","885.11","881.16","1030.98","613.71","685.3099999999999","499.17","458.96","506.43","582.49","637.62","604.24","511.83","382.74","423.01","448.77","452.82","362.58","348.3","431.08","386.01","341.48","469.72","434.81","469.73","504.12","470.93","591.17","29.2","29.96","30.72","25.15","26.14","24.02","25.99","31.9","30.03","26.43","28.09","27.39","27.74","32.55","31.71","57.42","43.1","47.61","44.25","23.44","29.12","21.59","25.82","26.8","23.04","30.54","27.89","29.37","27.03","26.59","25.09","25.2","24.68","19.86","18.62"
"price_to_book","","","","","273.72","359.93","292.18","415.5","212.73","261.84","230.79","191.1","170.93","169.52","155.34","166.19","168.72","191.01","113.69","127.76","91.77","68.7","73.68000000000001","84.45","93.20999999999999","109.44","94.3","69.81","77.55","82.54000000000001","77.38","62.86","60.82","72.18000000000001","67.73","58.61","72.88","65.09999999999999","69.66","74.39","70.54000000000001","86.20999999999999","4.09","4.06","3.96","3.44","3.44","3.19","3.6","4.33","4.14","3.72","3.99","3.84","3.96","4.25","4.24","4.77","4.46","4.79","4.89","4.06","4.44","3.9","4.32","4.57","3.91","4.64","4.68","5.32","6.04","7.04","7.24","7.61","7.24","5.6","4.92"
"price_to_sales","","","","","287.04","330.57","263.9","366.83","356.23","401.76","331.3","311.01","264.08","272.38","237.6","243.26","237.05","261.18","152.74","168.82","120.51","89.01000000000001","99.43000000000001","119.78","138.6","166.6","144.88","108.16","121.83","130.17","121.47","98.06","93.26000000000001","110.73","104.56","88.72","106.99","101.4","108.75","118.16","116.85","135.58","6.47","6.38","6.15","5.42","5.5","5.13","5.83","6.96","6.56","5.81","6.26","5.91","6.06","6.34","6.37","6.56","6.12","6.27","6.4","5.26","5.74","5.06","5.43","5.69","4.77","5.8","5.8","6.48","7.06","7.6","7.41","7.44","6.81","5.14","4.42"
"price_to_tangible_book","","","","","290.02","385.45","308.97","439.58","218.41","269.79","242.13","198","177.26","190.69","173.75","185.67","194.23","217.31","150.85","166.2","116.7","86.59999999999999","91.23","103.01","112.06","129.93","111.52","83.59","92.73999999999999","98.02","91.03","74.38","71.93000000000001","85.27","79.09","81.16","99.58","86.93000000000001","91.34999999999999","96.31999999999999","89.68000000000001","107.92","5.19","5.11","4.98","4.27","4.22","3.88","4.33","5.18","4.92","4.38","4.67","4.47","4.58","4.89","4.85","5.46","5.12","5.49","5.56","4.57","4.99","4.35","4.81","5.15","4.39","5.21","5.23","5.92","6.74","7.84","8.039999999999999","8.43","8.01","6.22","5.6"
"price_to_fcf","","","","","","","2585.68","1922.81","1547.69","1521.23","1379.41","1838.67","1591.58","1721.75","1568.07","1399.98","1223.19","1285.06","750.33","807.1799999999999","530.24","353.08","336.11","384.17","405.54","463.23","407.26","314.93","390.71","540.4","540.02","408.85","365.07","377.19","350.29","296.16","391.31","349.81","414.35","476.71","489.15","666.0700000000001","34.35","35.95","33.75","29.77","27.13","23.23","26.96","31.38","28.34","23.22","22.11","20.47","20.57","24.69","27.34","30.29","33.67","36.33","36.21","31.51","31.54","27.09","29.55","29.71","27.37","30.91","29.28","27.61","27.36","28.59","26.98","28.59","26.67","21.94","19.94"
"market_cap","","","","","708666.846","1054259.389","1001256.288","1642827.98","1870546.99","2466229.14","2364082.723","2552564.862","2460827.216","2888594.452","2854739.14","3267256.202","3549300.865","4333959.84","2767000.22","3310684.979","2521260.1","1939945.015","2199327.26","2668031.7","3143097.867","3940248.594","3609920.238","2835333.618","3357004.55","3816827.892","3780167.716","3267906.048","3334950.929","4196949.232","4179663.948","3793190.483","4957924.028","4668513.056","5257666.7","5865886.875","5853686.121","7527312.067","374958.871","388367.923","391089.118","357580.125","373338.728","356866.094","418393.638","521561.18","511658.55","475389.116","535595.722","533541.481","574174.456","629684.8","666442.568","727023.024","717044.251","776396.242","830552.697","720316.758","815254.852","750268.05","842213.1949999999","920303.895","795320.316","962965.524","995984.66","1182850.396","1388227.117","1673360.364","1771638.072","1915910.432","1839930.645","1430340.86","1247161.65"
"period_end_price","","","","","64.86","96.48999999999999","90.34","147.22","158.38","207.63","195.19","209.87","201.14","232.46","229.3","261.94","283.91","346.08","220.45","263.47","200.45","153.97","174.2","211","248.17","310.29","283.83","222.69","263.15","297.27","293.66","253.44","257.77","323.26","320.93","290.33","377.62","354.04","397.48","440.63","438.37","560.89","27.77","28.69","28.79","26.25","27.32","26.03","30.42","37.94","37.25","34.61","38.86","38.59","41.48","45.44","47.96","52.32","51.59","55.78","59.67","51.78","58.67","54.05","60.95","66.84999999999999","58.14","70.68000000000001","73.48","87.59","103.43","125.32","133.27","144.68","139.65","109.37","96.15000000000001"
