"period_end_date","2003-09","2003-12","2004-03","2004-06","2004-09","2004-12","2005-03","2005-06","2005-09","2005-12","2006-03","2006-06","2006-09","2006-12","2007-03","2007-06","2007-09","2007-12","2008-03","2008-06","2008-09","2008-12","2009-03","2009-06","2009-09","2009-12","2010-03","2010-06","2010-09","2010-12","2011-03","2011-06","2011-09","2011-12","2012-03","2012-06","2012-09","2012-12","2013-03","2013-06","2013-09","2013-12","2014-03","2014-06","2014-09","2014-12","2015-03","2015-06","2015-09","2015-12","2016-03","2016-06","2016-09","2016-12","2017-03","2017-06","2017-09","2017-12","2018-03","2018-06","2018-09","2018-12","2019-03","2019-06","2019-09","2019-12","2020-03","2020-06","2020-09","2020-12","2021-03","2021-06","2021-09","2021-12","2022-03","2022-06","2022-09"
"revenue","8215","10153","9175","9292","9189","10818","9620","10161","9741","11837","10900","11804","10811","12542","14398","13371","13762","16367","14454","15837","15061","16629","13648","13099","12920","19022","14503","16039","16195","19953","16428","17367","17372","20885","17407","18059","16008","21456","20489","19896","18529","24519","20403","23382","23201","26470","21729","22180","20379","23796","20531","26448","21928","25826","23212","25605","24538","28918","26819","30085","29084","32471","30571","33717","33055","36906","35021","38033","37154","43076","41706","46152","45317","51728","49360","51865","50122"
"cogs","1480","2344","1411","1481","1405","1922","1363","1388","1253","2239","2028","2130","1696","3620","2140","3237","2675","3543","2514","2866","2848","3907","2814","2586","2842","3628","2755","3170","3139","4833","3897","3708","3777","5638","3952","4163","4168","5692","4787","5738","5145","8322","5978","7633","8273","10136","7161","7468","7207","9872","7722","7979","7844","9901","8060","8456","8278","11064","9269","9742","9905","12423","10170","10412","10406","12358","10975","12339","11002","14194","13045","13991","13646","16960","15615","16429","15452"
"gross_profit","6735","7809","7764","7811","7784","8896","8257","8773","8488","9598","8872","9674","9115","8922","12258","10134","11087","12824","11940","12971","12213","12722","10834","10513","10078","15394","11748","12869","13056","15120","12531","13659","13595","15247","13455","13896","11840","15764","15702","14158","13384","16197","14425","15749","14928","16334","14568","14712","13172","13924","12809","18469","14084","15925","15152","17149","16260","17854","17550","20343","19179","20048","20401","23305","22649","24548","24046","25694","26152","28882","28661","32161","31671","34768","33745","35436","34670"
"sga","1976","3363","4948","3019","2760","2710","3446","4120","2927","3350","3367","3932","2855","3813","3919","4283","3332","4458","5496","5101","3931","4493","4184","4301","3531","4802","4355","4589","3744","4770","4553","5095","4063","4882","4564","4917","4072","5465","5450","5302","4283","5480","4708","6017","4879","5412","4800","5233","4417","4998","4546","5237","4263","4958","5074","5647","4978","5671","5543","6031","5247","5720","5744","6387","5398","6054","6184","7073","5350","6086","6409","7379","5834","6763","7075","8053","6524"
"rnd","1611","2971","1538","1659","1530","1437","1482","1664","1515","1591","1617","1861","1786","1637","1750","1948","1837","1885","2035","2407","2283","2290","2212","2225","2065","2079","2220","2350","2196","2185","2269","2393","2329","2371","2517","2594","2460","2528","2640","2783","2767","2748","2743","3123","3065","2903","2984","3094","2962","2900","2980","3146","3106","3062","3355","3514","3574","3504","3715","3933","3977","4070","4316","4513","4565","4603","4887","5214","4926","4899","5204","5687","5599","5758","6306","6849","6628"
"special_charges","","","","","","","","","","","","","","","","","","","","","","","","","","","","","","","","","","","","","","","","","","","","","","","","","","","","","","","","","","","","","","","","","","","","","","","","","","","","",""
"other_opex","","","","","","","","","","","","","","","","","","","","","","","","","","","","","","","","","","","","","","","","","","","","","","","","","","","","","","","","","","","","","","","","","","","","","","","","","","","","",""
"total_opex","3587","6334","6486","4678","4290","4147","4928","5784","4442","4941","4984","5793","4641","5450","5669","6231","5169","6343","7531","7508","6214","6783","6396","6526","5596","6881","6575","6939","5940","6955","6822","7488","6392","7253","7081","7511","6532","7993","8090","8085","7050","8228","7451","9140","7944","8315","7784","8327","7379","7898","7526","8383","7369","8020","8429","9161","8552","9175","9258","9964","9224","9790","10060","10900","9963","10657","11071","12287","10276","10985","11613","13066","11433","12521","13381","14902","13152"
"operating_income","3148","1475","1278","3133","3494","4749","3329","2989","4046","4657","3888","3881","4474","3472","6589","3903","5918","6481","4409","5463","5999","5939","4438","3987","4482","8513","5173","5930","7116","8165","5709","6171","7203","7994","6374","6385","5308","7771","7612","6073","6334","7969","6974","6609","6984","8019","6784","6385","5793","6026","5283","10086","6715","7905","6723","7988","7708","8679","8292","10379","9955","10258","10341","12405","12686","13891","12975","13407","15876","17897","17048","19095","20238","22247","20364","20534","21518"
"net_interest_income_normal","","","","","","","","","","","","","","","","","","","","","","175","164","160","165","159","166","-641","165","133","","","-94","-95","-95","-96","-95","-105","-109","-120","-118","-135","-175","-169","-161","-162","-211","-247","-249","-309","-340","-345","-437","-521","-609","732","-199","-168","-116","-36","7","32","-3","40","87","34","59","-91","-19","-26","-114","-56","-19","-22","16","56","141"
"other_nonoperating_income","753","837","1001","571","279","420","496","872","506","480","427","377","567","333","382","381","298","339","401","505","-8","-476","-552","-5","118","211","2","735","-51","199","316","148","197","340","84","-5930","321","104","100","192","192","44","158","137","-927","-7","-56","-7894","-31","138","93","-506","549","638","980","-762","475","658","465","337","259","95","148","151","-87","160","-191","106","267","466","302","366","305","290","-190","-103","-87"
"pretax_income","3901","2312","2279","3704","3773","5169","3825","3861","4552","5137","4315","4258","5041","3805","6971","4284","6216","6820","4810","5968","5991","5638","4050","4142","4765","8883","5341","6024","7230","8497","6025","6319","7306","8239","6363","359","5534","7770","7603","6145","6408","7878","6957","6577","5896","7850","6517","-1756","5513","5855","5036","9235","6827","8022","7094","7958","7984","9169","8641","10680","10221","10385","10486","12596","12686","14085","12843","13422","16124","18337","17236","19405","20524","22515","20190","20487","21572"
"income_tax","-1287","-763","-964","-1014","-1245","-1706","-1262","-161","-1411","-1484","-1338","-1430","-1563","-1179","-2045","-1249","-1927","-2113","-422","-1671","-1618","-1464","-1073","-1097","-1191","-2221","-1335","-1506","-1820","-1863","-793","-445","-1568","-1615","-1255","-851","-1068","-1393","-1548","-1180","-1164","-1320","-1297","-1965","-1356","-1987","-1532","-1439","-611","-837","-1280","-2372","-1160","-1755","-1608","111","-1408","-15471","-1217","-1807","-1397","-1965","-1677","591","-2008","-2436","-2091","-2220","-2231","-2874","-1779","-2947","-19","-3750","-3462","-3747","-4016"
"net_income_continuing","2614","1549","1315","2690","2528","3463","2563","3700","3141","3653","2977","2828","3478","2626","4926","3035","4289","4707","4388","4297","4373","4174","2977","3045","3574","6662","4006","4518","5410","6634","5232","5874","5738","6624","5108","-492","4466","6377","6055","4965","5244","6558","5660","4612","4540","5863","4985","-3195","4902","5018","3756","6863","5667","6267","5486","8069","6576","-6302","7424","8873","8824","8420","8809","13187","10678","11649","10752","11202","13893","15463","15457","16458","20505","18765","16728","16740","17556"
"net_income_discontinued","","","","","","","","","","","","","","","","","","","","","","","","","","","","","","","","","","","","","","","","","","","","","","","","","","","","","","","","","","","","","","","","","","","","","","","","","","","","",""
"income_allocated_to_minority_interest","","","","","","","","","","","","","","","","","","","","","","","","","","","","","","","","","","","","","","","","","","","","","","","","","","","","","","","","","","","","","","","","","","","","","","","","","","","","",""
"other_income_statement_items","","","","","","","","","","","","","","","","","","","","","","","","","","","","","","","","","","","","","","","","","","","","","","","","","","","","","","","","","","","","","","","","","","","","","","","","","","","","",""
"net_income","2614","1549","1315","2690","2528","3463","2563","3700","3141","3653","2977","2828","3478","2626","4926","3035","4289","4707","4388","4297","4373","4174","2977","3045","3574","6662","4006","4518","5410","6634","5232","5874","5738","6624","5108","-492","4466","6377","6055","4965","5244","6558","5660","4612","4540","5863","4985","-3195","4902","5018","3756","6863","5667","6267","5486","8069","6576","-6302","7424","8873","8824","8420","8809","13187","10678","11649","10752","11202","13893","15463","15457","16458","20505","18765","16728","16740","17556"
"preferred_dividends","","","","","","","","","","","","","","","","","","","","","","","","","","","","","","","","","","","","","","","","","","","","","","","","","","","","","","","","","","","","","","","","","","","","","","","","","","","","",""
"net_income_available_to_shareholders","2614","1549","1315","2690","2528","3463","2563","3700","3141","3653","2977","2828","3478","2626","4926","3035","4289","4707","4388","4297","4373","4174","2977","3045","3574","6662","4006","4518","5410","6634","5232","5874","5738","6624","5108","-492","4466","6377","6055","4965","5244","6558","5660","4612","4540","5863","4985","-3195","4902","5018","3756","6863","5667","6267","5486","8069","6576","-6302","7424","8873","8824","8420","8809","13187","10678","11649","10752","11202","13893","15463","15457","16458","20505","18765","16728","16740","17556"
"eps_basic","0.24","0.14","0.12","0.25","0.23","0.32","0.24","0.34","0.29","0.35","0.29","0.28","0.35","0.27","0.51","0.32","0.46","0.5","0.47","0.47","0.48","0.47","0.33","0.34","0.4","0.75","0.46","0.52","0.63","0.78","0.62","0.7","0.68","0.79","0.61","-0.06","0.53","0.76","0.72","0.59","0.63","0.79","0.68","0.5600000000000001","0.55","0.71","0.61","-0.4","0.61","0.63","0.48","0.4","0.73","0.8100000000000001","0.71","0.84","0.85","-0.82","0.96","1.15","1.15","1.09","1.15","1.72","1.4","1.53","1.41","1.48","1.84","2.05","2.05","2.19","2.73","2.5","2.23","2.24","2.35"
"eps_diluted","0.24","0.14","0.12","0.25","0.23","0.32","0.23","0.34","0.29","0.34","0.29","0.28","0.35","0.26","0.5","0.31","0.45","0.5","0.47","0.46","0.48","0.47","0.33","0.34","0.4","0.74","0.45","0.51","0.62","0.77","0.61","0.68","0.68","0.78","0.6","-0.06","0.53","0.76","0.72","0.59","0.62","0.78","0.68","0.55","0.54","0.71","0.61","-0.4","0.61","0.62","0.47","0.39","0.72","0.8","0.7","0.83","0.84","-0.82","0.95","1.14","1.14","1.08","1.14","1.71","1.38","1.51","1.4","1.46","1.82","2.03","2.03","2.17","2.71","2.48","2.22","2.23","2.35"
"shares_basic","10811","10810","10785","10824","10873","10877","10856","10749","10696","10560","10303","10189","9929","9806","9725","9505","9380","9361","9307","9265","9084","8903","8891","8900","8914","8856","8767","8714","8614","8497","8420","8427","8392","8402","8401","8390","8396","8393","8364","8345","8339","8326","8284","8245","8249","8228","8167","8063","7996","7964","7895","7844","7789","7755","7725","7716","7708","7710","7698","7682","7673","7692","7672","7655","7634","7621","7602","7583","7566","7555","7539","7526","7513","7505","7493","7472","7457"
"shares_diluted","10885","10899","10856","10879","10920","10956","10931","10822","10772","10638","10415","10243","10010","9942","9862","9679","9513","9503","9428","9404","9183","8914","8904","8960","8983","8951","8876","8843","8695","8570","8510","8545","8490","8465","8498","8518","8494","8444","8429","8464","8434","8395","8367","8363","8351","8297","8237","8137","8084","8051","7985","7929","7876","7830","7813","7808","7799","7710","7794","7782","7766","7768","7744","7735","7710","7691","7675","7653","7637","7616","7597","7581","7567","7555","7534","7504","7485"
"cash_and_equiv","5768","6149","9348","14304","11141","4556","3782","4851","2974","4083","4351","6714","9076","6859","7611","6111","6637","7460","11820","10339","9004","8346","7285","6076","8823","9422","8155","5505","8161","4023","7021","9610","12881","10610","6388","6938","5036","6017","5240","3804","4023","10059","11572","8669","6302","6426","7414","5595","5431","7185","7170","6510","13928","8468","6713","7663","6884","12859","9221","11946","15137","6638","11212","11356","13117","8864","11710","13576","17205","14432","13702","14224","19165","20604","12498","13931","22884"
"st_investments","45854","46628","47059","46288","53274","29948","33812","32900","37082","30618","30465","27447","22756","22014","20625","17300","14937","13616","14521","13323","11718","12369","18055","25371","27905","26677","31511","31283","36012","37229","43129","43162","44522","41126","53141","56102","61608","62295","69243","73218","76649","73885","76853","77040","82891","83823","88024","90931","93924","95455","98382","106730","123004","114313","119305","125318","131587","129921","123049","121822","120743","121024","120406","122463","123519","125389","125916","122951","120772","117536","111705","116032","111419","104744","92162","90818","84360"
"receivables","4533","5608","4937","5890","5106","6646","5610","7180","5799","7758","6818","9316","6879","9895","8454","11338","8982","11621","9871","13589","9535","10953","9182","11192","8587","11196","9137","13014","9646","12874","10033","14987","10153","13643","10961","15780","9871","14317","11991","17486","11007","15986","13497","19544","12887","16186","12427","17908","11444","14507","12247","18277","11129","14343","12882","22431","14561","18428","17208","26481","17390","19680","19269","29524","19087","23525","22699","32011","22851","27312","26322","38043","27349","33520","32613","44261","31279"
"inventories","1099","621","542","421","608","304","340","491","726","1003","1113","1478","2521","1725","1750","1127","1178","755","774","985","1640","968","657","717","1150","589","501","740","1242","861","1056","1372","2270","1351","1412","1137","1624","1661","2133","1938","2613","1594","1920","2660","3141","2053","2469","2902","3816","2702","2450","2251","3122","1961","1979","2181","3211","2003","2084","2662","3614","1961","1951","2063","2622","1823","1644","1895","2705","1924","2245","2636","3411","3019","3296","3742","4268"
"other_current_assets","3656","3394","3384","3663","2767","2945","3049","3315","3250","3232","3881","4055","4126","4687","4343","4292","4119","4323","4503","5006","5305","5094","5545","5924","5766","4603","5214","5134","4520","4697","5024","5787","5445","5783","4958","5127","5912","5284","4917","5020","5158","5346","5164","6333","7218","7874","8064","5461","7041","7963","8172","5892","6726","5864","5434","5103","4788","4422","5097","6751","7311","7571","7049","10146","7551","7473","8536","11482","13544","12769","11640","13471","12982","12301","13353","16932","18021"
"total_current_assets","60910","62400","65270","70566","72896","44399","46593","48737","49831","46694","46628","49010","45358","45180","42783","40168","35853","37775","41489","43242","37202","37730","40724","49280","52231","52487","54518","55676","59581","59684","66263","74918","75271","72513","76860","85084","84051","89574","93524","101466","99450","106870","109006","114246","112439","116362","118398","122797","121656","127812","128421","139660","157909","144949","146313","162696","161031","167633","156659","169662","164195","156874","159887","175552","165896","167074","170505","181915","177077","173973","165614","184406","174326","174188","153922","169684","160812"
"equity_and_other_investments","","","","","","","","","","","","","","","","10117","","","","6588","","","4112","4933","6006","6976","7797","7754","9211","10022","10748","10865","8576","7550","9068","9776","10038","10707","11193","10844","11995","14607","14792","14597","13943","12665","12019","12053","11438","11514","11315","10431","10486","8912","7381","6023","5343","3961","2818","1862","2034","2274","2403","2649","2684","2755","2660","2965","3103","3794","5395","5984","6393","6994","6907","6891","6839"
"ppe_gross","6048","6033","6113","6489","6480","6499","6484","6375","6380","6481","6572","7223","7372","7865","8102","9366","9631","9981","10532","12544","13174","13955","14348","15082","15365","15572","15765","16259","16713","17078","17533","17991","18242","18556","19177","19231","19730","20471","21451","22504","23812","25253","26212","27804","28602","29799","31214","32337","33055","33797","35716","38156","40109","43267","44954","54468","57176","59902","63165","65369","69117","72605","76200","79186","83270","88558","91181","96101","102391","109750","115299","122154","127816","134845","141267","147206","151022"
"accumulated_depreciation","-3855","-3855","-3855","-4163","-4163","-4163","-4163","-4029","-4029","-4029","-4029","-4179","-4179","-4179","-4179","-5016","-5016","-5016","-5016","-6302","-6622","-6959","-7236","-7547","-7853","-8170","-8393","-8629","-8942","-9279","-9564","-9829","-10209","-10546","-10952","-10962","-11401","-11773","-12247","-12513","-13038","-13686","-14441","-14793","-15373","-16192","-16839","-17606","-18009","-18008","-18885","-19800","-20885","-21888","-22992","-24179","-25523","-26849","-28377","-29223","-30953","-33082","-35431","-35330","-36971","-39597","-41512","-43197","-45417","-47715","-49681","-51351","-52469","-55277","-58053","-59660","-60638"
"ppe_net","2193","2178","2258","2326","2317","2336","2321","2346","2351","2452","2543","3044","3193","3686","3923","4350","4615","4965","5516","6242","6552","6996","7112","7535","7512","7402","7372","7630","7771","7799","7969","8162","8033","8010","8225","8269","8329","8698","9204","9991","10774","11567","11771","13011","13229","13607","14375","14731","15046","15789","16831","18356","19224","21379","21962","30289","31653","33053","34788","36146","38164","39523","40769","43856","46299","48961","49669","52904","56974","62035","65618","70803","75347","79568","83214","87546","90384"
"intangible_assets","3506","3455","3709","3684","3649","3599","3579","3808","4006","4019","4070","539","720","745","699","878","1718","1717","1639","1973","1899","1815","1756","1759","1653","1346","1282","1158","1077","992","840","744","1026","2581","2756","3170","3423","3341","3240","3083","2982","2945","2901","6981","6693","7299","6963","4835","4745","4619","4459","3733","3522","11001","10547","10106","9598","9034","8544","8053","7579","8482","8103","7750","7508","7126","6855","7038","6923","6555","8127","7800","7794","7462","11348","11298","10808"
"goodwill","","","","","","","","","","","","3866","4153","4189","4217","4760","10151","10309","10346","12108","12291","12490","12554","12503","12582","12368","12463","12394","12471","12502","12554","12581","12537","19670","19698","13452","14466","14727","14682","14655","14667","14680","14751","20127","20081","21855","21728","16939","17142","17436","17948","17872","17907","34524","34668","35122","35389","35355","35582","35683","35855","41577","41861","42026","42113","42248","42064","43351","43890","44219","49698","49711","50455","50921","67371","67524","67459"
"other_lt_assets","17672","17904","18530","17792","15406","14607","13782","15924","15274","14092","13613","13138","11930","12571","12269","2898","13308","12573","11757","2640","7173","6755","2595","1878","1628","1517","1478","1501","1429","1307","1353","1434","1972","1919","1403","1520","1569","1636","2262","2392","2480","2874","2898","3422","3271","3060","3200","3117","2869","2928","2895","3416","3476","3845","4146","6076","6083","6967","7106","7442","9792","10129","10258","14723","14455","14630","13696","13138","13034","13561","14427","15075","21103","21256","21845","21897","23482"
"total_assets","84281","85937","89767","94368","94268","64941","66275","70815","71462","67257","66854","69597","65354","66371","63891","63171","65645","67339","70747","72793","65117","65786","68853","77888","81612","82096","84910","86113","91540","92306","99727","108704","107415","112243","118010","121271","121876","128683","134105","142431","142348","153543","156119","172384","169656","174848","176683","174472","172896","180098","181869","193468","212524","224610","225017","250312","249097","256003","245497","258848","257619","258859","263281","286556","278955","282794","285449","301311","301001","304137","308879","333779","335418","340389","344607","364840","359784"
"accounts_payable","1341","1360","1412","1717","1439","1573","1636","2086","1852","2477","2354","2909","2406","2944","2843","3247","3206","3612","3600","4034","3351","3533","3017","3324","3287","3171","3279","4025","3654","3863","3829","4197","3719","3884","3790","4175","3631","4356","4532","4828","4841","5398","4583","7432","6769","6932","6690","6591","6630","6936","6759","6898","6296","6580","6217","7390","6866","7850","7623","8617","8511","7563","7544","9382","8574","8811","9246","12530","12509","12770","13412","15163","14832","15314","16085","19000","16609"
"tax_payable","","","","","","","","","","","","","","","","1040","","","","3248","","","773","725","847","721","901","1074","2136","1439","839","580","705","921","958","789","847","630","689","592","834","591","694","782","903","711","758","606","607","493","685","580","720","508","654","718","920","788","814","2121","2341","2033","1950","5665","3440","2687","3296","2130","2384","1562","2165","2174","6272","3731","4646","4067","6729"
"current_accrued_liabilities","869","1143","1224","1339","918","1098","1289","1662","1196","1249","1516","1938","1401","1559","1878","","1796","1977","2427","","2138","2239","2644","","2224","2417","2885","","","","","","","","3272","","","","","","","","","","","","","","","","","","","","","","","","","","","","","","","","","","","","","","","","","",""
"st_debt","","","","","","","","","","","","","","","","","","","","","1975","2000","1999","2000","2250","2249","2249","1000","1000","","","","","","","1231","2236","2241","2246","2999","3300","2300","2000","2000","5248","10048","4224","7484","10748","3750","5498","12904","14536","25664","7786","10121","9220","15912","3677","3998","6497","3516","6515","5516","3017","6247","3748","3749","6497","5387","8051","8072","3249","4998","1749","2749","3248"
"current_deferred_revenue","6620","6229","5949","6514","6149","6267","6275","7502","7148","7118","7215","9138","8310","10023","8551","10779","9787","10221","10385","13397","11815","11532","10924","13003","13567","11361","11171","13652","12767","12063","11887","15722","14345","13985","13929","18653","18295","18354","16511","20639","18585","17616","17670","23150","20713","19192","18232","23223","21603","20929","20876","27468","26304","26085","26518","24013","22778","21309","21370","28905","26704","24285","24251","32676","29904","27343","27012","36000","33476","30402","30083","41525","38465","34001","34027","45538","41340"
"current_deferred_tax_liability","","","","","","","","","","","","1557","","","","","","","","","","","","","","","","","","","","","","","","","","","","","","","","","","","","","","","","","","","","","","","","","","","","","","","","","","","","","","","","",""
"other_current_liabilities","6268","5195","7399","5399","7305","6107","6939","5627","6826","5903","7282","6900","9855","7689","8355","8688","7955","6248","10616","9207","5104","4406","4466","7982","6586","5796","5939","6396","6300","6947","7487","8275","6774","6583","4221","7840","6393","6329","7951","8359","7063","7837","8956","12261","11061","10532","10844","11743","9811","10535","10536","11507","10954","11950","10830","13503","11831","12240","12649","14847","12224","12921","13601","16181","13183","14552","15405","17901","15190","17365","18482","21723","17710","19466","20932","23728","19463"
"total_current_liabilities","15098","13927","15984","14969","15811","15045","16139","16877","17022","16747","18367","22442","21972","22215","21627","23754","22744","22058","27028","29886","24383","23710","23823","27034","28761","25715","26424","26147","25857","24312","24042","28774","25543","25373","26170","32688","31402","31910","31929","37417","34623","33742","33903","45625","44694","47415","40748","49647","49399","42643","44354","59357","58810","70787","52005","55745","51615","58099","46133","58488","56277","50318","53861","69420","58118","59640","58707","72310","70056","67486","72193","88657","80528","77510","77439","95082","87389"
"lt_debt","","","","","","","","","","","","","","","","","","","","","","","","3746","3746","3746","3746","4939","9665","9671","11915","11921","11927","11932","11938","10713","9714","11947","11949","12601","12632","20676","20679","20645","18472","18260","27644","27808","27819","40679","40896","40557","60154","59306","76222","76073","76255","73348","73480","72242","69733","69653","66585","66662","66478","63361","62862","59578","57055","55136","50007","50074","50039","48260","48177","47032","45374"
"noncurrent_capital_leases","","","","","","","","","","","","","","","","","","","","","","","","","","","","","","","","","","","","","","","","","","","","","","","","","","","","","","","","5372","5768","5640","5751","5568","5652","5683","5972","6188","6659","7172","7248","7671","7753","8875","9272","9629","10050","10774","11357","11489","11660"
"pension_liabilities","","","","","","","","","","","","","","","","","","","","","","","","","","","","","","","","","","","","","","","","","","","","","","","","","","","","","","","","","","","","","","","","","","","","","","","","","","","","",""
"noncurrent_deferred_revenue","","","","","","","","","","","","","","","","1867","","","","1900","","","1388","1281","1356","1544","1917","1407","1692","2180","2317","2854","2353","2431","2718","3299","3501","3853","3818","3469","3865","4235","4160","4736","4539","4871","4885","3390","4953","6296","7691","7917","8848","9728","9680","8377","7639","5686","5002","4356","5515","5861","5722","4763","4356","4100","3570","3384","3016","3159","2804","2814","2762","2967","3073","3100","2772"
"other_lt_liabilities","2503","2667","3203","4574","2511","2664","2763","5823","6113","6302","6449","7051","7281","7522","7291","6453","10766","10850","6165","4721","7140","7598","6699","6269","6537","6808","7113","7445","7384","7662","8001","8072","8201","8386","8525","8208","8423","8397","9721","10000","9587","9790","9953","11594","11781","12423","13274","13544","13280","13700","14122","13640","14340","15980","17381","17034","18173","34870","35892","35476","34475","35216","36277","37193","37283","38412","38561","40064","39729","39245","40098","40617","40061","40868","41637","41595","39023"
"total_liabilities","17601","16594","19187","19543","18322","17709","18902","22700","23135","23049","24816","29493","29253","29737","28918","32074","33510","32908","33193","36507","31523","31308","31910","38330","40400","37813","39200","39938","44598","43825","46275","51621","48024","48122","49351","54908","53040","56107","57417","63487","60707","68443","68695","82600","79486","82969","86551","94389","95451","103318","107063","121471","142152","155801","155288","162601","159450","177643","166258","176130","171652","166731","168417","184226","172894","172685","170948","183007","177609","173901","174374","191791","183440","180379","181683","198298","186218"
"common_stock","51298","52676","53975","56396","57147","58403","58829","60413","60862","60140","59850","59005","","","","60557","","","","62849","61655","61392","61896","62382","62293","62566","62517","62856","61935","61646","63234","63415","63492","63902","65273","65797","66084","66334","66826","67306","67230","67476","67803","68366","68362","68765","68475","68465","68093","68279","68012","68178","67747","68177","68554","69315","69419","70192","70418","71223","71303","77556","77791","78520","78882","79625","79813","80552","81089","81896","82308","83111","83751","84528","85767","86939","88535"
"preferred_stock","","","","","","","","","","","","","","","","","","","","","","","","","","","","","","","","","","","","","","","","","","","","","","","","","","","","","","","","","","","","","","","","","","","","","","","","","","","","",""
"retained_earnings","15382","16667","16605","18429","18799","-11171","-11456","-13724","-12535","-15932","-17812","-20130","-21556","-24518","-27389","-31114","-30094","-29725","-25821","-27703","-28938","-27499","-25679","-22824","-22425","-19605","-16807","-17736","-14993","-13165","-9782","-6332","-4101","219","3386","-856","932","4236","7657","9895","11680","14347","16289","17710","18051","19731","18186","9096","7614","6728","4954","2282","944","120","531","17769","19702","8567","9974","13682","17279","16585","18338","24150","27240","30739","32012","34566","39193","44973","50735","57055","66944","75045","79633","84281","92374"
"aoci","","","","","","","","1426","","","","1229","","","1535","1654","1530","1628","","1140","877","585","726","","1334","1322","","1055","","","","","","","","1422","1820","2006","2205","1743","2731","3277","3332","3708","3757","3383","3471","2522","1738","1773","1840","1537","1681","512","644","627","526","-399","-1153","-2187","-2615","-2013","-1265","-340","-61","-255","2676","3186","3110","3367","1462","1822","1283","437","-2476","-4678","-7343"
"apic","","","","","","","","","","","","","57657","61152","60827","","60699","62528","63375","","","","","","","","","","","","","","","","","","","","","","","","","","","","","","","","","","","","","","","","","","","","","","","","","","","","","","","","","",""
"treasury_stock","","","","","","","","","","","","","","","","","","","","","","","","","","","","","","","","","","","","","","","","","","","","","","","","","","","","","","","","","","","","","","","","","","","","","","","","","","","","",""
"other_equity","","","","","","","","","","","","","","","","","","","","","","","","","10","","","","","","","","","","","","","","","","","","","","","","","","","","","","","","","","","","","","","","","","","","","","","","","","","","","",""
"minority_interest_liability","","","","","","","","","","","","","","","","","","","","","","","","","","","","","","","","","","","","","","","","","","","","","","","","","","","","","","","","","","","","","","","","","","","","","","","","","","","","",""
"total_equity","66680","69343","70580","74825","75946","47232","47373","48115","48327","44208","42038","40104","36101","36634","34973","31097","32135","34431","37554","36286","33594","34478","36943","39558","41212","44283","45710","46175","46942","48481","53452","57083","59391","64121","68659","66363","68836","72576","76688","78944","81641","85100","87424","89784","90170","91879","90132","80083","77445","76780","74806","71997","70372","68809","69729","87711","89647","78360","79239","82718","85967","92128","94864","102330","106061","110109","114501","118304","123392","130236","134505","141988","151978","160010","162924","166542","173566"
"total_liabilities_and_equity","84281","85937","89767","94368","94268","64941","66275","70815","71462","67257","66854","69597","65354","66371","63891","63171","65645","67339","70747","72793","65117","65786","68853","77888","81612","82096","84910","86113","91540","92306","99727","108704","107415","112243","118010","121271","121876","128683","134105","142431","142348","153543","156119","172384","169656","174848","176683","174472","172896","180098","181869","193468","212524","224610","225017","250312","249097","256003","245497","258848","257619","258859","263281","286556","278955","282794","285449","301311","301001","304137","308879","333779","335418","340389","344607","364840","359784"
"cfo_net_income","2614","1549","1315","2690","2528","3463","2563","3700","3141","3653","2977","2828","3478","2626","4926","3035","4289","4707","4388","4297","4373","4174","2977","3045","3574","6662","4006","4518","5410","6634","5232","5874","5738","6624","5108","-492","4466","6377","6055","4965","5244","6558","5660","4612","4540","5863","4985","-3195","4902","5018","3756","6863","5667","6267","5486","8069","6576","-6302","7424","8873","8824","8420","8809","13187","10678","11649","10752","11202","13893","15463","15457","16458","20505","18765","16728","16740","17556"
"cfo_da","328","300","249","309","183","108","282","282","234","231","177","261","249","365","445","381","435","481","532","608","585","632","664","681","646","615","694","718","694","663","720","689","726","678","766","797","710","1009","1053","983","954","1261","1255","1742","1428","1521","1515","1493","1461","1544","1707","1910","1816","2166","2453","2343","2499","2536","2710","2516","2837","2995","2926","2924","2971","3203","3118","3504","2645","2761","2936","3344","3212","3496","3773","3979","2790"
"cfo_receivables","676","-1004","697","-1056","861","-1398","1001","-1707","1408","-2012","972","-2439","2501","-2945","1455","-2775","2806","-2586","1857","-3646","3985","-1647","1697","-1820","2748","-2789","1947","-4144","3674","-3270","3031","-4886","4733","-3652","2770","-5007","6156","-4488","2191","-5666","6617","-4875","2501","-5363","6627","-3378","3655","-5448","6376","-3118","2288","-4984","7187","-2789","1415","-7029","7949","-3908","1285","-9188","9194","-2396","460","-10070","10090","-4203","891","-9355","8843","-4008","290","-11606","10486","-5543","857","-12634","11729"
"cfo_inventory","","","","","","","","","","","","","","","","","","","","","","","","","-419","558","77","-260","-468","380","-170","-303","-920","891","-50","263","-473","-33","-483","187","-667","1029","-324","-199","-483","1070","-430","-429","-937","1104","241","192","-867","1132","-16","-199","-1023","1205","-75","-572","-956","1654","12","-113","-561","799","181","-251","-808","788","-329","-388","-777","394","-279","-461","-543"
"cfo_prepaid_expenses","","","","","","","","","","","","","","","","","","","","","","","","","","","","","","","","","","","","","","","","","","","","","","","","","","","","","","","","","","","","","","","","","","","","","","","","","","","","",""
"cfo_other_working_capital","-1425","1655","3771","-1994","-433","466","1047","337","-242","-285","361","-160","-2543","1182","14598","-12434","-942","305","17","24286","-4526","2010","908","-785","-1206","1291","819","31413","-481","40","-86","30763","5009","8905","8768","14220","5920","11642","11682","16243","4807","10576","10796","20051","6385","10013","10246","18757","7581","12538","13497","-33870","-3186","-1446","66","9380","-4619","373","27","10830","-5771","-2584","280","14156","-10456","-1852","1378","11856","-6555","-3683","2739","13781","-4254","-4405","2494","14568","-9313"
"cfo_change_in_working_capital","-749","651","4468","-3050","428","-932","2048","-1370","1166","-2297","1333","-2599","-42","-1763","16053","-15209","1864","-2281","1874","20640","-541","363","2605","-2605","1123","-940","2843","27009","2725","-2850","2775","25574","8822","6144","11488","9476","11603","7121","13390","10764","10757","6730","12973","14489","12529","7705","13471","12880","13020","10524","16026","-38662","3134","-3103","1465","2152","2307","-2330","1237","1070","2467","-3326","752","3973","-927","-5256","2450","2250","1480","-6903","2700","1787","5455","-9554","3072","1473","1873"
"cfo_deferred_tax","6","-985","54","-554","293","68","-292","-248","-128","170","-271","448","166","-517","981","-209","357","323","103","152","376","454","-368","300","-46","550","-241","-483","-148","-117","-59","326","402","14","-134","672","38","140","226","-423","404","-176","-190","-369","301","314","253","-644","73","-247","351","2004","540","848","963","-1952","608","13669","249","-1486","-1338","-237","-44","-4844","-177","-53","-206","447","-11","-17","-88","-34","-5970","183","-198","283","-1191"
"cfo_stock_comp","","","","","","","","","","","","","","","","","","","","","","","","","443","485","481","482","528","553","541","544","558","575","591","520","603","603","599","601","635","591","602","618","646","633","641","654","674","658","672","664","703","767","883","913","973","986","969","1012","1107","1183","1172","1190","1262","1340","1338","1349","1456","1566","1525","1571","1702","1897","1906","1997","2192"
"cfo_other_noncash_items","1225","3059","-1116","2263","575","912","402","1612","-84","474","347","2343","210","1331","-15114","16404","-1067","1337","185","-21612","-1423","159","166","2420","367","-2403","-390","-26640","-1015","-697","-537","-27065","-7753","-8173","-8225","-3296","-8936","-10470","-11657","-10987","-9789","-10551","-10201","-11307","-11090","-11696","-11264","-4339","-11254","-11879","-12145","35685","-311","-652","-590","-520","-523","-684","-438","-567","-240","-135","-95","-322","11","-203","52","-79","-128","-354","-351","-416","-364","-307","105","157","-22"
"cf_cfo","3424","4574","4970","1658","4007","3619","5003","3976","4329","2231","4563","3281","4061","2042","7291","4402","5878","4567","7082","4085","3370","5782","6044","3841","6107","4969","7393","5604","8194","4186","8672","5942","8493","5862","9594","7677","8484","4780","9666","5903","8205","4413","10099","9785","8354","4340","9601","6849","8876","5618","10367","8464","11549","6293","10660","11005","12440","7875","12151","11418","13657","8900","13520","16108","13818","10680","17504","18673","19335","12516","22179","22710","24540","14480","25386","24629","23198"
"cfi_ppe_net","-167","-172","-213","-557","-173","-176","-203","-260","-213","-318","-302","-745","-411","-572","-461","-820","-510","-695","-759","-1218","-778","-842","-632","-867","-435","-376","-408","-758","-564","-491","-658","-642","-436","-498","-749","-622","-603","-930","-930","-1794","-1231","-1732","-1192","-1330","-1282","-1490","-1391","-1781","-1356","-2024","-2308","-2655","-2163","-1988","-1695","-2283","-2132","-2586","-2934","-3980","-3602","-3707","-2565","-4051","-3385","-3545","-3767","-4744","-4907","-4174","-5089","-6452","-5810","-5865","-5340","-6871","-6283"
"cfi_acquisitions_net","","","","","","","","","","","","","","","","","","","","","","","","","-39","-63","-143","","","-69","","","-875","-8627","-84","-526","-1145","-311","-108","-20","-15","-139","-157","-5626","-141","-2794","-162","-626","-390","-381","-559","-63","-24","-24760","-802","-358","-179","-27","-248","-434","-245","-1593","-269","-281","-462","-80","-329","-1650","-481","-415","-7512","-501","-1206","-850","-18719","-1263","-349"
"cfi_investment_net","-3577","-1777","-1005","4130","-7941","23592","-919","1314","-2861","7073","-119","3020","6680","-329","695","2833","3453","849","-190","2663","3293","-2750","-5377","-6949","-2575","970","-5236","-749","-5120","-1457","-5307","-1332","-938","3849","-11769","-3117","-5572","-959","-7165","-4106","-3304","679","-2981","-1718","-5947","-670","-3594","-2657","-3382","-1208","-2550","-7277","-16199","10927","-2614","-4625","-4699","2459","7045","1752","894","1100","1471","-2925","2071","-2411","4147","3173","2100","2593","2517","-4334","4183","5643","9069","-457","4360"
"cfi_intangibles_net","","","","","","","","","","","","","","","","","","","","","","","","","","","","","","","","","","","","","","","","","","","","","","","","","","","","","","","","","","","","","","","","","","","","","","","","","","","","",""
"cfi_other","-4","","","","","-1","-11","-195","-187","-63","1254","1464","192","-1057","277","-938","-5200","-1203","171","-1948","-1920","1093","","-41","1850","-623","-117","-2612","727","447","-1174","1024","-66","-292","361","-397","-399","-393","543","81","-64","167","46","-236","-367","238","-334","-3","62","285","-66","-78","-84","1070","-1080","-103","106","-177","-19","-8","","","","","","","","-1241","-2083","327","400","434","-417","-89","-1181","-1138","-860"
"cf_cfi","-3748","-1949","-1218","3573","-8114","23415","-1133","859","-3261","6692","833","3739","6461","-1958","511","1075","-2257","-1049","-778","-503","595","-2499","-6009","-7857","-1199","-92","-5904","-4119","-4957","-1570","-7139","-950","-2315","-5568","-12241","-4662","-7719","-2593","-7660","-5839","-4614","-1025","-4284","-8910","-7737","-4716","-5481","-5067","-5066","-3328","-5483","-10073","-18470","-14751","-6191","-7369","-6904","-331","3844","-2670","-2953","-4200","-1363","-7257","-1776","-6036","51","-4462","-5371","-1669","-9684","-10853","-3250","-1161","-16171","-9729","-3132"
"cff_common_stock_net","-350","-541","-1040","1296","132","-174","-2073","-2833","-2115","-7435","-4675","-3981","-7298","-1348","-6094","-6053","-2284","-1722","-972","-4061","-6265","-2678","96","73","-1292","-3138","-1601","-2927","-4222","-4392","557","-1076","-1598","-834","68","-752","-1215","-1513","-825","-876","-1985","-1996","-1704","-1024","-2672","-2024","-4985","-4128","-4538","-3561","-3698","-3504","-4121","-3468","-1883","-1544","-2263","-1819","-3530","-2107","-3384","-6213","-4479","-4325","-4485","-4972","-6717","-5451","-6198","-6233","-6534","-6727","-7072","-7142","-8345","-8296","-4998"
"cff_pfd_net","","","","","","","","","","","","","","","","","","","","","","","","","","","","","","","","","","","","","","","","","","","","","","","","","","","","","","","","","","","","","","","","","","","","","","","","","","","","",""
"cff_debt_net","","","","","","","","","","","","","","","","","","","","","1975","21","-1","3751","250","-2","","-58","4721","-1000","2239","","","","","","","2232","","1305","300","6962","-300","","1499","4798","4105","3259","3261","5976","1747","7299","21362","9196","-966","1867","-925","3661","-12256","-681","","-3000","","-1000","-2500","-18","-3000","","","-3250","-500","","-4826","","-4197","","-1000"
"cff_dividend_paid","","","","","-870","-33498","-885","-859","-857","-846","-925","-917","-897","-980","-976","-952","-938","-1034","-1023","-1020","-998","-1157","-1155","-1158","-1157","-1152","-1139","-1130","-1118","-1363","-1349","-1350","-1341","-1683","-1683","-1678","-1676","-1933","-1925","-1921","-1916","-2332","-2322","-2309","-2307","-2547","-2532","-2496","-2475","-2868","-2842","-2821","-2800","-3024","-3012","-3009","-3003","-3238","-3232","-3226","-3220","-3544","-3526","-3521","-3510","-3886","-3876","-3865","-3856","-4230","-4221","-4214","-4206","-4652","-4645","-4632","-4621"
"cff_other","","-1729","","","","","","-18","31","479","465","214","20","5","7","22","69","33","9","9","44","-44","","33","9","15","14","17","-20","4","-10","3","70","4","10","9","177","-7","6","23","205","-19","22","-247","502","307","316","-239","-178","-65","-123","-3","-112","312","-375","-15","-150","-156","-640","-25","-780","-459","404","160","286","-39","-1052","-2946","-235","79","-1937","-430","-172","-192","-158","-341","-264"
"cf_cff","-350","-2270","-1040","1296","-738","-33672","-2958","-3710","-2941","-7802","-5135","-4684","-8175","-2323","-7063","-6983","-3153","-2723","-1986","-5072","-5244","-3858","-1060","2699","-2190","-4277","-2726","-4098","-639","-6751","1437","-2423","-2869","-2513","-1605","-2421","-2714","-1221","-2744","-1469","-3396","2615","-4304","-3580","-2978","534","-3096","-3604","-3930","-518","-4916","971","14329","3016","-6236","-2701","-6341","-1552","-19658","-6039","-7384","-13216","-7601","-8686","-10209","-8915","-14645","-12262","-10289","-13634","-13192","-11371","-16276","-11986","-17345","-13269","-10883"
"ebitda","3476","1775","1527","3442","3677","4857","3611","3271","4280","4888","4065","4142","4723","3837","7034","4284","6353","6962","4941","6071","6584","6571","5102","4668","5128","9128","5867","6648","7810","8828","6429","6860","7929","8672","7140","7182","6018","8780","8665","7056","7288","9230","8229","8351","8412","9540","8299","7878","7254","7570","6990","11996","8531","10071","9176","10331","10207","11215","11002","12895","12792","13253","13267","15329","15657","17094","16093","16911","18521","20658","19984","22439","23450","25743","24137","24513","24308"
"capex","-167","-172","-213","-557","-173","-176","-203","-260","-213","-318","-302","-745","-411","-572","-461","-820","-510","-695","-759","-1218","-778","-842","-632","-867","-435","-376","-408","-758","-564","-491","-658","-642","-436","-498","-749","-622","-603","-930","-930","-1794","-1231","-1732","-1192","-1330","-1282","-1490","-1391","-1781","-1356","-2024","-2308","-2655","-2163","-1988","-1695","-2283","-2132","-2586","-2934","-3980","-3602","-3707","-2565","-4051","-3385","-3545","-3767","-4744","-4907","-4174","-5089","-6452","-5810","-5865","-5340","-6871","-6283"
"fcf","3257","4402","4757","1101","3834","3443","4800","3716","4116","1913","4261","2536","3650","1470","6830","3582","5368","3872","6323","2867","2592","4940","5412","2974","5672","4593","6985","4846","7630","3695","8014","5300","8057","5364","8845","7055","7881","3850","8736","4109","6974","2681","8907","8455","7072","2850","8210","5068","7520","3594","8059","5809","9386","4305","8965","8722","10308","5289","9217","7438","10055","5193","10955","12057","10433","7135","13737","13929","14428","8342","17090","16258","18730","8615","20046","17758","16915"
"book_value","66680","69343","70580","74825","75946","47232","47373","48115","48327","44208","42038","40104","36101","36634","34973","31097","32135","34431","37554","36286","33594","34478","36943","39558","41212","44283","45710","46175","46942","48481","53452","57083","59391","64121","68659","66363","68836","72576","76688","78944","81641","85100","87424","89784","90170","91879","90132","80083","77445","76780","74806","71997","70372","68809","69729","87711","89647","78360","79239","82718","85967","92128","94864","102330","106061","110109","114501","118304","123392","130236","134505","141988","151978","160010","162924","166542","173566"
"tangible_book_value","63174","65888","66871","71141","72297","43633","43794","44307","44321","40189","37968","35699","31228","31700","30057","25459","20266","22405","25569","22205","19404","20173","22633","25296","26977","30569","31965","32623","33394","34987","40058","43758","45828","41870","46205","49741","50947","54508","58766","61206","63992","67475","69772","62676","63396","62725","61441","58309","55558","54725","52399","50392","48943","23284","24514","42483","44660","33971","35113","38982","42533","42069","44900","52554","56440","60735","65582","67915","72579","79462","76680","84477","93729","101627","84205","87720","95299"
"roa","0.1","0.09","0.08","0.09","0.09","0.13","0.17","0.18","0.18","0.19","0.2","0.18","0.19","0.18","0.21","0.22","0.23","0.26","0.24","0.25","0.26","0.26","0.24","0.2","0.17","0.2","0.21","0.22","0.23","0.22","0.23","0.22","0.22","0.21","0.2","0.14","0.13","0.12","0.12","0.16","0.16","0.15","0.14","0.13","0.12","0.12","0.11","0.07000000000000001","0.07000000000000001","0.07000000000000001","0.06","0.11","0.1","0.1","0.11","0.11","0.11","0.05","0.06","0.07000000000000001","0.07000000000000001","0.13","0.13","0.14","0.15","0.16","0.16","0.15","0.16","0.17","0.18","0.19","0.2","0.21","0.21","0.21","0.19"
"roe","0.12","0.11","0.1","0.11","0.11","0.16","0.24","0.26","0.27","0.28","0.31","0.31","0.34","0.33","0.39","0.43","0.47","0.51","0.46","0.48","0.51","0.51","0.44","0.38","0.34","0.38","0.38","0.41","0.44","0.43","0.43","0.42","0.4","0.38","0.35","0.25","0.23","0.22","0.22","0.28","0.28","0.27","0.26","0.25","0.24","0.23","0.22","0.14","0.16","0.15","0.14","0.28","0.3","0.32","0.35","0.32","0.3","0.16","0.2","0.2","0.22","0.38","0.37","0.4","0.39","0.41","0.41","0.38","0.39","0.4","0.42","0.44","0.46","0.46","0.45","0.44","0.41"
"roic","0.12","0.11","0.1","0.11","0.11","0.16","0.24","0.26","0.27","0.28","0.31","0.31","0.34","0.33","0.39","0.43","0.47","0.51","0.46","0.48","0.49","0.48","0.42","0.35","0.3","0.33","0.34","0.36","0.38","0.36","0.35","0.34","0.33","0.32","0.3","0.21","0.2","0.18","0.18","0.24","0.24","0.22","0.21","0.2","0.19","0.18","0.17","0.1","0.11","0.1","0.09","0.17","0.16","0.15","0.16","0.15","0.15","0.08","0.09","0.1","0.11","0.2","0.2","0.22","0.23","0.24","0.25","0.23","0.25","0.26","0.28","0.3","0.32","0.32","0.32","0.32","0.3"
"roce","0.14","0.13","0.1","0.12","0.12","0.2","0.29","0.28","0.28","0.29","0.31","0.34","0.37","0.36","0.43","0.45","0.48","0.52","0.47","0.51","0.52","0.5","0.48","0.41","0.35","0.38","0.37","0.4","0.42","0.39","0.37","0.35","0.34","0.32","0.31","0.31","0.29","0.27","0.27","0.25","0.25","0.24","0.22","0.22","0.22","0.21","0.2","0.21","0.2","0.18","0.17","0.19","0.18","0.17","0.17","0.15","0.15","0.15","0.16","0.17","0.18","0.19","0.19","0.2","0.2","0.22","0.23","0.23","0.24","0.25","0.26","0.28","0.29","0.3","0.31","0.31","0.31"
"rotce","0.15","0.13","0.11","0.12","0.12","0.21","0.32","0.3","0.3","0.31","0.34","0.38","0.42","0.4","0.48","0.52","0.61","0.71","0.64","0.74","0.78","0.75","0.7","0.57","0.47","0.5","0.48","0.51","0.53","0.49","0.46","0.42","0.4","0.41","0.41","0.39","0.35","0.33","0.32","0.3","0.3","0.28","0.26","0.27","0.28","0.27","0.26","0.25","0.24","0.22","0.2","0.22","0.21","0.21","0.23","0.2","0.19","0.19","0.2","0.22","0.23","0.24","0.25","0.25","0.26","0.28","0.29","0.29","0.3","0.32","0.34","0.37","0.38","0.38","0.41","0.43","0.43"
"gross_margin","0.82","0.77","0.85","0.84","0.85","0.82","0.86","0.86","0.87","0.8100000000000001","0.8100000000000001","0.82","0.84","0.71","0.85","0.76","0.8100000000000001","0.78","0.83","0.82","0.8100000000000001","0.77","0.79","0.8","0.78","0.8100000000000001","0.8100000000000001","0.8","0.8100000000000001","0.76","0.76","0.79","0.78","0.73","0.77","0.77","0.74","0.73","0.77","0.71","0.72","0.66","0.71","0.67","0.64","0.62","0.67","0.66","0.65","0.59","0.62","0.7","0.64","0.62","0.65","0.67","0.66","0.62","0.65","0.68","0.66","0.62","0.67","0.6899999999999999","0.6899999999999999","0.67","0.6899999999999999","0.68","0.7","0.67","0.6899999999999999","0.7","0.7","0.67","0.68","0.68","0.6899999999999999"
"ebitda_margin","0.42","0.17","0.17","0.37","0.4","0.45","0.38","0.32","0.44","0.41","0.37","0.35","0.44","0.31","0.49","0.32","0.46","0.43","0.34","0.38","0.44","0.4","0.37","0.36","0.4","0.48","0.4","0.41","0.48","0.44","0.39","0.4","0.46","0.42","0.41","0.4","0.38","0.41","0.42","0.35","0.39","0.38","0.4","0.36","0.36","0.36","0.38","0.36","0.36","0.32","0.34","0.45","0.39","0.39","0.4","0.4","0.42","0.39","0.41","0.43","0.44","0.41","0.43","0.45","0.47","0.46","0.46","0.44","0.5","0.48","0.48","0.49","0.52","0.5","0.49","0.47","0.48"
"operating_margin","0.38","0.15","0.14","0.34","0.38","0.44","0.35","0.29","0.42","0.39","0.36","0.33","0.41","0.28","0.46","0.29","0.43","0.4","0.31","0.34","0.4","0.36","0.33","0.3","0.35","0.45","0.36","0.37","0.44","0.41","0.35","0.36","0.41","0.38","0.37","0.35","0.33","0.36","0.37","0.31","0.34","0.33","0.34","0.28","0.3","0.3","0.31","0.29","0.28","0.25","0.26","0.38","0.31","0.31","0.29","0.31","0.31","0.3","0.31","0.34","0.34","0.32","0.34","0.37","0.38","0.38","0.37","0.35","0.43","0.42","0.41","0.41","0.45","0.43","0.41","0.4","0.43"
"pretax_margin","0.47","0.23","0.25","0.4","0.41","0.48","0.4","0.38","0.47","0.43","0.4","0.36","0.47","0.3","0.48","0.32","0.45","0.42","0.33","0.38","0.4","0.34","0.3","0.32","0.37","0.47","0.37","0.38","0.45","0.43","0.37","0.36","0.42","0.39","0.37","0.02","0.35","0.36","0.37","0.31","0.35","0.32","0.34","0.28","0.25","0.3","0.3","-0.08","0.27","0.25","0.25","0.35","0.31","0.31","0.31","0.31","0.33","0.32","0.32","0.35","0.35","0.32","0.34","0.37","0.38","0.38","0.37","0.35","0.43","0.43","0.41","0.42","0.45","0.44","0.41","0.4","0.43"
"net_income_margin","0.32","0.15","0.14","0.29","0.28","0.32","0.27","0.36","0.32","0.31","0.27","0.24","0.32","0.21","0.34","0.23","0.31","0.29","0.3","0.27","0.29","0.25","0.22","0.23","0.28","0.35","0.28","0.28","0.33","0.33","0.32","0.34","0.33","0.32","0.29","-0.03","0.28","0.3","0.3","0.25","0.28","0.27","0.28","0.2","0.2","0.22","0.23","-0.14","0.24","0.21","0.18","0.26","0.26","0.24","0.24","0.32","0.27","-0.22","0.28","0.29","0.3","0.26","0.29","0.39","0.32","0.32","0.31","0.29","0.37","0.36","0.37","0.36","0.45","0.36","0.34","0.32","0.35"
"fcf_margin","0.4","0.43","0.52","0.12","0.42","0.32","0.5","0.37","0.42","0.16","0.39","0.21","0.34","0.12","0.47","0.27","0.39","0.24","0.44","0.18","0.17","0.3","0.4","0.23","0.44","0.24","0.48","0.3","0.47","0.19","0.49","0.31","0.46","0.26","0.51","0.39","0.49","0.18","0.43","0.21","0.38","0.11","0.44","0.36","0.3","0.11","0.38","0.23","0.37","0.15","0.39","0.22","0.43","0.17","0.39","0.34","0.42","0.18","0.34","0.25","0.35","0.16","0.36","0.36","0.32","0.19","0.39","0.37","0.39","0.19","0.41","0.35","0.41","0.17","0.41","0.34","0.34"
"assets_to_equity","1.26","1.24","1.27","1.26","1.24","1.37","1.4","1.47","1.48","1.52","1.59","1.74","1.81","1.81","1.83","2.03","2.04","1.96","1.88","2.01","1.94","1.91","1.86","1.97","1.98","1.85","1.86","1.86","1.95","1.9","1.87","1.9","1.81","1.75","1.72","1.83","1.77","1.77","1.75","1.8","1.74","1.8","1.79","1.92","1.88","1.9","1.96","2.18","2.23","2.35","2.43","2.69","3.02","3.26","3.23","2.85","2.78","3.27","3.1","3.13","3","2.81","2.78","2.8","2.63","2.57","2.49","2.55","2.44","2.34","2.3","2.35","2.21","2.13","2.12","2.19","2.07"
"equity_to_assets","0.79","0.8100000000000001","0.79","0.79","0.8100000000000001","0.73","0.71","0.68","0.68","0.66","0.63","0.58","0.55","0.55","0.55","0.49","0.49","0.51","0.53","0.5","0.52","0.52","0.54","0.51","0.5","0.54","0.54","0.54","0.51","0.53","0.54","0.53","0.55","0.57","0.58","0.55","0.5600000000000001","0.5600000000000001","0.57","0.55","0.57","0.55","0.5600000000000001","0.52","0.53","0.53","0.51","0.46","0.45","0.43","0.41","0.37","0.33","0.31","0.31","0.35","0.36","0.31","0.32","0.32","0.33","0.36","0.36","0.36","0.38","0.39","0.4","0.39","0.41","0.43","0.44","0.43","0.45","0.47","0.47","0.46","0.48"
"debt_to_equity","","","","","","","","","","","","","","","","","","","","","0.06","0.06","0.05","0.15","0.15","0.14","0.13","0.13","0.23","0.2","0.22","0.21","0.2","0.19","0.17","0.18","0.17","0.2","0.19","0.2","0.2","0.27","0.26","0.25","0.26","0.31","0.35","0.44","0.5","0.58","0.62","0.74","1.06","1.23","1.2","1.04","1.02","1.21","1.05","0.99","0.95","0.86","0.83","0.77","0.72","0.7","0.65","0.6","0.58","0.53","0.5","0.48","0.42","0.4","0.38","0.37","0.35"
"debt_to_assets","","","","","","","","","","","","","","","","","","","","","0.03","0.03","0.03","0.07000000000000001","0.07000000000000001","0.07000000000000001","0.07000000000000001","0.07000000000000001","0.12","0.1","0.12","0.11","0.11","0.11","0.1","0.1","0.1","0.11","0.11","0.11","0.11","0.15","0.15","0.13","0.14","0.16","0.18","0.2","0.22","0.25","0.26","0.28","0.35","0.38","0.37","0.37","0.37","0.37","0.34","0.32","0.32","0.3","0.3","0.27","0.27","0.27","0.26","0.24","0.24","0.23","0.22","0.2","0.19","0.19","0.18","0.17","0.17"
"revenue_per_share","0.75","0.93","0.85","0.85","0.84","0.99","0.88","0.9399999999999999","0.9","1.11","1.05","1.15","1.08","1.26","1.46","1.38","1.45","1.72","1.53","1.68","1.64","1.87","1.53","1.46","1.44","2.13","1.63","1.81","1.86","2.33","1.93","2.03","2.05","2.47","2.05","2.12","1.88","2.54","2.43","2.35","2.2","2.92","2.44","2.8","2.78","3.19","2.64","2.73","2.52","2.96","2.57","3.34","2.78","3.3","2.97","3.28","3.15","3.75","3.44","3.87","3.75","4.18","3.95","4.36","4.29","4.8","4.56","4.97","4.86","5.66","5.49","6.09","5.99","6.85","6.55","6.91","6.7"
"ebitda_per_share","0.32","0.16","0.14","0.32","0.34","0.44","0.33","0.3","0.4","0.46","0.39","0.4","0.47","0.39","0.71","0.44","0.67","0.73","0.52","0.65","0.72","0.74","0.57","0.52","0.57","1.02","0.66","0.75","0.9","1.03","0.76","0.8","0.93","1.02","0.84","0.84","0.71","1.04","1.03","0.83","0.86","1.1","0.98","1","1.01","1.15","1.01","0.97","0.9","0.9399999999999999","0.88","1.51","1.08","1.29","1.17","1.32","1.31","1.45","1.41","1.66","1.65","1.71","1.71","1.98","2.03","2.22","2.1","2.21","2.43","2.71","2.63","2.96","3.1","3.41","3.2","3.27","3.25"
"operating_income_per_share","0.29","0.14","0.12","0.29","0.32","0.43","0.3","0.28","0.38","0.44","0.37","0.38","0.45","0.35","0.67","0.4","0.62","0.68","0.47","0.58","0.65","0.67","0.5","0.44","0.5","0.95","0.58","0.67","0.82","0.95","0.67","0.72","0.85","0.9399999999999999","0.75","0.75","0.62","0.92","0.9","0.72","0.75","0.95","0.83","0.79","0.84","0.97","0.82","0.78","0.72","0.75","0.66","1.27","0.85","1.01","0.86","1.02","0.99","1.13","1.06","1.33","1.28","1.32","1.34","1.6","1.65","1.81","1.69","1.75","2.08","2.35","2.24","2.52","2.67","2.94","2.7","2.74","2.87"
"pretax_income_per_share","0.36","0.21","0.21","0.34","0.35","0.47","0.35","0.36","0.42","0.48","0.41","0.42","0.5","0.38","0.71","0.44","0.65","0.72","0.51","0.63","0.65","0.63","0.45","0.46","0.53","0.99","0.6","0.68","0.83","0.99","0.71","0.74","0.86","0.97","0.75","0.04","0.65","0.92","0.9","0.73","0.76","0.9399999999999999","0.83","0.79","0.71","0.95","0.79","-0.22","0.68","0.73","0.63","1.16","0.87","1.02","0.91","1.02","1.02","1.19","1.11","1.37","1.32","1.34","1.35","1.63","1.65","1.83","1.67","1.75","2.11","2.41","2.27","2.56","2.71","2.98","2.68","2.73","2.88"
"fcf_per_share","0.3","0.4","0.44","0.1","0.35","0.31","0.44","0.34","0.38","0.18","0.41","0.25","0.36","0.15","0.6899999999999999","0.37","0.5600000000000001","0.41","0.67","0.3","0.28","0.55","0.61","0.33","0.63","0.51","0.79","0.55","0.88","0.43","0.9399999999999999","0.62","0.95","0.63","1.04","0.83","0.93","0.46","1.04","0.49","0.83","0.32","1.06","1.01","0.85","0.34","1","0.62","0.93","0.45","1.01","0.73","1.19","0.55","1.15","1.12","1.32","0.6899999999999999","1.18","0.96","1.29","0.67","1.41","1.56","1.35","0.93","1.79","1.82","1.89","1.1","2.25","2.14","2.48","1.14","2.66","2.37","2.26"
"book_value_per_share","6.13","6.36","6.5","6.88","6.95","4.31","4.33","4.45","4.49","4.16","4.04","3.92","3.61","3.68","3.55","3.21","3.38","3.62","3.98","3.86","3.66","3.87","4.15","4.41","4.59","4.95","5.15","5.22","5.4","5.66","6.28","6.68","7","7.57","8.08","7.79","8.1","8.59","9.1","9.33","9.68","10.14","10.45","10.74","10.8","11.07","10.94","9.84","9.58","9.539999999999999","9.369999999999999","9.08","8.93","8.789999999999999","8.92","11.23","11.49","10.16","10.17","10.63","11.07","11.86","12.25","13.23","13.76","14.32","14.92","15.46","16.16","17.1","17.71","18.73","20.08","21.18","21.63","22.19","23.19"
"tangible_book_per_share","5.8","6.05","6.16","6.54","6.62","3.98","4.01","4.09","4.11","3.78","3.65","3.49","3.12","3.19","3.05","2.63","2.13","2.36","2.71","2.36","2.11","2.26","2.54","2.82","3","3.42","3.6","3.69","3.84","4.08","4.71","5.12","5.4","4.95","5.44","5.84","6","6.46","6.97","7.23","7.59","8.039999999999999","8.34","7.49","7.59","7.56","7.46","7.17","6.87","6.8","6.56","6.36","6.21","2.97","3.14","5.44","5.73","4.41","4.51","5.01","5.48","5.42","5.8","6.79","7.32","7.9","8.539999999999999","8.869999999999999","9.5","10.43","10.09","11.14","12.39","13.45","11.18","11.69","12.73"
"payout_ratio","","1.14","","","0.35","0.25","0.35","0.24","0.28","0.24","0.31","0.32","0.26","0.38","0.2","0.32","0.22","0.22","0.23","0.24","0.23","0.28","0.39","0.38","0.33","0.18","0.29","0.25","0.21","0.21","0.26","0.24","0.24","0.26","0.33","-3.33","0.38","0.3","0.32","0.39","0.37","0.36","0.41","0.51","0.52","0.44","0.51","-0.78","0.51","0.58","0.77","0.92","0.5","0.49","0.5600000000000001","0.47","0.46","-0.51","0.44","0.37","0.37","0.43","0.4","0.27","0.33","0.34","0.36","0.35","0.28","0.28","0.28","0.26","0.21","0.25","0.28","0.28","0.26"
"revenue_growth","0.06","0.19","0.17","0.15","0.12","0.07000000000000001","0.05","0.09","0.06","0.09","0.13","0.16","0.11","0.06","0.32","0.13","0.27","0.3","","0.18","0.09","0.02","-0.06","-0.17","-0.14","0.14","0.06","0.22","0.25","0.05","0.13","0.08","0.07000000000000001","0.05","0.06","0.04","-0.08","0.03","0.18","0.1","0.16","0.14","","0.18","0.25","0.08","0.06","-0.05","-0.12","-0.1","-0.06","0.19","0.08","0.09","0.13","-0.03","0.12","0.12","0.16","0.17","0.19","0.12","0.14","0.12","0.14","0.14","0.15","0.13","0.12","0.17","0.19","0.21","0.22","0.2","0.18","0.12","0.11"
"gross_profit_growth","0.05","0.22","0.18","0.16","0.16","0.14","0.06","0.12","0.09","0.08","0.07000000000000001","0.1","0.07000000000000001","-0.07000000000000001","0.38","0.05","0.22","0.44","-0.03","0.28","0.1","-0.01","-0.09","-0.19","-0.17","0.21","0.08","0.22","0.3","-0.02","0.07000000000000001","0.06","0.04","0.01","0.07000000000000001","0.02","-0.13","0.03","0.17","0.02","0.13","0.03","-0.08","0.11","0.12","0.01","0.01","-0.07000000000000001","-0.12","-0.15","-0.12","0.26","0.07000000000000001","0.14","0.18","-0.07000000000000001","0.15","0.12","0.16","0.19","0.18","0.12","0.16","0.15","0.18","0.22","0.18","0.1","0.15","0.18","0.19","0.25","0.21","0.2","0.18","0.1","0.09"
"ebitda_growth","0.05","-0.29","-0.52","0.75","0.06","1.74","1.36","-0.05","0.16","0.01","0.13","0.27","0.1","-0.22","0.73","0.03","0.35","0.8100000000000001","-0.3","0.42","0.04","-0.06","0.03","-0.23","-0.22","0.39","0.15","0.42","0.52","-0.03","0.1","0.03","0.02","-0.02","0.11","0.05","-0.24","0.01","0.21","-0.02","0.21","0.05","-0.05","0.18","0.15","0.03","0.01","-0.06","-0.14","-0.21","-0.16","0.52","0.18","0.33","0.31","-0.14","0.2","0.11","0.2","0.25","0.25","0.18","0.21","0.19","0.22","0.29","0.21","0.1","0.18","0.21","0.24","0.33","0.27","0.25","0.21","0.09","0.04"
"operating_income_growth","0.04","-0.34","-0.53","1.03","0.11","2.22","1.6","-0.05","0.16","-0.02","0.17","0.3","0.11","-0.25","0.6899999999999999","0.01","0.32","0.87","-0.33","0.4","0.01","-0.08","0.01","-0.27","-0.25","0.43","0.17","0.49","0.59","-0.04","0.1","0.04","0.01","-0.02","0.12","0.03","-0.26","-0.03","0.19","-0.05","0.19","0.03","-0.08","0.09","0.1","0.01","-0.03","-0.03","-0.17","-0.25","-0.22","0.58","0.16","0.31","0.27","-0.21","0.15","0.1","0.23","0.3","0.29","0.18","0.25","0.2","0.27","0.35","0.25","0.08","0.25","0.29","0.31","0.42","0.27","0.24","0.19","0.08","0.06"
"pretax_income_growth","0.28","-0.11","-0.29","0.67","-0.03","1.24","0.68","0.04","0.21","-0.01","0.13","0.1","0.11","-0.26","0.62","0.01","0.23","0.79","-0.31","0.39","-0.04","-0.17","-0.16","-0.31","-0.2","0.58","0.32","0.45","0.52","-0.04","0.13","0.05","0.01","-0.03","0.06","-0.9399999999999999","-0.24","-0.06","0.19","16.12","0.16","0.01","-0.08","0.07000000000000001","-0.08","","-0.06","-1.27","-0.06","-0.25","-0.23","6.26","0.24","0.37","0.41","-0.14","0.17","0.14","0.22","0.34","0.28","0.13","0.21","0.18","0.24","0.36","0.22","0.07000000000000001","0.27","0.3","0.34","0.45","0.27","0.23","0.17","0.06","0.05"
"net_income_growth","0.28","-0.17","-0.39","0.8100000000000001","-0.03","1.24","0.95","0.38","0.24","0.05","0.16","-0.24","0.11","-0.28","0.65","0.07000000000000001","0.23","0.79","-0.11","0.42","0.02","-0.11","-0.32","-0.29","-0.18","0.6","0.35","0.48","0.51","","0.31","0.3","0.06","","-0.02","-1.08","-0.22","-0.04","0.19","11.09","0.17","0.03","-0.07000000000000001","-0.07000000000000001","-0.13","-0.11","-0.12","-1.69","0.08","-0.14","-0.25","3.15","0.16","0.25","0.46","0.18","0.16","-2.01","0.35","0.1","0.34","2.34","0.19","0.49","0.21","0.38","0.22","-0.15","0.3","0.33","0.44","0.47","0.48","0.21","0.08","0.02","-0.14"
"eps_diluted_growth","0.26","-0.18","-0.4","0.79","-0.04","1.29","0.92","0.36","0.26","0.06","0.26","-0.18","0.21","-0.24","0.72","0.11","0.29","0.92","-0.06","0.48","0.07000000000000001","-0.06","-0.3","-0.26","-0.17","0.57","0.36","0.5","0.55","0.04","0.36","0.33","0.1","0.01","-0.02","-1.09","-0.22","-0.03","0.2","10.83","0.17","0.03","-0.06","-0.07000000000000001","-0.13","-0.09","-0.1","-1.73","0.13","-0.13","-0.23","1.98","0.18","0.29","0.49","1.13","0.17","-2.03","0.36","0.37","0.36","2.32","0.2","0.5","0.21","0.4","0.23","-0.15","0.32","0.34","0.45","0.49","0.49","0.22","0.09","0.03","-0.13"
"shares_diluted_growth","","","","0.01","","0.01","0.01","-0.01","-0.01","-0.03","-0.05","-0.05","-0.07000000000000001","-0.07000000000000001","-0.05","-0.06","-0.05","-0.04","-0.04","-0.03","-0.03","-0.06","-0.06","-0.05","-0.02","","","-0.01","-0.03","-0.04","-0.04","-0.03","-0.02","-0.01","","","","","-0.01","-0.01","-0.01","-0.01","-0.01","-0.01","-0.01","-0.01","-0.02","-0.03","-0.03","-0.03","-0.03","-0.03","-0.03","-0.03","-0.02","-0.02","-0.01","-0.02","","","","0.01","-0.01","-0.01","-0.01","-0.01","-0.01","-0.01","-0.01","-0.01","-0.01","-0.01","-0.01","-0.01","-0.01","-0.01","-0.01"
"cash_and_equiv_growth","0.08","0.11","1.17","1.22","0.93","-0.26","-0.6","-0.66","-0.73","-0.1","0.15","0.38","2.05","0.68","0.75","-0.09","-0.27","0.09","0.55","0.6899999999999999","0.36","0.12","-0.38","-0.41","-0.02","0.13","0.12","-0.09","-0.08","-0.57","-0.14","0.75","0.58","1.64","-0.09","-0.28","-0.61","-0.43","-0.18","-0.45","-0.2","0.67","1.21","1.28","0.57","-0.36","-0.36","-0.35","-0.14","0.12","-0.03","0.16","1.56","0.18","-0.06","0.18","-0.51","0.52","0.37","0.5600000000000001","1.2","-0.48","0.22","-0.05","-0.13","0.34","0.04","0.2","0.31","0.63","0.17","0.05","0.11","0.43","-0.09","-0.02","0.19"
"ppe_growth","","-0.04","0.02","0.05","0.06","0.07000000000000001","0.03","0.01","0.01","0.05","0.1","0.3","0.36","0.5","0.54","0.43","0.45","0.35","0.41","0.43","0.42","0.41","0.29","0.21","0.15","0.06","0.04","0.01","0.03","0.05","0.08","0.07000000000000001","0.03","0.03","0.03","0.01","0.04","0.09","0.12","0.21","0.29","0.33","0.28","0.3","0.23","0.18","0.22","0.13","0.14","0.16","0.17","0.25","0.28","0.35","0.3","0.65","0.65","0.55","0.58","0.19","0.21","0.2","0.17","0.21","0.21","0.24","0.22","0.21","0.23","0.27","0.32","0.34","0.32","0.28","0.27","0.24","0.2"
"total_assets_growth","0.2","0.19","0.21","0.15","0.12","-0.24","-0.26","-0.25","-0.24","0.04","0.01","-0.02","-0.09","-0.01","-0.04","-0.09","","0.01","0.11","0.15","-0.01","-0.02","-0.03","0.07000000000000001","0.25","0.25","0.23","0.11","0.12","0.12","0.17","0.26","0.17","0.22","0.18","0.12","0.13","0.15","0.14","0.17","0.17","0.19","0.16","0.21","0.19","0.14","0.13","0.01","0.02","0.03","0.03","0.11","0.23","0.25","0.24","0.29","0.17","0.14","0.09","0.03","0.03","0.01","0.07000000000000001","0.11","0.08","0.09","0.08","0.05","0.08","0.08","0.08","0.11","0.11","0.12","0.12","0.09","0.07000000000000001"
"total_equity_growth","0.25","0.24","0.21","0.15","0.14","-0.32","-0.33","-0.36","-0.36","-0.06","-0.11","-0.17","-0.25","-0.17","-0.17","-0.22","-0.11","-0.06","0.07000000000000001","0.17","0.05","","-0.02","0.09","0.23","0.28","0.24","0.17","0.14","0.09","0.17","0.24","0.27","0.32","0.28","0.16","0.16","0.13","0.12","0.19","0.19","0.17","0.14","0.14","0.1","0.08","0.03","-0.11","-0.14","-0.16","-0.17","-0.1","-0.09","-0.1","-0.07000000000000001","0.22","0.27","0.14","0.14","-0.06","-0.04","0.18","0.2","0.24","0.23","0.2","0.21","0.16","0.16","0.18","0.17","0.2","0.23","0.23","0.21","0.17","0.14"
"cfo_growth","-0.45","0.65","0.19","-0.38","0.17","-0.21","0.01","1.4","0.08","-0.38","-0.09","-0.17","-0.06","-0.08","0.6","0.34","0.45","1.24","-0.03","-0.07000000000000001","-0.43","0.27","-0.15","-0.06","0.8100000000000001","-0.14","0.22","0.46","0.34","-0.16","0.17","0.06","0.04","0.4","0.11","0.29","","-0.18","0.01","-0.23","-0.03","-0.08","0.04","0.66","0.02","-0.02","-0.05","-0.3","0.06","0.29","0.08","0.24","0.3","0.12","0.03","0.3","0.08","0.25","0.14","0.04","0.1","0.13","0.11","0.41","0.01","0.2","0.29","0.16","0.4","0.17","0.27","0.22","0.27","0.16","0.14","0.08","-0.05"
"capex_growth","-0.04","0.38","-0.17","-1.04","-0.04","-0.02","0.05","0.53","-0.23","-0.8100000000000001","-0.49","-1.87","-0.93","-0.8","-0.53","-0.1","-0.24","-0.22","-0.65","-0.49","-0.53","-0.21","0.17","0.29","0.44","0.55","0.35","0.13","-0.3","-0.31","-0.61","0.15","0.23","-0.01","-0.14","0.03","-0.38","-0.87","-0.24","-1.88","-1.04","-0.86","-0.28","0.26","-0.04","0.14","-0.17","-0.34","-0.06","-0.36","-0.66","-0.49","-0.6","0.02","0.27","0.14","0.01","-0.3","-0.73","-0.74","-0.6899999999999999","-0.43","0.13","-0.02","0.06","0.04","-0.47","-0.17","-0.45","-0.18","-0.35","-0.36","-0.18","-0.41","-0.05","-0.06","-0.08"
"fcf_growth","-0.46","0.77","0.19","-0.54","0.18","-0.22","0.01","2.38","0.07000000000000001","-0.44","-0.11","-0.32","-0.11","-0.23","0.6","0.41","0.47","1.63","-0.07000000000000001","-0.2","-0.52","0.28","-0.14","0.04","1.19","-0.07000000000000001","0.29","0.63","0.35","-0.2","0.15","0.09","0.06","0.45","0.1","0.33","-0.02","-0.28","-0.01","-0.42","-0.12","-0.3","0.02","1.06","0.01","0.06","-0.08","-0.4","0.06","0.26","-0.02","0.15","0.25","0.2","0.11","0.5","0.1","0.23","0.03","-0.15","-0.02","-0.02","0.19","0.62","0.04","0.37","0.25","0.16","0.38","0.17","0.24","0.17","0.3","0.03","0.17","0.09","-0.1"
"shares_eop","10805","10789","10777","10862","10865","10880.2","10804.4","10710","10644.7","10384","10225","10062","9820","9777","9566.809999999999","9375.49","9355.440000000001","9329","9313.290000000001","9151","8895.57","8890.559999999999","8899.719999999999","8908","8900","8811","8762","8668","8562","8403","8431","8376","8410","8382","8400","8381","8422","8374","8349","8328","8346","8300","8260","8239","8255","8218","8113","8027","7986","7925","7870","7808","7784","7730","7723","7708","7720","7705","7690","7677","7680","7683","7666","7643","7634","7611","7590","7571","7564","7546","7534","7519","7510","7500","7483","7464","7457"
"dividends","","0.16","","","0.08","0.08","0.08","0.08","0.08","0.08","0.09","0.09","0.09","0.1","0.1","0.1","0.1","0.11","0.11","0.11","0.11","0.13","0.13","0.13","0.13","0.13","0.13","0.13","0.13","0.16","0.16","0.16","0.16","0.2","0.2","0.2","0.2","0.23","0.23","0.23","0.23","0.28","0.28","0.28","0.28","0.31","0.31","0.31","0.31","0.36","0.36","0.36","0.36","0.39","0.39","0.39","0.39","0.42","0.42","0.42","0.42","0.46","0.46","0.46","0.46","0.51","0.51","0.51","0.51","0.5600000000000001","0.5600000000000001","0.5600000000000001","0.5600000000000001","0.62","0.62","0.62","0.62"
"price_to_earnings","37.07","37.92","38.6","38.3","37.36","29.08","23.23","21.71","21.29","20.8","20.65","18.61","20.76","24.51","19.24","19.64","18.53","19.59","16.1","14.24","13.36","10.03","10.33","14.53","16.62","16.52","14.85","10.63","10.18","11.4","9.82","9.41","8.92","9.27","11.61","15.1","15.96","14.47","14.56","13.16","12.27","13.61","15.1","15.56","17.91","18.46","16.49","29.07","28.15","37.55","41.47","19.45","21.05","21.3","20.95","20.84","21.6","47.66","44.51","45.68","46.67","23.27","25.89","26.09","25.83","27.08","25.87","34.8","33.5","32.71","31.71","33.24","31.19","35.43","31.84","26.35","24.89"
"price_to_book","4.5","4.26","3.81","4.18","3.98","6.16","5.51","5.53","5.67","6.14","6.62","5.85","7.44","7.97","7.62","8.880000000000001","8.58","9.65","7.04","6.94","7.07","5.01","4.43","5.35","5.55","6.06","5.61","4.32","4.47","4.84","4","3.82","3.52","3.39","3.95","3.86","3.64","3.08","3.11","3.64","3.4","3.65","3.87","3.83","4.24","4.15","3.66","4.43","4.56","5.73","5.81","5.55","6.37","6.98","7.29","6.06","6.36","8.41","8.859999999999999","9.15","10.22","8.470000000000001","9.529999999999999","10.01","10.01","10.9","10.45","13.02","12.89","12.89","13.21","14.35","13.93","15.76","14.16","11.51","10.01"
"price_to_sales","9.199999999999999","8.619999999999999","7.55","8.49","7.99","7.56","6.71","6.69","6.79","6.57","6.53","5.29","5.92","6.34","5.38","5.4","5.1","5.74","4.56","4.17","3.85","2.79","2.67","3.62","4.07","4.58","4.31","3.19","3.19","3.52","3.12","3.11","2.94","3.02","3.71","3.48","3.46","3.07","3.14","3.7","3.46","3.72","4.06","3.96","4.18","4.08","3.48","3.79","3.89","4.99","5","4.38","4.84","5.07","5.22","5.5","5.75","6.44","6.63","6.86","7.64","6.59","7.4","8.140000000000001","8.18","8.94","8.630000000000001","10.77","10.81","10.95","11.1","12.12","12.01","13.64","11.98","9.67","8.550000000000001"
"price_to_tangible_book","4.75","4.48","4.02","4.4","4.18","6.66","5.96","6","6.18","6.76","7.33","6.57","8.6","9.210000000000001","8.869999999999999","10.85","13.6","14.82","10.34","11.34","12.24","8.57","7.22","8.369999999999999","8.49","8.789999999999999","8.029999999999999","6.11","6.28","6.7","5.34","4.98","4.57","5.2","5.86","5.15","4.92","4.1","4.06","4.7","4.34","4.6","4.85","5.48","6.04","6.09","5.37","6.08","6.36","8.029999999999999","8.300000000000001","7.93","9.16","20.63","20.75","12.51","12.77","19.4","19.99","19.42","20.65","18.55","20.14","19.48","18.81","19.76","18.25","22.69","21.92","21.12","23.16","24.11","22.59","24.82","27.4","21.85","18.22"
"price_to_fcf","24.72","21","18.11","23.14","21.42","22.13","19.82","16.85","17.04","18.67","19.86","18.28","21.73","24.5","18.41","17.79","15.98","16.9","13.81","13.66","15.17","10.34","10.34","13.3","12.05","14.4","12.69","9.029999999999999","8.720000000000001","10.13","8.85","8.84","8.35","8.140000000000001","9.83","8.74","8.6","8.09","8.68","11.71","11.73","13.8","14.93","12.72","14.11","13.99","12.41","15.28","14.95","18.03","17.93","15.99","16.7","17.43","17.87","16.93","17.66","19.8","20.93","23.47","27.45","24.46","26.88","26.76","27.47","29.58","27.61","34.06","32.32","33.28","33.02","36.3","35.04","41.56","36.25","29.42","27.42"
"market_cap","300379","295294.93","268670.61","312825.6","301938.35","290718.944","261142.348","266036.4","273888.131","271541.6","278222.25","234444.6","268577","291941.22","266626.9947","276295.6903","275611.2624","332112.4","264311.1702","251744.01","237422.7633","172832.4864","163487.8564","211743.16","228908","268559.28","256638.98","199450.68","209683.38","234527.73","214063.09","217776","209324.9","217596.72","270984","256374.79","250638.72","223669.54","238864.89","287732.4","277754.88","310503","338577.4","343566.3","382701.8","381726.1","329874.58","354392.05","353460.36","439679","434660.1","399535.36","448358.4","480342.2","508636.78","531312.4399999999","570276.4","659085.7","701866.3","757028.97","878361.6","780362.3100000001","904128.04","1023856.28","1061355.02","1200254.7","1197018.9","1540774.21","1590936.12","1678381.32","1776291.18","2036897.1","2117219.2","2522400","2307083.73","1916979.12","1736735.3"
"period_end_price","27.8","27.37","24.93","28.8","27.79","26.72","24.17","24.84","25.73","26.15","27.21","23.3","27.35","29.86","27.87","29.47","29.46","35.6","28.38","27.51","26.69","19.44","18.37","23.77","25.72","30.48","29.29","23.01","24.49","27.91","25.39","26","24.89","25.96","32.26","30.59","29.76","26.71","28.61","34.55","33.28","37.41","40.99","41.7","46.36","46.45","40.66","44.15","44.26","55.48","55.23","51.17","57.6","62.14","65.86","68.93000000000001","73.87","85.54000000000001","91.27","98.61","114.37","101.57","117.94","133.96","139.03","157.7","157.71","203.51","210.33","222.42","235.77","270.9","281.92","336.32","308.31","256.83","232.9"
