"period_end_date","2003-03","2003-06","2003-09","2003-12","2004-03","2004-06","2004-09","2004-12","2005-03","2005-06","2005-09","2005-12","2006-03","2006-06","2006-09","2006-12","2007-03","2007-06","2007-09","2007-12","2008-03","2008-06","2008-09","2008-12","2009-03","2009-06","2009-09","2009-12","2010-03","2010-06","2010-09","2010-12","2011-03","2011-06","2011-09","2011-12","2012-03","2012-06","2012-09","2012-12","2013-03","2013-06","2013-09","2013-12","2014-03","2014-06","2014-09","2014-12","2015-03","2015-06","2015-09","2015-12","2016-03","2016-06","2016-09","2016-12","2017-03","2017-06","2017-09","2017-12","2018-03","2018-06","2018-09","2018-12","2019-03","2019-06","2019-09","2019-12","2020-03","2020-06","2020-09","2020-12","2021-03","2021-06","2021-09","2021-12","2022-03","2022-06","2022-09"
"revenue","55.669","63.187","72.202","81.185","100.37","120.321","141.644","138.276","152.446","164.027","172.74","193","224.126","239.351","255.95","277.233","305.32","303.693","293.972","302.355","326.183","337.614","341.269","359.595","394.098","408.509","423.12","444.542","493.665","519.819","553.2190000000001","595.922","718.553","788.61","821.8390000000001","875.575","869.7910000000001","889.163","905.0890000000001","945.239","1023.961","1069.372","1105.999","1175.23","1270.089","1340.407","1409.432","1484.728","1573.129","1644.694","1738.355","1823.333","1957.736","2105.204","2290.188","2477.541","2636.635","2785.464","2984.859","3285.755","3700.856","3907.27","3999.374","4186.841","4520.992","4923.116","5244.905","5467.434","5767.691","6148.286","6435.637","6644.442","7163.282","7341.777","7483.467","7709.318","7867.767","7970.141","7925.589"
"cogs","30.007","35.241","38.648","44.464","56.627","69.788","71.601","133.696","111.121","117.849","115.649","121.156","148.265","150.579","158.793","169.348","194.972","196.693","194.453","200.05","222.805","230.087","224.496","232.846","259.268","269.243","275.274","275.486","307.162","314.934","344.469","390.79","438.151","489.978","536.617","575.155","623.933","643.428","662.638","722.059","736.952","760.674","798.9","820.677","869.186","914.848","954.394","1014.332","1046.401","1121.752","1173.958","1249.365","1369.54","1473.098","1532.844","1881.98","1657.024","1902.308","1992.98","2480.688","2300.579","2402.431","2531.128","2733.4","2870.614","3005.657","3097.919","3466.023","3599.701","3643.707","3867.751","4165.16","3868.511","4018.008","4206.589","5239.575","4284.705","4690.755","4788.665"
"gross_profit","25.662","27.946","33.554","36.721","43.743","50.533","70.04300000000001","4.58","41.325","46.178","57.091","71.84399999999999","75.861","88.77200000000001","97.157","107.885","110.348","107","99.51900000000001","102.305","103.378","107.527","116.773","126.749","134.83","139.266","147.846","169.056","186.503","204.885","208.75","205.132","280.402","298.632","285.222","300.42","245.858","245.735","242.451","223.18","287.009","308.698","307.099","354.553","400.903","425.559","455.038","470.396","526.728","522.942","564.397","573.968","588.196","632.106","757.3440000000001","595.561","979.611","883.1559999999999","991.879","805.067","1400.277","1504.839","1468.246","1453.441","1650.378","1917.459","2146.986","2001.411","2167.99","2504.579","2567.886","2479.282","3294.771","3323.769","3276.878","2469.743","3583.062","3279.386","3136.924"
"sga","26.39","20.975","25.96","30.348","45.054","42.264","43.648","-4.836","42.542","33.192","43.004","60.615","61.26","53.804","69.315","77.3","84.32599999999999","59.102","62.061","65.32299999999999","68.634","53.403","60.959","66.379","75.256","59.483","70.099","84.239","90.759","89.68000000000001","97.14100000000001","80.72","127.257","125.653","118.9","157.765","164.992","148.034","143.795","121.403","163.212","158.455","154.439","174.137","192.998","180.777","223.678","279.474","286.166","293.046","318.994","333.215","335.235","354.436","435.209","288.302","465.561","488.266","528.016","385.481","671.389","743.5309999999999","678.958","905.885","818.53","827.807","786.971","1133.523","755.917","711.606","799.221","1038.104","809.708","938.818","957.7380000000001","1190.503","953.9059999999999","984.2569999999999","941.167"
"rnd","4.183","4.123","4.738","4.84","5.039","5.652","7.997","7.287","8.566000000000001","8.648","8.955","9.218999999999999","11.206","12.043","11.929","13.201","15.715","18.907","18.216","18.557","20.267","22.186","23.368","24.052","24.2","27.119","30.014","33.209","37.399","37.863","42.108","45.959","50.905","57.865","69.48","80.783","82.801","81.547","82.521","82.139","91.97499999999999","93.126","95.54000000000001","98.128","110.31","115.182","120.953","125.876","143.106","155.061","171.762","180.859","203.508","207.3","216.099","153.325","257.108","267.083","255.236","174.283","282.31","299.095","308.62","331.789","372.764","383.233","379.776","409.376","453.817","435.045","453.802","486.936","525.207","537.321","563.8869999999999","647.47","657.53","716.846","662.739"
"special_charges","","","","","","","","","","","","","","","","","","","","","","","","","","","","","","","","","","","","","","","","","","","","","","","","","","","","","","","","","","","","","","","","","","","","","","","","","","","","","","",""
"other_opex","","","","","","","","-2.56","","-0.116","-0.388","-0.788","-1.387","-0.5629999999999999","-1.142","-1.304","-0.908","-9.282","-2.31","-1.696","","-2.263","-1.628","-1.603","","-0.118","-1.604","2.819","","","","","","","","","","","","","","","","","","","","","","","","","","","","","","","","","","","","","","","","","","","","","","","","","","",""
"total_opex","30.573","25.098","30.698","35.188","50.093","47.916","51.645","-0.109","51.108","41.724","51.571","69.04600000000001","71.07899999999999","65.28400000000001","80.102","89.197","99.133","68.727","77.967","82.184","88.901","73.32599999999999","82.699","88.828","99.456","86.48399999999999","98.509","120.267","128.158","127.543","139.249","126.679","178.162","183.518","188.38","238.548","247.793","229.581","226.316","203.542","255.187","251.581","249.979","272.265","303.308","295.959","344.631","405.35","429.272","448.107","490.756","514.074","538.7430000000001","561.736","651.308","441.627","722.669","755.349","783.252","559.764","953.699","1042.626","987.578","1237.674","1191.294","1211.04","1166.747","1542.899","1209.734","1146.651","1253.023","1525.04","1334.915","1476.139","1521.625","1837.973","1611.436","1701.103","1603.906"
"operating_income","-4.911","2.848","2.856","1.533","-6.35","2.617","18.398","4.689","-9.782999999999999","4.454","5.52","2.798","4.782","23.488","17.055","18.688","11.215","38.273","21.552","20.121","14.477","34.201","34.074","37.921","35.374","52.782","49.337","48.789","58.345","77.342","69.501","78.453","102.24","115.114","96.842","61.872","-1.935","16.154","16.135","19.638","31.822","57.117","57.12","82.288","97.595","129.6","110.407","65.04600000000001","97.456","74.83499999999999","73.64100000000001","59.894","49.453","70.37","106.036","153.934","256.942","127.807","208.627","245.303","446.578","462.213","480.668","215.767","459.084","706.419","980.239","458.512","958.256","1357.928","1314.863","954.242","1959.856","1847.63","1755.253","631.77","1971.626","1578.283","1533.018"
"net_interest_income_normal","","","","","","","","","","","","","","","","","","","","","7.237","","0.859","0.175","0.9399999999999999","0.192","1.134","-2.013","-3.987","-3.972","-4.092","-3.894","-4","-4.29","-3.219","-5.037","-5.09","-5.499","-4.189","-4.734","-5.763","-10.468","-7.629","-8.284000000000001","-8.651","-12.228","-12.87","-19.53","-59.03","-34.345","-31.403","-39.163","-9.574","-19.138","-26.909","-63.665","-33.15","-113.845","-92.39","-113.973","-146.962","-33.577","-101.858","-96.371","-59.425","-205.503","32.084","-309.179","-162.386","-322.326","-453.403","-447.825","74.646","-253.841","-94.294","-80.917","8.066000000000001","44.771","88.82899999999999"
"other_nonoperating_income","4.911","-2.848","-2.856","-1.533","6.35","-2.617","0.527","1.061","1.013","1.243","1.478","1.612","2.452","4.102","4.687","5.064","5.35","4.972","5.089","4.929","0.833","1.723","","","1.097","","","4.56","","","","","","","","","","","","","-25.129","","","","","","","","","","","","","","","","","","","","","","","","","","","","","","","","","","","","","",""
"pretax_income","","","","","","","18.925","5.75","-8.77","5.697","6.998","4.41","7.234","27.59","21.742","23.752","16.565","43.245","26.641","25.05","22.547","35.924","34.933","38.096","37.411","52.974","50.471","51.336","54.358","73.37","65.40900000000001","74.559","98.23999999999999","110.824","93.623","56.835","-7.025","10.655","11.946","14.904","0.93","46.649","49.491","74.004","88.944","117.372","97.53700000000001","45.516","38.426","40.49","42.238","20.731","39.879","51.232","79.127","90.26900000000001","223.792","13.962","116.237","131.33","299.616","428.636","378.81","119.396","399.659","500.916","1012.323","149.333","795.87","1035.602","861.46","506.417","2034.502","1593.789","1660.959","550.853","1979.692","1623.054","1621.847"
"income_tax","","","","","","","","","-0.044","-0.013","-0.052","33.801","-2.83","-10.553","-8.961","-8.891999999999999","-6.701","-17.665","-10.909","-9.273999999999999","-9.202999999999999","-9.345000000000001","-14.562","-15.364","-15.048","-20.531","-20.33","-20.423","-22.086","-29.851","-27.442","-27.464","-38.007","-42.61","-31.163","-21.616","2.441","-4.491","-4.271","-7.007","1.759","-17.178","-17.669","-25.583","-35.829","-46.354","-38.242","37.855","-14.73","-14.155","-12.806","22.447","-12.221","-10.477","-27.61","-23.521","-45.57","51.638","13.353","54.187","-9.492000000000001","-44.287","24.025","14.538","-55.607","-230.266","-347.079","437.637","-86.803","-315.406","-71.48399999999999","35.739","-327.787","-240.776","-211.888","56.576","-382.245","-182.103","-223.605"
"net_income_continuing","","","","","","","18.925","5.75","-8.814","5.684","6.946","38.211","4.404","17.037","12.781","14.86","9.864000000000001","25.58","15.732","15.776","13.344","26.579","20.371","22.732","22.363","32.443","30.141","30.913","32.272","43.519","37.967","47.095","60.233","68.214","62.46","35.219","-4.584","6.164","7.675","7.897","2.689","29.471","31.822","48.421","53.115","71.018","59.295","83.371","23.696","26.335","29.432","43.178","27.658","40.755","51.517","66.748","178.222","65.59999999999999","129.59","185.517","290.124","384.349","402.835","133.934","344.052","270.65","665.244","586.97","709.067","720.196","789.976","542.1559999999999","1706.715","1353.013","1449.071","607.429","1597.447","1440.951","1398.242"
"net_income_discontinued","","","","","","","","","","","","","","","","","","","","","","","","","","","","","","","","","","","","","","","","","","","","","","","","","","","","","","","","","","","","","","","","","","","","","","","","","","","","","","",""
"income_allocated_to_minority_interest","","","","","","","","","","","","","","","","","","","","","","","","","","","","","","","","","","","","","","","","","","","","","","","","","","","","","","","","","","","","","","","","","","","","","","","","","","","","","","",""
"other_income_statement_items","","","","","","","","","","","","","","","","","","","","","","","","","","","","","","","","","","","","","","","","","","","","","","","","","","","","","","","","","","","","","","","","","","","","","","","","","","","","","","",""
"net_income","-4.521","3.313","3.303","2.271","-5.79","2.891","18.925","5.569","-8.814","5.684","6.946","38.211","4.404","17.037","12.781","14.86","9.864000000000001","25.494","15.732","15.776","13.344","26.579","20.371","22.732","22.363","32.443","30.141","30.913","32.272","43.519","37.967","47.095","60.233","68.214","62.46","35.219","-4.584","6.164","7.675","7.897","2.689","29.471","31.822","48.421","53.115","71.018","59.295","83.371","23.696","26.335","29.432","43.178","27.658","40.755","51.517","66.748","178.222","65.59999999999999","129.59","185.517","290.124","384.349","402.835","133.934","344.052","270.65","665.244","586.97","709.067","720.196","789.976","542.1559999999999","1706.715","1353.013","1449.071","607.429","1597.447","1440.951","1398.242"
"preferred_dividends","","","","","","","","","","","","","","","","","","","","","","","","","","","","","","","","","","","","","","","","","","","","","","","","","","","","","","","","","","","","","","","","","","","","","","","","","","","","","","",""
"net_income_available_to_shareholders","-4.521","3.313","3.303","2.271","-5.79","2.891","18.925","5.569","-8.814","5.684","6.946","38.211","4.404","17.037","12.781","14.86","9.864000000000001","25.494","15.732","15.776","13.344","26.579","20.371","22.732","22.363","32.443","30.141","30.913","32.272","43.519","37.967","47.095","60.233","68.214","62.46","35.219","-4.584","6.164","7.675","7.897","2.689","29.471","31.822","48.421","53.115","71.018","59.295","83.371","23.696","26.335","29.432","43.178","27.658","40.755","51.517","66.748","178.222","65.59999999999999","129.59","185.517","290.124","384.349","402.835","133.934","344.052","270.65","665.244","586.97","709.067","720.196","789.976","542.1559999999999","1706.715","1353.013","1449.071","607.429","1597.447","1440.951","1398.242"
"eps_basic","-0.01","0.01","0.01","0.01","-0.02","0.01","0.05","0.02","-0.02","0.02","0.02","0.1","0.01","0.04","0.03","0.03","0.02","0.05","0.03","0.03","0.03","0.06","0.05","0.05","0.05","0.08","0.08","0.08","0.09","0.12","0.1","0.13","0.16","0.19","0.17","0.11","-0.01","0.02","0.02","0.02","0.01","0.07000000000000001","0.08","0.12","0.13","0.17","0.14","0.2","0.06","0.06","0.07000000000000001","0.1","0.06","0.1","0.12","0.16","0.41","0.15","0.3","0.43","0.67","0.88","0.92","0.31","0.79","0.62","1.52","1.34","1.61","1.63","1.79","1.23","3.85","3.05","3.27","1.37","3.6","3.24","3.14"
"eps_diluted","-0.01","0.01","0.01","0.01","-0.02","0.01","0.04","0.01","-0.02","0.01","0.02","0.08","0.01","0.04","0.03","0.03","0.02","0.05","0.03","0.03","0.03","0.06","0.05","0.05","0.05","0.08","0.07000000000000001","0.08","0.08","0.11","0.1","0.12","0.16","0.18","0.17","0.1","-0.01","0.02","0.02","0.02","0.01","0.07000000000000001","0.07000000000000001","0.11","0.12","0.16","0.14","0.19","0.05","0.06","0.07000000000000001","0.1","0.06","0.09","0.12","0.15","0.4","0.15","0.29","0.41","0.64","0.85","0.89","0.3","0.76","0.6","1.47","1.3","1.57","1.59","1.74","1.19","3.75","2.97","3.19","1.33","3.53","3.2","3.1"
"shares_basic","318.318","331.072","337.204","355.946","358.974","363.286","365.477","367.906","369.712","372.33","375.851","380.807","386.491","408.681","476.567","479.43","480.851","476.217","465.283","455.945","439.432","432.474","422.856","412.237","411.138","405.104","393.022","374.584","370.377","367.402","364.994","368.102","369.313","367.29","367.983","375.137","388.192","388.682","388.787","388.92","391.804","407.344","413.756","416.391","418.719","419.974","421.194","422.26","423.624","425.34","426.869","427.689","428.117","428.483","428.937","429.746","430.6","431.396","432.404","433.121","434.174","435.097","435.809","436.397","436.947","437.587","438.09","438.555","439.352","440.569","441.526","442.23","443.224","443.159","442.778","443.464","444.146","444.557","444.878"
"shares_diluted","318.318","431.368","440.44","355.946","358.974","454.825","451.143","451.227","369.712","452.144","462.084","471.016","465.192","484.225","492.415","492.954","494.704","489.237","476.63","468.496","453.88","446.999","435.904","422.59","424.963","417.62","405.566","387.681","383.425","380.268","377.517","379.351","379.722","377.363","377.09","388.164","388.192","411.663","411.103","413.903","421.022","424.13","426.93","429.17","430.836","431.441","432.742","432.527","433.809","436.097","437.606","438.277","437.993","438.154","438.389","440.068","445.458","446.262","447.362","448.155","450.359","451.552","451.919","451.127","451.922","452.195","451.552","451.372","452.494","453.945","455.088","455.294","455.641","455.129","454.925","455.798","452.984","450.169","450.344"
"cash_and_equiv","66.02800000000001","71.229","79.17","89.89400000000001","100.188","153.444","167.814","174.461","165.822","170.972","181.886","212.256","227.765","341.702","368.741","400.43","218.458","184.182","179.804","177.439","168.989","144.289","111.524","139.881","115.131","87.471","55.717","134.224","79.861","107.327","","194.499","150.419","175.207","159.199","508.053","395.992","402.251","370.298","290.291","418.051","370.678","439.056","604.965","1157.45","1214.244","1183.217","1113.608","2454.777","2293.872","2115.437","1809.33","1605.244","1390.925","969.158","1467.576","1077.824","1918.777","1746.469","2822.795","2593.666","3906.357","3067.534","3794.483","3348.557","5004.247","4435.018","5018.437","5151.884","7153.248","8392.391","8205.549999999999","8403.705","7777.53","7526.681","6027.804","6008.946","5819.449","6113.733"
"st_investments","44.304","45.096","45.237","45.297","46.014","","","","","","","","","","","","169.525","193.77","206.377","207.703","126.506","169.175","139.304","157.39","171.358","167.498","99.745","186.018","186.469","171.758","","155.888","192.302","201.2","206.573","289.758","408.534","411.092","428.057","457.787","607.821","709.432","695.931","595.4400000000001","510.793","500.121","483.602","494.888","502.931","502.886","494.205","501.385","467.227","443.303","374.098","266.206","263.405","246.125","","","","","","","","","","","","","","","","","","","","",""
"receivables","","","","","","","","","","","","","","","","","","","","","","","","","","","","","","","","","","","","","","","","","","","","","","","","","","","","","","","","","","","","","","","","569.633","432.955","492.034","466.168","454.399","1081.547","565.668","604.789","610.819","807.0359999999999","775.222","782.35","804.3200000000001","824.65","765.386","875.042"
"inventories","","","","","","","","","","","","","","","","","","","","","","","","18.691","33.299","","32.937","","55.566","93.123","","","265.933","499.434","705.398","","1155.443","1223.638","1335.769","","","","","","","","","","","","","","","","","","","","","","","","","","","","","","","","","","","","","","","",""
"other_current_assets","2.862","3.26","3.195","3.755","2.756","5.277","8.755000000000001","12.885","8.214","11.433","10.032","31.435","27.555","28.388","26.353","27.988","38.29","32.618","32.137","31.39","30.667","45.69","50.547","42.963","45.092","87.595","46.563","90.771","57.642","69.01000000000001","","286.844","112.948","93.60299999999999","118.943","1033.046","98.77200000000001","100.804","90.89400000000001","1492.713","1531.228","1490.212","1714.291","1858.358","1918.541","1954.015","2156.663","2318.557","2581.348","2803.752","2960.071","3121.125","3471.365","3552.69","3850.637","3986.509","4319.101","4535.883","4638.879","4847.179","5223.91","5440.532","5662.447","5330.019","387.395","380.876","426.572","705.668","214.35","845.223","829.3","945.211","896.7670000000001","1051.524","1106.756","1237.701","1264.419","1255.943","1828.128"
"total_current_assets","113.194","119.585","127.602","138.946","148.958","158.721","176.569","187.346","174.036","182.405","191.918","243.691","255.32","370.09","395.094","428.418","426.273","410.57","418.318","416.532","326.162","359.154","301.375","358.925","364.88","342.564","234.962","411.013","379.538","441.218","","637.231","721.602","969.444","1190.113","1830.857","2058.741","2137.785","2225.018","2240.791","2557.1","2570.322","2849.278","3058.763","3586.784","3668.38","3823.482","3927.053","5539.056","5600.51","5569.713","5431.84","5543.836","5386.918","5193.893","5720.291","5660.33","6700.785","6385.348","7669.974","7817.576","9346.888999999999","8729.981","9694.135","4168.907","5877.157","5327.758","6178.504","6447.781","8564.138999999999","9826.48","9761.58","10107.508","9604.276","9415.787","8069.825","8098.015","7840.778","8816.903"
"equity_and_other_investments","","","","","","","","","","","","","","","","","","","","","","","","","","","","","","","","","","","","","","","","","","","","","","","","","","","","","","","","","","","","","","","","","","","","","","","","","","","","","","",""
"ppe_gross","85.935","104.2","118.089","29.325","29.881","30.606","33.202","42.205","47.112","50.887","53.892","72.623","72.498","131.049","75.574","100.846","109.795","112.698","116.959","143.557","153.228","337.66","218.291","223.786","231.441","120.346","122.119","265.947","270.977","276.304","","265.149","276.51","288.141","305.345","306.038","306.284","310.298","329.833","336.037","337.751","347.704","344.419","357.196","368.104","386.805","396.554","414.691","423.055","453.169","472.305","470.758","471.501","474.209","505.958","544.604","566.683","615.881","644.222","641.218","679.798","689.942","727.115","786.8","805.395","837.511","884.596","981.226","1087.011","1212.147","1302.303","1454.973","1535.963","1660.402","1813.485","1939.759","2073.895","2026.816","2082.776"
"accumulated_depreciation","-71.34699999999999","-80.739","-93.062","-19.553","-19.553","-19.553","-19.553","-23.477","-23.477","-23.477","-23.477","-32.41","-32.41","-32.41","-32.41","-45.343","-45.343","-45.343","-45.343","-66.23099999999999","-66.23099999999999","-81.179","-89.75","-98.83799999999999","-107.624","","","-134.294","-143.812","-153.012","","-136.579","-141.71","-151.193","-161.352","-169.685","-178.087","-185.654","-196.23","-204.356","-208.432","-219.773","-217.156","-223.591","-234.631","-245.09","-252.407","-264.816","-277.239","-281.773","-291.037","-297.346","-305.247","-311.345","-314.082","-294.209","-291.6","-306.05","-321.801","-321.814","-337.866","-340.296","-355.963","-368.519","-371.023","-385.112","-402.604","-416.005","-436.556","-460.206","-474.185","-494.79","-520.544","-552.965","-593.371","-616.306","-690.1319999999999","-664.896","-710.022"
"ppe_net","14.588","23.461","25.027","9.772","10.328","11.053","13.649","18.728","23.635","27.41","30.415","40.213","40.088","98.639","43.164","55.503","64.452","67.355","71.616","77.32599999999999","86.997","256.481","128.541","124.948","123.817","120.346","122.119","131.653","127.165","123.292","","128.57","134.8","136.948","143.993","136.353","128.197","124.644","133.603","131.681","129.319","127.931","127.263","133.605","133.473","141.715","144.147","149.875","145.816","171.396","181.268","173.412","166.254","162.864","191.876","250.395","275.083","309.831","322.421","319.404","341.932","349.646","371.152","418.281","434.372","452.399","481.992","565.221","650.455","751.941","828.1180000000001","960.183","1015.419","1107.437","1220.114","1323.453","1383.763","1361.92","1372.754"
"intangible_assets","5.285","4.477","3.704","2.948","2.322","1.868","1.415","0.961","0.507","0.127","0.469","57.489","74.44","1.019","93.00700000000001","104.908","114.137","113.902","114.254","132.455","145.361","","122.558","98.547","","100.316","104.539","","","94.666","","","","425.246","570.21","1046.934","","","1366.566","1506.008","1576.674","1682.202","1808.387","2091.071","2179.474","2348.796","2631.882","2773.326","3312.353","3640.767","3891.79","4312.817","5260.16","5742.938","6677.674","7274.501","8029.112","9078.474","9739.704","10371.055","11314.803","12292.07","13408.443","14951.141","20888.785","21945.74","23234.994","24504.567","25266.889","25155.117","25067.633","25383.95","26043.991","27291.64","28974.045","30919.539","31191.92","32533.199","32777.34"
"goodwill","","","","","","","","","","","","","","","","","","","","","","","","","","","","","","","","","","","","","","","","","","","","","","","","","","","","","","","","","","","","","","","","","","","","","","","","","","","","","","",""
"other_lt_assets","2.562","2.542","2.531","24.346","29.625","32.551","44.004","44.758","55.404","58.786","55.5","23.288","23.097","42.964","19.329","19.95","20.248","20.473","20.009","57.179","27.158","30.388","30.525","33.004","139.981","28.767","30.511","137.068","141.59","34.796","","216.266","233.786","39.055","57.242","55.052","1293.521","1215.861","83.646","89.409999999999","100.196","100.296","116.397","129.124","148.375","166.931","178.818","192.246","243.401","242.188","273.496","284.802","292.024","300.787","283.895","341.423","394.571","428.133","504.067","652.309","678.486","674.932","856.653","910.843","1726.568","1896.043","1896.967","2727.42","2694.785","2704.084","2900.312","3174.646","2956.096","2967.616","3129.911","4271.846","4657.206","4615.038","4595.19"
"total_assets","135.629","150.065","158.864","176.012","191.233","204.193","235.637","251.793","253.582","268.728","278.302","364.681","392.945","512.712","550.5940000000001","608.779","625.11","612.3","624.197","683.492","585.678","646.023","582.999","615.424","628.678","591.9930000000001","492.131","679.734","648.293","693.972","","982.067","1090.188","1570.693","1961.558","3069.196","3480.459","3478.29","3808.833","3967.89","4363.289","4480.751","4901.325","5412.563","6048.106","6325.822","6778.329","7042.5","9240.626","9654.861000000001","9916.267","10202.871","11262.274","11593.507","12347.338","13586.61","14359.096","16517.223","16951.54","19012.742","20152.797","22663.537","23366.229","25974.4","27218.632","30171.339","30941.711","33975.712","35059.91","37175.281","38622.543","39280.359","40123.014","40970.969","42739.857","44584.663","45330.904","46350.935","47562.187"
"accounts_payable","22.218","28.009","28.459","32.654","43.183","42.552","47.668","49.775","52.632","56.211","43.951","63.491","77.996","70.785","81.968","93.864","93.959","70.75700000000001","89.494","104.445","114.568","109","109.277","100.344","112.767","101.634","93.45099999999999","92.542","102.703","120.031","","222.824","301.009","533.436","750.107","86.992","83.119","90.961","91.511","86.468","102.822","103.441","100.899","108.435","133.883","137.226","150.374","201.581","190.567","211.729","209.365","253.491","231.914","240.458","285.753","312.842","294.831","273.398","301.443","359.555","436.183","448.219","441.427","562.985","439.496","442.194","444.129","674.347","545.4880000000001","446.668","541.298","656.183","532.942","622.931","643.059","837.4829999999999","617.202","504.278","560.1559999999999"
"tax_payable","","","","","","","","","","","","","","","","","","","","","","","","","","","","","","","","","","","","","","","","","","","","","","","","","","","","","","","","","","","","","","","","","","","","","","","","","","","","","","",""
"current_accrued_liabilities","9.525","10.294","10.954","11.625","12.461","13.852","15.84","13.131","15.681","13.702","20.404","25.563","28.312","25.513","30.639","29.905","33.528","35.754","42.017","36.466","44.021","27.462","31.625","31.394","32.108","27.782","29.606","26.96","38.718","34.746","","24.058","44.123","44.137","54.671","54.231","49.106","50.884","70.681","53.139","52.004","59.035","46.433","54.018","54.858","98.548","70.559","69.746","107.323","150.406","179.35","140.389","181.634","172.073","201.232","197.632","296.258","248.871","331.723","315.094","429.431","392.595","527.079","481.874","746.268","750.812","1037.723","843.043","1061.09","986.595","1259.124","1102.196","1291.812","1125.591","1413.12","1449.351","1817.117","1596.035","1803.555"
"st_debt","0.9399999999999999","0.835","0.371","0.416","0.36","0.253","0.164","0.068","","","","","","","","","","","","0.823","","1.029","1.09","","","","","","","","","","","","","","","","","","","","","","","","","","","","","","","","","","","","","","","","","","","","","","498.809","499.161","499.517","499.878","698.788","699.128","699.473","699.823","","",""
"current_deferred_revenue","11.227","12.394","13.771","18.324","21.496","25.251","26.658","31.936","32.463","33.497","34.4","48.533","47.925","49.029","49.875","69.678","64.23399999999999","60.522","56.321","71.66500000000001","68.375","67.886","65.89700000000001","83.127","80.623","80.495","79.123","100.097","100.109","101.419","","127.183","143.045","146.937","160.929","148.796","150.602","152.79","155.146","169.472","178.878","186.571","195.823","215.767","230.015","241.33","252.956","274.586","285.34","301.754","329.739","346.721","374.223","396.976","427.206","443.472","458.693","505.302","535.425","618.622","673.8920000000001","697.74","716.723","760.899","808.692","892.777","915.506","924.745","986.753","1029.261","1040.202","1117.992","1140.271","1187.364","1182.632","1209.342","1239.048","1224.743","1176.323"
"current_deferred_tax_liability","","","","","","","","","","","","","","","","","","","","","","","","","","","","","","","","","","","","","","","","","","","","","","","","","","","","","","","","","","","","","","","","","","","","","","","","","","","","","","",""
"other_current_liabilities","","","","-7.105427357601E-15","","","","","-1.4210854715202E-14","","","","","","","","","","","","","2.8421709430404E-14","","","-2.8421709430404E-14","","","6.427","","-5.6843418860808E-14","","12.431","","-1.1368683772162E-13","","935.0359999999999","1163.839","1204.209","1280.885","1366.847","1355.01","1321.217","1591.981","1775.983","1844.897","1858.02","2074.766","2117.241","2425.619","2556.18","2622.964","2789.023","3145.861","3242.33","3497.214","3632.711","3861.447","4095.374","4142.086","4173.041","4466.081","4541.087","4613.011","4681.562","4863.351","4848.201","4860.542","4413.561","4761.585","4664.733","4599.654","4429.536","4297.957","4197.874","4110.962","4292.967","4066.289","4174.966","4225.89"
"total_current_liabilities","43.91","51.532","53.555","63.019","77.5","81.908","90.33","94.91","100.776","103.41","98.755","137.587","154.233","145.327","162.482","193.447","191.721","167.033","187.832","213.399","226.964","205.377","207.889","216.017","226.713","211.186","203.522","227.436","243.447","258.167","","388.579","490.318","726.7089999999999","967.966","1225.055","1446.666","1498.844","1598.223","1675.926","1688.714","1670.264","1935.136","2154.203","2263.653","2335.124","2548.655","2663.154","3008.849","3220.069","3341.418","3529.624","3933.632","4051.837","4411.405","4586.657","4911.229","5122.945","5310.677","5466.312","6005.587","6079.641","6298.24","6487.32","6857.807","6933.984","7257.9","6855.696","7853.725","7626.418","7939.795","7805.785","7961.77","7832.888","8049.246","8488.966","7739.656","7500.022","7765.924"
"lt_debt","","","","","","","","","","","","","","","","","","","","","","","","","","","","200","200","200","","200","200","200","200","400","400","400","400","400","700","500","500","500","900","900","900","885.849","2400","2400","2400","2371.362","2372.218","2373.085","2373.966","3364.311","3365.431","4836.502","4888.783","6499.432","6542.373","8342.066999999999","8336.585999999999","10360.058","10305.023","12594.135","12425.746","14759.26","14170.692","15294.998","15547.616","15809.095","14860.552","14926.889","14793.691","14693.072","14534.561","14233.303","13888.117"
"noncurrent_capital_leases","0.376","0.256","0.185","0.044","","","","","","","","","","","","","","","","35.652","","38.582","38.287","37.988","37.656","37.301","36.94","36.572","35.704","35.185","","","33.564","32.986","32.4","","","","","","","","","","","","","","","","","","","","","","","","","","","","","","","","","","","","","","","","","","","",""
"pension_liabilities","","","","","","","","","","","","","","","","","","","","","","","","","","","","","","","","","","","","","","","","","","","","","","","","","","","","","","","","","","","","","","","","","","","","","","","","","","","","","","",""
"noncurrent_deferred_revenue","","","","","","","","","","","","","","","","","","","","","","","","","","","","","","","","","","","","","","","","","","","","","","","","","","","","","","","","","","","","","","","","","","","","","","","","","","","","","","",""
"other_lt_liabilities","0.279","0.271","0.263","0.24100000000001","0.208","0.379","0.48699999999999","0.60000000000001","0.6929999999999999","0.785","0.875","0.84200000000001","0.91200000000001","1.031","1.109","1.121","1.185","1.186","1.927","4.629","3.281","12.602","11.99","14.264","17.997","19.135","19.467","16.583","22.407","23.98","","103.324","90.584","276.964","372.84","801.331","970.391","891.22","1093.77","1147.291","1161.656","1204.865","1261.819","1424.799","1406.095","1480.993","1604.8","1635.789","1922.563","2002.717","2007.531","2078.459","2639.191","2752.751","3033.001","2955.842","3108.753","3445.276","3424.719","3465.042","3584.107","3745.229","3721.75","3888.257","4352.744","4537.672","4396.56","4778.599","4626.199","4919.112","4801.809","4600.239","4416.612","4347.321","4582.303","5553.377","5512.648","5541.636","5380.005"
"total_liabilities","44.565","52.059","54.003","63.304","77.708","82.28700000000001","90.81699999999999","95.51000000000001","101.469","104.195","99.63","138.429","155.145","146.358","163.591","194.568","192.906","168.219","189.759","253.68","230.245","256.561","258.166","268.269","282.366","267.622","259.929","480.591","501.558","517.332","","691.903","814.466","1236.659","1573.206","2426.386","2817.057","2790.064","3091.993","3223.217","3550.37","3375.129","3696.955","4079.002","4569.748","4716.117","5053.455","5184.792","7331.412","7622.786","7748.949","7979.445","8945.040999999999","9177.673000000001","9818.371999999999","10906.81","11385.413","13404.723","13624.179","15430.786","16132.067","18166.937","18356.576","20735.635","21515.574","24065.791","24080.206","26393.555","26650.616","27840.528","28289.22","28215.119","27238.934","27107.098","27425.24","28735.415","27786.865","27274.961","27034.046"
"common_stock","","","","","","","","","","","","","","","","","","","","","","","","","","","","","","","","","","","","","","","","","","","","","","","","1043","","1201","1306","1325","1382","1444","1504","1600","1669","1728","1807","1871","1995","2103","2216","2316","2440","2566","2678","2794","2936","3128","3303","3448","3600","3721","3853","4025","4156","4317","4474"
"preferred_stock","","","","","","","","","","","","","","","","","","","","","","","","","","","","","","","","","","","","","","","","","","","","","","","","","","","","","","","","","","","","","","","","","","","","","","","","","","","","","","",""
"retained_earnings","-163.734","-158.867","-155.564","-153.293","-159.083","-156.192","-137.267","-131.698","-140.512","-134.828","-127.882","-89.67100000000001","-85.267","-68.23","-55.449","-40.589","-30.725","-5.145","10.587","25.426","39.741","65.349","85.72","108.452","130.815","163.258","193.399","198.817","146.196","175.786","","237.739","275.08","333.097","387.711","422.93","418.346","424.51","432.185","440.082","442.771","472.242","504.064","552.485","605.6","676.6180000000001","735.913","819.284","842.98","869.3150000000001","898.747","941.925","969.583","1010.338","1061.855","1128.603","1350.41","1416.01","1545.6","1731.117","2021.241","2405.59","2808.425","2942.359","3288.885","3559.535","4224.779","4811.749","5520.816","6241.012","7030.988","7573.144","9279.859","10632.872","12081.943","12689.372","14286.819","15727.77","17126.012"
"aoci","-9.99","-6.912","-5.39","-4.886","-3.219","-4.232","-3.147","-4.915","-3.549","-2.361","-1.623","","","","","","0.484","-0.521","0.737","1.611","0.31","-0.8139999999999999","-2.41","0.08400000000000001","-0.447","0.725","0.552","0.273","0.487","0.802","","0.75","0.59","0.884","0.588","0.706","1.577","0.961","3.006","2.919","0.291","-1.664","1.57","3.575","4.503","6.502","1.645","-4.446","-43.154","-38.12","-37.89","-43.308","-34.401","-38.211","-36.53","-48.565","-45.859","-31.368","-25.362","-20.557","4.264","-12.427","-14.508","-19.582","-25.6","-20.352","-41.246","-23.521","-47.054","-34.072","-1.147","44.398","4.137","9.775","-19.835","-40.495","-74.17","-144.476","-247.643"
"apic","264.765","263.761","265.791","270.836","275.775","282.278","285.182","292.843","296.121","301.669","308.123","315.868","323.012","434.516","442.384","454.731","462.376","449.679","423.048","402.71","315.321","324.865","331.489","338.577","358.62","375.574","378.549","","","","","51.622","","","","219.119","243.424","262.699","281.593","301.616","369.801","634.985","698.677","777.441","868.1950000000001","926.525","987.256","","1109.327","","","","","","","","","","","","","","","","","","","","","","","","","","","","","",""
"treasury_stock","","","","","","","","","","","","","","","","","","","","","","","-90.02800000000001","-100.02","-142.739","-215.25","-340.362","","","","","","","","","","","","","","","","","","","","","","","","","","","","","","","","","","","","","","","","","","","","","","","-500.022","-600.022","-824.1900000000001","-824.1900000000001","-824.1900000000001","-824.1900000000001"
"other_equity","0.023000000000025","0.023999999999972","0.023999999999987","0.050999999999988","0.052000000000021","0.051999999999992","0.051999999999964","0.052999999999969","0.053000000000026","0.052999999999997","0.054000000000002","0.055000000000007","0.055000000000007","0.06799999999998399","0.06799999999998399","0.06900000000001699","0.06900000000001699","0.06800000000004","0.065999999999974","0.065000000000055","0.060999999999979","0.061999999999955","0.062000000000069","0.061999999999955","0.062999999999988","0.063999999999965","0.064000000000021","0.052999999999997","0.052000000000021","0.051999999999992","","0.052999999999997","0.052000000000021","0.052999999999997","0.05299999999994","0.05499999999995","0.055000000000064","0.055999999999926","0.05600000000004","0.05600000000004","0.055999999999926","0.05899999999996899","0.058999999999742","0.059999999999718","0.059999999999718","0.059999999999945","0.060000000000173","-0.13000000000011","0.060999999999922","-0.12000000000012","0.46100000000024","-0.19100000000026","0.050999999999931","-0.29300000000012","-0.35899999999992","-0.23799999999983","0.13200000000006","-0.14200000000028","0.12300000000005","0.39599999999973","0.22499999999991","0.4369999999999","-0.26400000000012","-0.011999999999716","-0.22699999999986","0.36499999999978","-0.028000000000247","-0.07099999999991299","-0.46799999999894","-0.18699999999808","0.48199999999997","-0.30199999999968","0.08399999999892299","0.246000000001","-0.46899999999914","-0.43900000000031","-0.42000000000189","-0.13000000000466","-0.038000000000466"
"minority_interest_liability","","","","","","","","","","","","","","","","","","","","","","","","","","","","","","","","","","","","","","","","","","","","","","","","","","","","","","","","","","","","","","","","","","","","","","","","","","","","","","",""
"total_equity","91.06399999999999","98.006","104.861","112.708","113.525","121.906","144.82","156.283","152.113","164.533","178.672","226.252","237.8","366.354","387.003","414.211","432.204","444.081","434.438","429.812","355.433","389.462","324.833","347.155","346.312","324.371","232.202","199.143","146.735","176.64","","290.164","275.722","334.034","388.352","642.8099999999999","663.402","688.226","716.84","744.673","812.919","1105.622","1204.37","1333.561","1478.358","1609.705","1724.874","1857.708","1909.214","2032.075","2167.318","2223.426","2317.233","2415.834","2528.966","2679.8","2973.683","3112.5","3327.361","3581.956","4020.73","4496.6","5009.653","5238.765","5703.058","6105.548","6861.505","7582.157","8409.294","9334.753000000001","10333.323","11065.24","12884.08","13863.871","15314.617","15849.248","17544.039","19075.974","20528.141"
"total_liabilities_and_equity","135.629","150.065","158.864","176.012","191.233","204.193","235.637","251.793","253.582","268.728","278.302","364.681","392.945","512.712","550.5940000000001","608.779","625.11","612.3","624.197","683.492","585.678","646.023","582.999","615.424","628.678","591.9930000000001","492.131","679.734","648.293","693.972","","982.067","1090.188","1570.693","1961.558","3069.196","3480.459","3478.29","3808.833","3967.89","4363.289","4480.751","4901.325","5412.563","6048.106","6325.822","6778.329","7042.5","9240.626","9654.861000000001","9916.267","10202.871","11262.274","11593.507","12347.338","13586.61","14359.096","16517.223","16951.54","19012.742","20152.797","22663.537","23366.229","25974.4","27218.632","30171.339","30941.711","33975.712","35059.91","37175.281","38622.543","39280.359","40123.014","40970.969","42739.857","44584.663","45330.904","46350.935","47562.187"
"cfo_net_income","-4.521","5.459","3.303","2.271","-5.79","2.891","18.925","5.569","-8.814","5.684","6.946","38.211","4.404","17.037","12.781","14.86","9.864000000000001","25.406","15.906","15.776","13.344","26.579","20.371","22.732","22.363","32.443","30.141","30.913","32.272","43.519","37.967","47.095","60.233","68.214","62.46","35.219","-4.584","6.164","7.675","7.897","2.689","29.471","31.822","48.421","53.115","71.018","59.295","83.371","23.696","26.335","29.432","43.178","27.658","40.755","51.517","66.748","178.222","65.59999999999999","129.59","185.517","290.124","384.349","402.835","133.934","344.052","270.65","665.244","586.97","709.067","720.196","789.976","542.1559999999999","1706.715","1353.013","1449.071","607.429","1597.447","1440.951","1398.242"
"cfo_da","8.762","11.34","14.214","16.675","20.005","22.918","22.472","22.809","24.398","28.088","27.04","27.476","30.902","35.775","40.344","50.115","53.985","56.483","53.701","60.817","64.154","65.51600000000001","55.821","56.72","58.479","62.248","66.30800000000001","-148.991","73.151","74.452","85.824","105.268","122.753","178.648","222.359","315.859","371.113","403.348","435.207","492.415","516.028","539.985","582.3920000000001","603.275","629.2380000000001","668.937","718.78","764.843","785.87","858.994","906.039","996.1420000000001","1093.76","1209.513","1257.802","1363.903","1339.33","1585.856","1659.974","1684.568","1779.019","1848.707","1942.887","2044.632","2148.247","2257.411","2306.681","2607.487","2511.902","2633.82","2762.332","3014.568","2754.937","2845.237","3033.304","3805.301","3240.967","3344.853","3738.78"
"cfo_receivables","","","","","","","","","","","","","","","","","","","","","","","","","","","","","","","","","","","","","","","","","","","","","","","","","","","","","","","","","","","","","","","","","","","","","","","","","","","","","","",""
"cfo_inventory","","","","","","","","","","","","","","","","","","","","","-23.412","","","","-22.091","","","","","","","","","","","","","","","","","","","","","","","","","","","","","","","","","","","","","","","","","","","","","","","","","","","","","",""
"cfo_prepaid_expenses","0.603","-0.398","0.065","-0.5600000000000001","0.999","-2.521","-3.478","-4.13","4.671","-3.219","1.401","-7.737","2.304","-6.091","-0.143","-3.134","-10.266","5.66","0.111","0.192","2.75","-10.847","-7.122","11.038","-0.391","-1.613","0.107","-8.234999999999999","-4.963","-2.133","-25.485","-2.895","-12.38","14.787","-17.335","21.139","2.994","4.503","15.358","-26.777","","","","","","","","","","","","","","","","","","","","","","","","","","","","","","","","","","","","","","",""
"cfo_other_working_capital","3.766","7.719","2.479","9.397","14.504","4.686","8.619","2.839","6.027","2.726","-5.358","34.122","5.774","1.157","7.349","27.911","13.718","-7.154","13.874","13.865","12.548","16.975","-29.023","0.508","11.436","-13.618","-6.686","37.567","35.063","2.811","7.789","60.204","63.273","24.567","9.694000000000001","13.157","13.711","3.027","8.676","3.334","25.012","53.922","-8.952999999999999","30.829","78.97499999999999","49.685","35.932","-27.929","109.24","27.204","91.785","-55.342","33.608","54.735","86.182","17.855","81.211","-135.518","92.03400000000001","21.25","206.327","-6.252","92.56100000000001","1.131","44.411","4.356","231.18","-236.904","-41.753","-210.706","345.672","-125.086","-220.06","-176.94","183.719","-28.696","25.288","-122.704","93.27200000000001"
"cfo_change_in_working_capital","4.369","7.321","2.544","8.837","15.503","2.165","5.141","-1.291","10.698","-0.493","-3.957","26.385","8.077999999999999","-4.934","7.206","24.777","3.452","-1.494","13.985","14.057","-8.114000000000001","6.128","-36.145","11.546","-11.046","-15.231","-6.579","29.332","30.1","0.678","-17.696","57.309","50.893","39.354","-7.641","34.296","16.705","7.53","24.034","-23.443","25.012","53.922","-8.952999999999999","30.829","78.97499999999999","49.685","35.932","-27.929","109.24","27.204","91.785","-55.342","33.608","54.735","86.182","17.855","81.211","-135.518","92.03400000000001","21.25","206.327","-6.252","92.56100000000001","1.131","44.411","4.356","231.18","-236.904","-41.753","-210.706","345.672","-125.086","-220.06","-176.94","183.719","-28.696","25.288","-122.704","93.27200000000001"
"cfo_deferred_tax","","","","","","","","","","","","","2.058","7.315","4.126","2.651","-0.255","-0.622","-0.183","0.399","-0.859","-2.502","-3.894","1.35","-1.344","5.898","0.156","1.618","-2.761","-3.394","3.194","1.999","-4.982","-3.927","-5.281","-4.407","-10.843","","-15.606","-3.622","-6.748","-2.04","-2.424","-10.832","-13.103","-16.569","-7.892","7.501","-37.042","-4.232","-29.417","12.036","-16.603","-17.876","14.338","-26.706","-26.764","-20.702","-57.09","-104.132","-22.049","-9.539","-39.453","-14.479","6.627","35.519","52.105","-188.694","46.619","223.308","-40.277","-159.584","159.733","51.127","50.967","-62.279","-68.90600000000001","-115.82","-57.797"
"cfo_stock_comp","","","","","","","","","","","","","","","","","","","","","3.13","","","","3.13","3.28","3.23","2.98","5.5","6.93","7.3","8.27","12.26","15.54","15.71","18.08","19.33","18.45","18.47","17.69","17.75","17.96","18.48","18.92","25.83","29.29","29.88","30.25","27.44","28.59","32.83","35.86","42.42","44.11","43.5","43.65","44.89","44.03","44.76","48.53","68.40000000000001","81.23","82.31999999999999","88.70999999999999","101.2","103.85","100.26","100.07","97.02","104.21","106.36","107.59","107.23","101.58","95.08","99.33","119.21","150.39","152.06"
"cfo_other_noncash_items","4.217","-0.5","1.925","3.576","4.082","3.992","2.73","3.148","3.161","3.215","2.474","-33.005","0.548","-1.894","-2.995","-5.292","-4.017","-14.444","-6.036","-4.957","-7.593","-3.769","-0.23","-0.24799999999999","-5.949","-13.336","-14.945","189.965","-61.057","-61.933","-74.36199999999999","-123.224","-124.834","-211.437","-238.076","-333.581","-372.612","-416.085","-472.705","-504.942","-566.981","-605.355","-586.624","-649.168","-737.696","-746.337","-873.434","-896.497","-1036.586","-1118.234","-1226.638","-1276.619","-1409.433","-1557.53","-1915.28","-2022.61","-1960.745","-2073.794","-2288.875","-2323.69","-2558.578","-2816.734","-3171.561","-3489","-3024.336","-3215.54","-3857.264","-4330.904","-3062.943","-2429.752","-2700.302","-3517.316","-3731.289","-4237.778","-4729.762","-4824.359","-3991.167","-4594.92","-4767.747"
"cf_cfo","12.827","23.62","21.986","31.359","33.8","31.966","49.268","30.235","29.443","36.494","32.503","59.067","45.99","53.299","61.462","87.111","63.029","65.32899999999999","77.373","86.092","64.062","91.952","35.923","92.09999999999999","65.633","75.30200000000001","78.31100000000001","105.817","77.205","60.252","42.227","96.717","116.323","86.392","49.531","65.46599999999999","19.109","19.407","-2.925","-14.005","-12.25","33.943","34.693","41.445","36.359","56.024","-37.439","-38.461","-127.382","-181.343","-195.969","-244.745","-228.59","-226.293","-461.941","-557.16","-343.856","-534.528","-419.607","-487.957","-236.757","-518.239","-690.4109999999999","-1235.072","-379.799","-543.754","-501.794","-1461.975","259.912","1041.076","1263.761","-137.672","777.266","-63.761","82.379","-403.274","922.8390000000001","102.75","556.8099999999999"
"cfi_ppe_net","-6.582","-19.311","-14.139","-22.627","-1.261","-1.437","-2.935","-104.557","-5.151","-67.71899999999999","-25.479","-35.45","-34.024","-47.866","75.01300000000001","-177.66","-80.928","-66.321","118.482","-10.413","-12.431","-135.96","112.072","-7.471","-6.572","-6.933","-9.994","-22.433","-6.393","-5.671","-7.342","-14.431","-16.32","-8.625999999999999","-14.08","-10.656","-4.766","-3.359","-10.808","-21.345","-12.118","-8.087999999999999","-10.828","-23.109","-13.334","-19.869","-21.032","-15.491","-13.036","-27.538","-37.82","-12.854","-8.425000000000001","-10.814","-27.366","-61.048","-52.523","-65.23099999999999","-33.963","-21.585","-37.17","-27.323","-39.333","-70.12","-60.381","-39.584","-45.333","-107.737","-98.015","-141.741","-109.811","-148.356","-81.001","-110.278","-167.327","-165.979","-121.158","-90.018","-84.95999999999999"
"cfi_acquisitions_net","","","","","","","","","","","","","","","","","","","","","","","","","","-42.065","-42.928","136.249","","","","","","","","","","","","","","","","","","","","","","","","","","","","","","","","","","","","","","","","","","","","","","","","","-124.521","-68.876",""
"cfi_investment_net","-0.38","-0.363","-0.354","-0.582","-0.364","-0.222","","","","","","","","","","","-168.812","-25.213","-10.708","0.225","77.36499999999999","-38.255","27.659","-16.395","-14.121","5.238","68.378","-85.116","-1.212","14.57","28.854","-12.899","-36.655","-8.102","-5.831","-84.06399999999999","-118.857","-2.415","-12.912","-30.819","-149.975","-106.661","13.959","100.84","85.592","10.768","15.81","-11.854","-7.105","-0.367","8.568","-9.17","36.251","24.935","68.46599999999999","105.884","3.074","17.487","247.479","","","","","","","","","","","","","","","","","","","",""
"cfi_intangibles_net","","","","","","","","","","","","","","","","","","","","","","","","","-0.2","","","","","-24.191","-29.9","-32.908","","-19.065","-20.826","-23.144","-13.528","-8.012","-8.586","-18.149","-21.193","-14.023","-15.471","-15.24","-14.914","-20.981","-15.53","-23.365","-22.906","-19.786","-14.467","-20.799","-23.207","-17.924","-17.249","-18.797","-25.372","-7.624","-10.217","-10.507","-10.796","-12.552","-7.731","-7.507","","","","","","","","","","","","","","",""
"cfi_other","-0.793","0.02","0.011000000000001","0.423","-23.589","20.762","-32.192","79.54000000000001","-33.217","33.062","-0.010000000000002","0.716","-0.291","0.07399999999999801","-114.135","113.02","-0.10300000000001","7.637","-159.971","-54.688","-46.801","50.715","-121.826","-33.632","-43.775","0.010999999999996","0.134","-181.952","-33.22","3.825","2.782","2.055","-20.7","0.84400000000001","-0.844","2.255","1.334","3.132","1.857","2.493","4.05","1.087","-1.329","2.131","0.29499999999999","1.129","0.34099999999998","-0.431","0.225","-0.639","-3.76","2.262","-0.35599999999999","0.907","0.12499999999999","-1.617","-0.76900000000001","-1.064","-1.107","-3.749","-1.786","-0.441","-121.63","-2.731","-19.722","-10.452","-4.021","-99.834","-0.288","-0.25999999999999","-8.84","1.957","-4.615","-1","-21.304","-788.349","","",""
"cf_cfi","-7.755","-19.654","-14.482","-22.786","-25.214","19.103","-35.127","-25.017","-38.368","-34.657","-25.489","-34.734","-34.315","-47.792","-39.122","-64.64","-249.843","-83.89700000000001","-52.197","-64.876","18.133","-123.5","17.905","-57.498","-64.66800000000001","-43.749","15.59","-153.252","-40.825","-11.467","-5.606","-58.183","-73.675","-34.949","-41.581","-115.609","-135.817","-10.654","-30.449","-67.81999999999999","-179.236","-127.685","-13.669","64.622","57.639","-28.953","-20.411","-51.141","-42.822","-48.33","-47.479","-40.561","4.263","-2.896","23.976","24.422","-75.59","-56.432","202.192","-35.841","-49.752","-40.316","-168.694","-80.358","-80.10299999999999","-50.036","-49.354","-207.571","-98.303","-142.001","-118.651","-146.399","-85.616","-111.278","-188.631","-954.328","-245.679","-158.894","-84.95999999999999"
"cff_common_stock_net","1.549","1.496","0.988","2.266","1.819","","","","0.365","3.313","3.9","5.815","3.144","105.478","0.776","3.566","0.766","-27.534","-34.916","-28.565","-91.343","4.524","-87.452","-6.761","-29.13","-62.733","-126.961","-70.23699999999999","-97.806","-32.036","-46.463","15.822","-108.643","-44.003","-35.193","219.561","1.224","0.524","0.318","1.594","39.146","28.846","25.561","31.004","32.448","14.469","9.877000000000001","3.75","10.916","23.804","35.089","8.170999999999999","3.536","4.232","3.819","25.392","24.178","14.826","34.669","14.705","56.335","26.936","29.781","11.45","22.972","21.896","11.989","15.633","43.694","89.06","68.66500000000001","33.987","48.071","-480.273","-81.55500000000001","88.149","13.678","11.25","4.113"
"cff_pfd_net","","","","","","","","","","","","","","","","","","","","","","","","","","","","","","","","","","","","","","","","","","","","","","","","","","","","","","","","","","","","","","","","","","","","","","","","","","","","","","",""
"cff_debt_net","-0.407","-0.261","-0.551","-0.115","-0.111","4.006","-4.224","-0.107","-0.079","","","","","","","","","","","","-0.122","-0.23","-0.234","-0.237","-0.269","-0.295","-0.294","192.595","-0.361","-0.465","-0.47","-0.48","-0.501","-0.52","-0.526","197.524","-0.5590000000000001","-0.577","-0.587","-0.596","280.235","-0.255","-0.258","-0.264","399.733","-0.271","-0.275","0.8129999999999999","1500","","","","","","","1000","","1420.51","","1600","","1900","","2061.852","","2243.196","","2226.11","","1009.464","","","-500","","","","-700","",""
"cff_dividend_paid","","","","","","","","","","","","","","","","","","","","","","","","","","","","","","","","","","","","","","","","","","","","","","","","","","","","","","","","","","","","","","","","","","","","","","","","","","","","","","",""
"cff_other","","2.2204460492503E-16","5.5511151231258E-17","","","-1.819","4.497","1.714","","","","","0.6899999999999999","2.952","3.923","5.652","4.076","11.826","5.362","4.984","0.8200000000000101","2.554","1.093","0.753","3.684","3.815","1.6","3.584","7.424","11.182","16.093","27.515","22.416","17.868","11.761","-18.088","3.367","-0.064","0.111","0.834","2.201","20.368","20.492","29.188","26.005","14.275","21.06","19.828","11.518","38.743","37.665","-25.629","11.371","13.38","12.82","17.08","0.061","-14.95","-0.247","-16.762","-0.321","-17.524","-0.544","-19.438","","-18.192","","-17.942","","-7.5590000000002","","","","-5.6843418860808E-14","","-224.168","","",""
"cf_cff","1.142","1.235","0.437","2.151","1.708","2.187","0.273","1.607","0.286","3.313","3.9","5.815","3.834","108.43","4.699","9.218","4.842","-15.708","-29.554","-23.581","-90.645","6.848","-86.593","-6.245","-25.715","-59.213","-125.655","125.942","-90.74299999999999","-21.319","-30.84","42.857","-86.72799999999999","-26.655","-23.958","398.997","4.032","-0.117","-0.158","1.832","321.582","48.959","45.795","59.928","458.186","28.473","30.662","24.391","1522.434","62.547","72.754","-17.458","14.907","17.612","16.639","1042.472","24.239","1420.386","34.422","1597.943","56.014","1909.412","29.237","2053.864","22.972","2246.9","11.989","2223.801","43.694","1090.965","68.66500000000001","33.987","-451.929","-480.273","-81.55500000000001","-136.019","-686.322","11.25","4.113"
"ebitda","3.851","14.188","17.07","18.208","13.655","25.535","40.87","27.498","14.615","32.542","32.56","30.274","35.684","59.263","57.399","68.803","65.2","94.756","75.253","80.938","78.631","99.717","89.895","94.64100000000001","93.85299999999999","115.03","115.645","-100.202","131.496","151.794","155.325","183.721","224.993","293.762","319.201","377.731","369.178","419.502","451.342","512.053","547.85","597.102","639.5119999999999","685.563","726.833","798.537","829.187","829.889","883.326","933.829","979.6799999999999","1056.036","1143.213","1279.883","1363.838","1517.837","1596.272","1713.663","1868.601","1929.871","2225.597","2310.92","2423.555","2260.399","2607.331","2963.83","3286.92","3065.999","3470.158","3991.748","4077.195","3968.81","4714.793","4692.867","4788.557","4437.071","5212.593","4923.136","5271.798"
"capex","-6.582","-19.311","-14.139","-22.627","-1.261","-1.437","-2.935","-104.557","-5.151","-67.71899999999999","-25.479","-35.45","-34.024","-47.866","75.01300000000001","-177.66","-80.928","-66.321","118.482","-10.413","-12.431","-135.96","112.072","-7.471","-6.572","-6.933","-9.994","-22.433","-6.393","-5.671","-7.342","-14.431","-16.32","-8.625999999999999","-14.08","-10.656","-4.766","-3.359","-10.808","-21.345","-12.118","-8.087999999999999","-10.828","-23.109","-13.334","-19.869","-21.032","-15.491","-13.036","-27.538","-37.82","-12.854","-8.425000000000001","-10.814","-27.366","-61.048","-52.523","-65.23099999999999","-33.963","-21.585","-37.17","-27.323","-39.333","-70.12","-60.381","-39.584","-45.333","-107.737","-98.015","-141.741","-109.811","-148.356","-81.001","-110.278","-167.327","-165.979","-121.158","-90.018","-84.95999999999999"
"fcf","6.245","4.309","7.847","8.731999999999999","32.539","30.529","46.333","-74.322","24.292","-31.225","7.024","23.617","11.966","5.433","136.475","-90.54900000000001","-17.899","-0.99200000000001","195.855","75.679","51.631","-44.008","147.995","84.629","59.061","68.369","68.31699999999999","83.384","70.812","54.581","34.885","82.286","100.003","77.76600000000001","35.451","54.81","14.343","16.048","-13.733","-35.35","-24.368","25.855","23.865","18.336","23.025","36.155","-58.471","-53.952","-140.418","-208.881","-233.789","-257.599","-237.015","-237.107","-489.307","-618.208","-396.379","-599.759","-453.57","-509.542","-273.927","-545.562","-729.744","-1305.192","-440.18","-583.338","-547.127","-1569.712","161.897","899.335","1153.95","-286.028","696.265","-174.039","-84.94799999999999","-569.253","801.681","12.732","471.85"
"book_value","91.06399999999999","98.006","104.861","112.708","113.525","121.906","144.82","156.283","152.113","164.533","178.672","226.252","237.8","366.354","387.003","414.211","432.204","444.081","434.438","429.812","355.433","389.462","324.833","347.155","346.312","324.371","232.202","199.143","146.735","176.64","","290.164","275.722","334.034","388.352","642.8099999999999","663.402","688.226","716.84","744.673","812.919","1105.622","1204.37","1333.561","1478.358","1609.705","1724.874","1857.708","1909.214","2032.075","2167.318","2223.426","2317.233","2415.834","2528.966","2679.8","2973.683","3112.5","3327.361","3581.956","4020.73","4496.6","5009.653","5238.765","5703.058","6105.548","6861.505","7582.157","8409.294","9334.753000000001","10333.323","11065.24","12884.08","13863.871","15314.617","15849.248","17544.039","19075.974","20528.141"
"tangible_book_value","85.779","93.529","101.157","109.76","111.203","120.038","143.405","155.322","151.606","164.406","178.203","168.763","163.36","365.335","293.996","309.303","318.067","330.179","320.184","297.357","210.072","389.462","202.275","248.608","346.312","224.055","127.663","199.143","146.735","81.974","","290.164","275.722","-91.212","-181.858","-404.124","663.402","688.226","-649.726","-761.335","-763.755","-576.58","-604.0170000000001","-757.51","-701.116","-739.091","-907.008","-915.6180000000001","-1403.139","-1608.692","-1724.472","-2089.391","-2942.927","-3327.104","-4148.708","-4594.701","-5055.429","-5965.974","-6412.343","-6789.099","-7294.073","-7795.47","-8398.790000000001","-9712.376","-15185.727","-15840.192","-16373.489","-16922.41","-16857.595","-15820.364","-14734.31","-14318.71","-13159.911","-13427.769","-13659.428","-15070.291","-13647.881","-13457.225","-12249.199"
"roa","-0.16","-0.03","0.01","0.03","0.02","0.01","0.08","0.09","0.07000000000000001","0.08","0.03","0.13","0.15","0.15","0.14","0.08","0.09","0.1","0.11","0.1","0.11","0.12","0.12","0.14","0.15","0.16","0.2","0.2","0.19","0.2","0.42","0.33","0.18","0.16","0.13","0.09","0.05","0.03","0.01","","0.01","0.01","0.02","0.02","0.03","0.03","0.04","0.04","0.03","0.02","0.02","0.01","0.01","0.01","0.01","0.01","0.02","0.02","0.03","0.03","0.03","0.05","0.05","0.05","0.05","0.04","0.05","0.06","0.06","0.07000000000000001","0.07000000000000001","0.07000000000000001","0.09","0.11","0.12","0.12","0.11","0.11","0.11"
"roe","-0.23","-0.04","0.01","0.04","0.03","0.02","0.14","0.14","0.12","0.13","0.05","0.21","0.24","0.22","0.19","0.12","0.13","0.14","0.15","0.15","0.18","0.19","0.21","0.25","0.27","0.29","0.39","0.54","0.73","0.85","1.64","1.11","0.67","0.7","0.66","0.44","0.25","0.15","0.06","0.02","0.03","0.05","0.06","0.09","0.12","0.13","0.14","0.15","0.13","0.1","0.08","0.06","0.06","0.06","0.07000000000000001","0.07000000000000001","0.12","0.12","0.14","0.16","0.18","0.23","0.27","0.24","0.23","0.2","0.22","0.26","0.28","0.3","0.29","0.26","0.31","0.33","0.35","0.33","0.3","0.28","0.25"
"roic","-0.23","-0.04","0.01","0.04","0.03","0.02","0.14","0.14","0.12","0.13","0.05","0.21","0.24","0.22","0.19","0.12","0.13","0.14","0.15","0.15","0.17","0.18","0.19","0.22","0.24","0.26","0.34","0.33","0.31","0.34","0.7","0.66","0.38","0.4","0.4","0.27","0.15","0.09","0.04","0.02","0.02","0.03","0.04","0.06","0.08","0.08","0.09","0.1","0.07000000000000001","0.04","0.04","0.03","0.03","0.03","0.03","0.03","0.05","0.05","0.05","0.06","0.06","0.08","0.1","0.08","0.08","0.07000000000000001","0.07000000000000001","0.09","0.1","0.11","0.11","0.1","0.13","0.15","0.17","0.16","0.16","0.16","0.15"
"roce","-0.13","-0.06","-0.01","0.02","0.01","0.01","0.12","0.13","0.1","0.11","0.03","0.01","0.08","0.12","0.13","0.16","0.17","0.19","0.2","0.2","0.23","0.23","0.25","0.31","0.35","0.41","0.52","0.5","0.49","0.5600000000000001","1.17","0.96","0.55","0.51","0.43","0.27","0.14","0.09","0.04","0.02","0.03","0.05","0.06","0.07000000000000001","0.08","0.09","0.1","0.09","0.08","0.05","0.05","0.05","0.04","0.03","0.04","0.04","0.06","0.06","0.06","0.07000000000000001","0.07000000000000001","0.09","0.1","0.09","0.08","0.09","0.1","0.1","0.11","0.13","0.13","0.15","0.17","0.18","0.19","0.17","0.17","0.16","0.15"
"rotce","-0.13","-0.07000000000000001","-0.01","0.02","0.01","0.01","0.12","0.13","0.1","0.11","0.03","0.02","0.11","0.14","0.15","0.21","0.22","0.26","0.27","0.28","0.34","0.28","0.3","0.44","0.4","0.47","0.76","0.59","0.49","0.63","1.49","0.96","0.55","0.72","0.93","0.62","0.19","0.09","0.07000000000000001","0.06","0.09","0.11","0.14","0.2","0.21","0.23","0.26","0.25","0.18","0.12","0.11","0.12","0.12","0.13","0.19","0.25","0.37","0.35","0.35","0.33","0.34","0.38","0.41","0.39","0.8100000000000001","4.88","2.71","1.7","1.23","1.02","0.74","0.72","0.83","0.91","1.01","1.01","1.01","0.93","0.86"
"gross_margin","0.46","0.44","0.46","0.45","0.44","0.42","0.49","0.03","0.27","0.28","0.33","0.37","0.34","0.37","0.38","0.39","0.36","0.35","0.34","0.34","0.32","0.32","0.34","0.35","0.34","0.34","0.35","0.38","0.38","0.39","0.38","0.34","0.39","0.38","0.35","0.34","0.28","0.28","0.27","0.24","0.28","0.29","0.28","0.3","0.32","0.32","0.32","0.32","0.33","0.32","0.32","0.31","0.3","0.3","0.33","0.24","0.37","0.32","0.33","0.25","0.38","0.39","0.37","0.35","0.37","0.39","0.41","0.37","0.38","0.41","0.4","0.37","0.46","0.45","0.44","0.32","0.46","0.41","0.4"
"ebitda_margin","0.07000000000000001","0.22","0.24","0.22","0.14","0.21","0.29","0.2","0.1","0.2","0.19","0.16","0.16","0.25","0.22","0.25","0.21","0.31","0.26","0.27","0.24","0.3","0.26","0.26","0.24","0.28","0.27","-0.23","0.27","0.29","0.28","0.31","0.31","0.37","0.39","0.43","0.42","0.47","0.5","0.54","0.54","0.5600000000000001","0.58","0.58","0.57","0.6","0.59","0.5600000000000001","0.5600000000000001","0.57","0.5600000000000001","0.58","0.58","0.61","0.6","0.61","0.61","0.62","0.63","0.59","0.6","0.59","0.61","0.54","0.58","0.6","0.63","0.5600000000000001","0.6","0.65","0.63","0.6","0.66","0.64","0.64","0.58","0.66","0.62","0.67"
"operating_margin","-0.09","0.05","0.04","0.02","-0.06","0.02","0.13","0.03","-0.06","0.03","0.03","0.01","0.02","0.1","0.07000000000000001","0.07000000000000001","0.04","0.13","0.07000000000000001","0.07000000000000001","0.04","0.1","0.1","0.11","0.09","0.13","0.12","0.11","0.12","0.15","0.13","0.13","0.14","0.15","0.12","0.07000000000000001","","0.02","0.02","0.02","0.03","0.05","0.05","0.07000000000000001","0.08","0.1","0.08","0.04","0.06","0.05","0.04","0.03","0.03","0.03","0.05","0.06","0.1","0.05","0.07000000000000001","0.07000000000000001","0.12","0.12","0.12","0.05","0.1","0.14","0.19","0.08","0.17","0.22","0.2","0.14","0.27","0.25","0.23","0.08","0.25","0.2","0.19"
"pretax_margin","","","","","","","0.13","0.04","-0.06","0.03","0.04","0.02","0.03","0.12","0.08","0.09","0.05","0.14","0.09","0.08","0.07000000000000001","0.11","0.1","0.11","0.09","0.13","0.12","0.12","0.11","0.14","0.12","0.13","0.14","0.14","0.11","0.06","-0.01","0.01","0.01","0.02","","0.04","0.04","0.06","0.07000000000000001","0.09","0.07000000000000001","0.03","0.02","0.02","0.02","0.01","0.02","0.02","0.03","0.04","0.08","0.01","0.04","0.04","0.08","0.11","0.09","0.03","0.09","0.1","0.19","0.03","0.14","0.17","0.13","0.08","0.28","0.22","0.22","0.07000000000000001","0.25","0.2","0.2"
"net_income_margin","-0.08","0.05","0.05","0.03","-0.06","0.02","0.13","0.04","-0.06","0.03","0.04","0.2","0.02","0.07000000000000001","0.05","0.05","0.03","0.08","0.05","0.05","0.04","0.08","0.06","0.06","0.06","0.08","0.07000000000000001","0.07000000000000001","0.07000000000000001","0.08","0.07000000000000001","0.08","0.08","0.09","0.08","0.04","-0.01","0.01","0.01","0.01","","0.03","0.03","0.04","0.04","0.05","0.04","0.06","0.02","0.02","0.02","0.02","0.01","0.02","0.02","0.03","0.07000000000000001","0.02","0.04","0.06","0.08","0.1","0.1","0.03","0.08","0.05","0.13","0.11","0.12","0.12","0.12","0.08","0.24","0.18","0.19","0.08","0.2","0.18","0.18"
"fcf_margin","0.11","0.07000000000000001","0.11","0.11","0.32","0.25","0.33","-0.54","0.16","-0.19","0.04","0.12","0.05","0.02","0.53","-0.33","-0.06","","0.67","0.25","0.16","-0.13","0.43","0.24","0.15","0.17","0.16","0.19","0.14","0.11","0.06","0.14","0.14","0.1","0.04","0.06","0.02","0.02","-0.02","-0.04","-0.02","0.02","0.02","0.02","0.02","0.03","-0.04","-0.04","-0.09","-0.13","-0.13","-0.14","-0.12","-0.11","-0.21","-0.25","-0.15","-0.22","-0.15","-0.16","-0.07000000000000001","-0.14","-0.18","-0.31","-0.1","-0.12","-0.1","-0.29","0.03","0.15","0.18","-0.04","0.1","-0.02","-0.01","-0.07000000000000001","0.1","","0.06"
"assets_to_equity","1.49","1.53","1.51","1.56","1.68","1.68","1.63","1.61","1.67","1.63","1.56","1.61","1.65","1.4","1.42","1.47","1.45","1.38","1.44","1.59","1.65","1.66","1.79","1.77","1.82","1.83","2.12","3.41","4.42","3.93","","3.38","3.95","4.7","5.05","4.77","5.25","5.05","5.31","5.33","5.37","4.05","4.07","4.06","4.09","3.93","3.93","3.79","4.84","4.75","4.58","4.59","4.86","4.8","4.88","5.07","4.83","5.31","5.09","5.31","5.01","5.04","4.66","4.96","4.77","4.94","4.51","4.48","4.17","3.98","3.74","3.55","3.11","2.96","2.79","2.81","2.58","2.43","2.32"
"equity_to_assets","0.67","0.65","0.66","0.64","0.59","0.6","0.61","0.62","0.6","0.61","0.64","0.62","0.61","0.71","0.7","0.68","0.6899999999999999","0.73","0.7","0.63","0.61","0.6","0.5600000000000001","0.5600000000000001","0.55","0.55","0.47","0.29","0.23","0.25","","0.3","0.25","0.21","0.2","0.21","0.19","0.2","0.19","0.19","0.19","0.25","0.25","0.25","0.24","0.25","0.25","0.26","0.21","0.21","0.22","0.22","0.21","0.21","0.2","0.2","0.21","0.19","0.2","0.19","0.2","0.2","0.21","0.2","0.21","0.2","0.22","0.22","0.24","0.25","0.27","0.28","0.32","0.34","0.36","0.36","0.39","0.41","0.43"
"debt_to_equity","0.01","0.01","0.01","","","","","","","","","","","","","","","","","0.08","","0.1","0.12","0.11","0.11","0.11","0.16","1.19","1.61","1.33","","0.6899999999999999","0.85","0.7","0.6","0.62","0.6","0.58","0.5600000000000001","0.54","0.86","0.45","0.42","0.37","0.61","0.5600000000000001","0.52","0.48","1.26","1.18","1.11","1.07","1.02","0.98","0.9399999999999999","1.26","1.13","1.55","1.47","1.81","1.63","1.86","1.66","1.98","1.81","2.06","1.81","1.95","1.74","1.69","1.55","1.47","1.21","1.13","1.01","0.97","0.83","0.75","0.68"
"debt_to_assets","0.01","0.01","","","","","","","","","","","","","","","","","","0.05","","0.06","0.07000000000000001","0.06","0.06","0.06","0.08","0.35","0.36","0.34","","0.2","0.21","0.15","0.12","0.13","0.11","0.11","0.11","0.1","0.16","0.11","0.1","0.09","0.15","0.14","0.13","0.13","0.26","0.25","0.24","0.23","0.21","0.2","0.19","0.25","0.23","0.29","0.29","0.34","0.32","0.37","0.36","0.4","0.38","0.42","0.4","0.43","0.42","0.42","0.42","0.42","0.39","0.38","0.36","0.35","0.32","0.31","0.29"
"revenue_per_share","0.17","0.15","0.16","0.23","0.28","0.26","0.31","0.31","0.41","0.36","0.37","0.41","0.48","0.49","0.52","0.5600000000000001","0.62","0.62","0.62","0.65","0.72","0.76","0.78","0.85","0.93","0.98","1.04","1.15","1.29","1.37","1.47","1.57","1.89","2.09","2.18","2.26","2.24","2.16","2.2","2.28","2.43","2.52","2.59","2.74","2.95","3.11","3.26","3.43","3.63","3.77","3.97","4.16","4.47","4.8","5.22","5.63","5.92","6.24","6.67","7.33","8.220000000000001","8.65","8.85","9.279999999999999","10","10.89","11.62","12.11","12.75","13.54","14.14","14.59","15.72","16.13","16.45","16.91","17.37","17.7","17.6"
"ebitda_per_share","0.01","0.03","0.04","0.05","0.04","0.06","0.09","0.06","0.04","0.07000000000000001","0.07000000000000001","0.06","0.08","0.12","0.12","0.14","0.13","0.19","0.16","0.17","0.17","0.22","0.21","0.22","0.22","0.28","0.29","-0.26","0.34","0.4","0.41","0.48","0.59","0.78","0.85","0.97","0.95","1.02","1.1","1.24","1.3","1.41","1.5","1.6","1.69","1.85","1.92","1.92","2.04","2.14","2.24","2.41","2.61","2.92","3.11","3.45","3.58","3.84","4.18","4.31","4.94","5.12","5.36","5.01","5.77","6.55","7.28","6.79","7.67","8.789999999999999","8.960000000000001","8.720000000000001","10.35","10.31","10.53","9.73","11.51","10.94","11.71"
"operating_income_per_share","-0.02","0.01","0.01","","-0.02","0.01","0.04","0.01","-0.03","0.01","0.01","0.01","0.01","0.05","0.03","0.04","0.02","0.08","0.05","0.04","0.03","0.08","0.08","0.09","0.08","0.13","0.12","0.13","0.15","0.2","0.18","0.21","0.27","0.31","0.26","0.16","","0.04","0.04","0.05","0.08","0.13","0.13","0.19","0.23","0.3","0.26","0.15","0.22","0.17","0.17","0.14","0.11","0.16","0.24","0.35","0.58","0.29","0.47","0.55","0.99","1.02","1.06","0.48","1.02","1.56","2.17","1.02","2.12","2.99","2.89","2.1","4.3","4.06","3.86","1.39","4.35","3.51","3.4"
"pretax_income_per_share","","","","","","","0.04","0.01","-0.02","0.01","0.02","0.01","0.02","0.06","0.04","0.05","0.03","0.09","0.06","0.05","0.05","0.08","0.08","0.09","0.09","0.13","0.12","0.13","0.14","0.19","0.17","0.2","0.26","0.29","0.25","0.15","-0.02","0.03","0.03","0.04","","0.11","0.12","0.17","0.21","0.27","0.23","0.11","0.09","0.09","0.1","0.05","0.09","0.12","0.18","0.21","0.5","0.03","0.26","0.29","0.67","0.95","0.84","0.26","0.88","1.11","2.24","0.33","1.76","2.28","1.89","1.11","4.47","3.5","3.65","1.21","4.37","3.61","3.6"
"fcf_per_share","0.02","0.01","0.02","0.02","0.09","0.07000000000000001","0.1","-0.16","0.07000000000000001","-0.07000000000000001","0.02","0.05","0.03","0.01","0.28","-0.18","-0.04","","0.41","0.16","0.11","-0.1","0.34","0.2","0.14","0.16","0.17","0.22","0.18","0.14","0.09","0.22","0.26","0.21","0.09","0.14","0.04","0.04","-0.03","-0.09","-0.06","0.06","0.06","0.04","0.05","0.08","-0.14","-0.12","-0.32","-0.48","-0.53","-0.59","-0.54","-0.54","-1.12","-1.4","-0.89","-1.34","-1.01","-1.14","-0.61","-1.21","-1.61","-2.89","-0.97","-1.29","-1.21","-3.48","0.36","1.98","2.54","-0.63","1.53","-0.38","-0.19","-1.25","1.77","0.03","1.05"
"book_value_per_share","0.29","0.23","0.24","0.32","0.32","0.27","0.32","0.35","0.41","0.36","0.39","0.48","0.51","0.76","0.79","0.84","0.87","0.91","0.91","0.92","0.78","0.87","0.75","0.82","0.8100000000000001","0.78","0.57","0.51","0.38","0.46","","0.76","0.73","0.89","1.03","1.66","1.71","1.67","1.74","1.8","1.93","2.61","2.82","3.11","3.43","3.73","3.99","4.3","4.4","4.66","4.95","5.07","5.29","5.51","5.77","6.09","6.68","6.97","7.44","7.99","8.93","9.960000000000001","11.09","11.61","12.62","13.5","15.2","16.8","18.58","20.56","22.71","24.3","28.28","30.46","33.66","34.77","38.73","42.38","45.58"
"tangible_book_per_share","0.27","0.22","0.23","0.31","0.31","0.26","0.32","0.34","0.41","0.36","0.39","0.36","0.35","0.75","0.6","0.63","0.64","0.67","0.67","0.63","0.46","0.87","0.46","0.59","0.8100000000000001","0.54","0.31","0.51","0.38","0.22","","0.76","0.73","-0.24","-0.48","-1.04","1.71","1.67","-1.58","-1.84","-1.81","-1.36","-1.41","-1.77","-1.63","-1.71","-2.1","-2.12","-3.23","-3.69","-3.94","-4.77","-6.72","-7.59","-9.460000000000001","-10.44","-11.35","-13.37","-14.33","-15.15","-16.2","-17.26","-18.58","-21.53","-33.6","-35.03","-36.26","-37.49","-37.25","-34.85","-32.38","-31.45","-28.88","-29.5","-30.03","-33.06","-30.13","-29.89","-27.2"
"payout_ratio","","","","","","","","","","","","","","","","","","","","","","","","","","","","","","","","","","","","","","","","","","","","","","","","","","","","","","","","","","","","","","","","","","","","","","","","","","","","","","",""
"revenue_growth","0.82","0.74","0.77","0.8","0.8","0.9","0.96","0.7","0.52","0.36","0.22","0.4","0.47","0.46","0.48","0.44","0.36","0.27","0.15","0.09","0.07000000000000001","0.11","0.16","0.19","0.21","0.21","0.24","0.24","0.25","0.27","0.31","0.34","0.46","0.52","0.49","0.47","0.21","0.13","0.1","0.08","0.18","0.2","0.22","0.24","0.24","0.25","0.27","0.26","0.24","0.23","0.23","0.23","0.24","0.28","0.32","0.36","0.35","0.32","0.3","0.33","0.4","0.4","0.34","0.27","0.22","0.26","0.31","0.31","0.28","0.25","0.23","0.22","0.24","0.19","0.16","0.16","0.1","0.09","0.06"
"gross_profit_growth","0.67","0.53","0.74","0.68","0.7","0.8100000000000001","1.09","-0.88","-0.06","-0.09","-0.18","14.69","0.84","0.92","0.7","0.5","0.45","0.21","0.02","-0.05","-0.06","","0.17","0.24","0.3","0.3","0.27","0.33","0.38","0.47","0.41","0.21","0.5","0.46","0.37","0.46","-0.12","-0.18","-0.15","-0.26","0.17","0.26","0.27","0.59","0.4","0.38","0.48","0.33","0.31","0.23","0.24","0.22","0.12","0.21","0.34","0.04","0.67","0.4","0.31","0.35","0.43","0.7","0.48","0.8100000000000001","0.18","0.27","0.46","0.38","0.31","0.31","0.2","0.24","0.52","0.33","0.28","","0.09","-0.01","-0.04"
"ebitda_growth","2.75","2.82","2.58","1.89","2.55","0.8","1.39","0.51","0.07000000000000001","0.27","-0.2","0.1","1.44","0.82","0.76","1.27","0.83","0.6","0.31","0.18","0.21","0.05","0.19","0.17","0.19","0.15","0.29","-2.06","0.4","0.32","0.34","2.83","0.71","0.9399999999999999","1.06","1.06","0.64","0.43","0.41","0.36","0.48","0.42","0.42","0.34","0.33","0.34","0.3","0.21","0.22","0.17","0.18","0.27","0.29","0.37","0.39","0.44","0.4","0.34","0.37","0.27","0.39","0.35","0.3","0.17","0.17","0.28","0.36","0.36","0.33","0.35","0.24","0.29","0.36","0.18","0.17","0.12","0.11","0.05","0.1"
"operating_income_growth","-0.21","2.12","2.26","1.85","-0.29","-0.08","5.44","2.06","-0.54","0.7","-0.7","-0.4","1.49","4.27","2.09","5.68","1.35","0.63","0.26","0.08","0.29","-0.11","0.58","0.88","1.44","0.54","0.45","0.29","0.65","0.47","0.41","0.61","0.75","0.49","0.39","-0.21","-1.02","-0.86","-0.83","-0.68","17.45","2.54","2.54","3.19","2.07","1.27","0.93","-0.21","","-0.42","-0.33","-0.08","-0.49","-0.06","0.44","1.57","4.2","0.82","0.97","0.59","0.74","2.62","1.3","-0.12","0.03","0.53","1.04","1.13","1.09","0.92","0.34","1.08","1.05","0.36","0.33","-0.34","0.01","-0.15","-0.13"
"pretax_income_growth","","","","","","","","","","","-0.63","-0.23","1.82","3.84","2.11","4.39","1.29","0.57","0.23","0.05","0.36","-0.17","0.31","0.52","0.66","0.47","0.44","0.35","0.45","0.39","0.3","0.45","0.8100000000000001","0.51","0.43","-0.24","-1.07","-0.9","-0.87","-0.74","1.13","3.38","3.14","3.97","94.64","1.52","0.97","-0.38","-0.57","-0.66","-0.57","-0.54","0.04","0.27","0.87","3.35","4.61","-0.73","0.47","0.45","0.34","29.7","2.26","-0.09","0.33","0.17","1.67","0.25","0.99","1.07","-0.15","2.39","1.56","0.54","0.93","0.09","-0.03","0.02","-0.02"
"net_income_growth","","1.25","2.95","2.73","-0.28","-0.13","4.73","1.45","-0.52","0.97","-0.63","5.86","1.5","2","0.84","-0.61","1.24","0.5","0.23","0.06","0.35","0.04","0.29","0.44","0.68","0.22","0.48","0.36","0.44","0.34","0.26","0.52","0.87","0.57","0.65","-0.25","-1.08","-0.91","-0.88","-0.78","1.59","3.78","3.15","5.13","18.75","1.41","0.86","0.72","-0.55","-0.63","-0.5","-0.48","0.17","0.55","0.75","0.55","5.44","0.61","1.52","1.78","0.63","4.86","2.11","-0.28","0.19","-0.3","0.65","3.38","1.06","1.66","0.19","-0.08","1.41","0.88","0.83","0.12","-0.06","0.06","-0.04"
"eps_diluted_growth","0.82","1.09","2.17","2.5","-0.14","-0.25","4.86","0.83","-0.5","1.17","-0.61","6.55","1.42","1.77","0.63","-0.64","1","0.42","0.27","0.1","0.5","0.18","0.42","0.61","0.77","0.28","0.57","0.49","0.58","0.48","0.35","0.57","0.89","0.58","0.66","-0.16","-1.07","-0.91","-0.89","-0.82","1.64","3.38","2.89","4.95","16.57","1.29","0.89","0.71","-0.59","-0.63","-0.5","-0.48","0.2","0.5","0.71","0.5","5.67","0.67","1.42","1.73","0.6","4.67","2.07","-0.27","0.19","-0.29","0.65","3.33","1.07","1.65","0.18","-0.08","1.39","0.87","0.83","0.12","-0.06","0.08","-0.03"
"shares_diluted_growth","4.55","2.02","0.44","0.13","0.13","0.05","0.02","0.27","0.03","-0.01","0.02","0.04","0.26","0.07000000000000001","0.07000000000000001","0.05","0.06","0.01","-0.03","-0.05","-0.08","-0.09","-0.09","-0.1","-0.06","-0.07000000000000001","-0.07000000000000001","-0.08","-0.1","-0.09","-0.07000000000000001","-0.02","-0.01","-0.01","","0.02","0.02","0.09","0.09","0.07000000000000001","0.08","0.03","0.04","0.04","0.02","0.02","0.01","0.01","0.01","0.01","0.01","0.01","0.01","","","","0.02","0.02","0.02","0.02","0.01","0.01","0.01","0.01","","","","","","","0.01","0.01","0.01","","","","-0.01","-0.01","-0.01"
"cash_and_equiv_growth","3.21","0.43","0.46","0.5","0.52","1.15","1.12","0.9399999999999999","0.66","0.11","0.08","0.22","0.37","1","1.03","0.89","-0.04","-0.46","-0.51","-0.5600000000000001","-0.23","-0.22","-0.38","-0.21","-0.32","-0.39","-0.5","-0.04","-0.31","0.23","-1","0.45","0.88","0.63","","1.61","1.63","1.3","1.33","-0.43","0.06","-0.08","0.19","1.08","1.77","2.28","1.69","0.84","1.12","0.89","0.79","0.62","-0.35","-0.39","-0.54","-0.19","-0.33","0.38","0.8","0.92","1.41","1.04","0.76","0.34","0.29","0.28","0.45","0.32","0.54","0.43","0.89","0.64","0.63","0.09","-0.1","-0.27","-0.28","-0.25","-0.19"
"ppe_growth","0.03","0.83","0.93","0.74","-0.29","-0.53","-0.45","0.92","1.29","1.48","1.23","1.15","0.7","2.6","0.42","0.38","0.61","-0.32","0.66","0.39","0.35","2.81","0.79","0.62","0.42","-0.53","-0.05","0.05","0.03","0.02","-1","-0.02","0.06","0.11","","0.06","-0.05","-0.09","-0.07000000000000001","-0.03","0.01","0.03","-0.05","0.01","0.03","0.11","0.13","0.12","0.09","0.21","0.26","0.16","0.14","-0.05","0.06","0.44","0.65","0.9","0.68","0.28","0.24","0.13","0.15","0.31","0.27","0.29","0.3","0.35","0.5","0.66","0.72","0.7","0.5600000000000001","0.47","0.47","0.38","0.36","0.23","0.13"
"total_assets_growth","2.03","0.27","0.29","0.35","0.41","0.36","0.48","0.43","0.33","0.32","0.18","0.45","0.55","0.91","0.98","0.67","0.59","0.19","0.13","0.12","-0.06","0.06","-0.07000000000000001","-0.1","0.07000000000000001","-0.08","-0.16","0.1","0.03","0.17","-1","0.44","0.68","1.26","","2.13","2.19","1.21","0.9399999999999999","0.29","0.25","0.29","0.29","0.36","0.39","0.41","0.38","0.3","0.53","0.53","0.46","0.45","0.22","0.2","0.25","0.33","0.27","0.42","0.37","0.4","0.4","0.37","0.38","0.37","0.35","0.33","0.32","0.31","0.29","0.23","0.25","0.16","0.14","0.1","0.11","0.14","0.13","0.13","0.11"
"total_equity_growth","2","0.13","0.2","0.26","0.25","0.24","0.38","0.39","0.34","0.35","0.23","0.45","0.5600000000000001","1.23","1.17","0.83","0.82","0.21","0.12","0.04","-0.18","-0.12","-0.25","-0.19","-0.03","-0.17","-0.29","-0.43","-0.58","-0.46","-1","0.46","0.88","0.89","","1.22","1.41","1.06","0.85","0.16","0.23","0.61","0.68","0.79","0.82","0.46","0.43","0.39","0.29","0.26","0.26","0.2","0.21","0.19","0.17","0.21","0.28","0.29","0.32","0.34","0.35","0.44","0.51","0.46","0.42","0.36","0.37","0.45","0.47","0.53","0.51","0.46","0.53","0.49","0.48","0.43","0.36","0.38","0.34"
"cfo_growth","0.97","1.91","0.99","1.17","1.64","0.35","1.24","-0.04","-0.13","0.14","-0.34","0.95","0.5600000000000001","0.46","0.89","0.47","0.37","0.23","0.26","-0.01","0.02","0.41","-0.54","0.07000000000000001","0.02","-0.18","1.18","0.15","0.18","-0.2","-0.46","-0.09","0.51","0.43","0.17","-0.32","-0.84","-0.78","-1.06","-1.21","-1.64","0.75","12.86","3.96","3.97","0.65","-2.08","-1.93","-4.5","-4.24","-4.23","-5.36","-0.79","-0.25","-1.36","-1.28","-0.5","-1.36","0.09","0.12","0.31","0.03","-0.65","-1.53","-0.6","-0.05","0.27","-0.18","1.68","2.91","3.52","0.91","1.99","-1.06","-0.93","-1.93","0.19","2.61","5.76"
"capex_growth","-0.14","-4.55","-1.43","-1.32","0.8100000000000001","0.93","0.79","-3.62","-3.08","-46.13","-7.68","0.66","-5.61","0.29","3.94","-4.01","-1.38","-0.39","0.58","0.9399999999999999","0.85","-1.05","-0.05","0.28","0.47","0.95","-1.09","-2","0.03","0.18","0.27","0.36","-1.55","-0.52","-0.92","0.26","0.71","0.61","0.23","-1","-1.54","-1.41","","-0.08","-0.1","-1.46","-0.9399999999999999","0.33","0.02","-0.39","-0.8","0.17","0.35","0.61","0.28","-3.75","-5.23","-5.03","-0.24","0.65","0.29","0.58","-0.16","-2.25","-0.62","-0.45","-0.15","-0.54","-0.62","-2.58","-1.42","-0.38","0.17","0.22","-0.52","-0.12","-0.5","0.18","0.49"
"fcf_growth","7.83","-0.07000000000000001","0.49","0.86","4.21","6.08","4.9","-9.51","-0.25","-2.02","-0.85","1.32","-0.51","1.17","18.43","-4.83","-2.5","-1.18","0.44","1.84","3.88","-43.36","-0.24","0.12","0.14","2.55","-0.54","-0.01","0.2","-0.2","-0.49","-0.01","0.41","0.42","0.02","-0.33","-0.86","-0.79","-1.39","-1.64","-2.7","0.61","2.74","1.52","1.94","0.4","-3.45","-3.94","-7.1","-6.78","-3","-3.77","-0.6899999999999999","-0.14","-1.09","-1.4","-0.67","-1.53","0.07000000000000001","0.18","0.31","0.09","-0.61","-1.56","-0.61","-0.07000000000000001","0.25","-0.2","1.37","2.54","3.11","0.82","3.3","-1.19","-1.07","-0.99","0.15","1.07","6.55"
"shares_eop","321.685","335.422","339.186","355.946","360.823","364.849","366.124","369.124","370.752","373.984","377.734","383.29","388.572","475.557","477.079","480.287","481.334","473.467","459.672","454.39","430.852","433.374","413.84","412.037","409.465","401.91","382.499","374.081","365.833","366.507","365.802","369.474","367.634","367.754","367.529","387.79","388.609","388.74","388.819","389.11","393.008","412.457","414.805","417.249","419.582","420.637","421.725","422.911","424.345","426.005","427.388","427.94","428.289","428.725","429.145","430.054","430.993","431.75","432.731","433.393","434.657","435.457","436.085","436.599","437.192","437.835","438.251","438.807","439.781","441.015","441.795","442.895","443.384","442.596","442.952","443.963","444.274","444.706","444.706"
"dividends","","","","","","","","","","","","","","","","","","","","","","","","","","","","","","","","","","","","","","","","","","","","","","","","","","","","","","","","","","","","","","","","","","","","","","","","","","","","","","",""
"price_to_earnings","-22.25","-145.49","1044.99","318.77","567.39","701.0599999999999","44.02","30.08","30.94","41.66","149.32","35.29","29.12","27.78","21.41","36.11","29.21","20.82","20.63","25.82","30.32","22.57","23.99","21.19","27.27","24.26","23.44","25.41","30.63","41.57","58.59","57.65","66.14","64.64","24.99","16.98","39.58","38.3","68.02","300.14","435.08","260.62","254.9","195.26","129.59","129.54","117.23","77.34999999999999","106.42","207.48","271.03","399.11","345.84","278.11","259.29","285.2","188.9","178.16","177.65","148.85","191.37","172.25","129.2","96.48","123.21","139.67","82.95","76.05","73.98999999999999","74.84","78.72","86.73","61.53","53.23","53.52","52.28","33.24","15.26","20.76"
"price_to_book","5.12","6.26","7.76","12.35","15.48","15.38","5.56","4.16","3.78","5.41","7.84","6.56","6.76","5.05","4.01","4.28","3.69","2.95","3.13","4.02","6","4.14","5.62","5.07","7.25","7.32","10.87","14.78","26.25","32.2","","31.96","45.29","41.32","15.31","5.97","9.619999999999999","5.52","4.22","6.91","13.07","11.25","15.21","16.46","14.27","16.45","15.76","11.11","13.23","19.67","20.36","22.01","18.89","16.23","16.72","19.87","21.42","20.73","23.5","23.23","31.93","37.91","32.57","22.31","27.33","26.34","17.09","18.73","19.64","21.5","21.38","21.64","17.95","16.86","17.65","16.88","9.49","4.08","5.1"
"price_to_sales","2.62","3","3.45","5.11","5.54","5.01","1.82","1.3","1.04","1.49","2.23","2.17","2.13","2.23","1.7","1.78","1.48","1.15","1.15","1.43","1.74","1.28","1.4","1.29","1.75","1.58","1.59","1.76","2.18","3.02","4.21","4.29","5.23","5.2","2.03","1.2","1.9","1.1","0.85","1.43","2.82","3.15","4.42","5.02","4.57","5.41","5.23","3.75","4.35","6.54","6.85","7.22","6.11","5.14","5.17","6.03","6.7","6.33","7.18","7.12","10.06","12.28","10.95","7.4","9.380000000000001","9.119999999999999","6.21","7.04","7.72","8.869999999999999","9.27","9.58","8.76","8.470000000000001","9.44","9.01","5.47","2.51","3.33"
"price_to_tangible_book","5.44","6.56","8.050000000000001","12.68","15.8","15.62","5.62","4.18","3.79","5.41","7.86","8.789999999999999","9.85","5.06","5.27","5.73","5.01","3.97","4.25","5.81","10.15","4.14","9.02","7.08","7.25","10.6","19.77","14.78","26.25","69.39","","31.96","45.29","-151.32","-32.7","-9.5","9.619999999999999","5.52","-4.66","-6.76","-13.91","-21.57","-30.33","-28.97","-30.1","-35.82","-29.97","-22.54","-18","-24.85","-25.59","-23.43","-14.88","-11.79","-10.19","-11.59","-12.6","-10.81","-12.19","-12.25","-17.6","-21.87","-19.43","-12.03","-10.27","-10.15","-7.16","-8.390000000000001","-9.800000000000001","-12.68","-14.99","-16.73","-17.58","-17.41","-19.79","-17.75","-12.19","-5.78","-8.550000000000001"
"price_to_fcf","22.4","29.96","35.26","51.29","32.89","23.55","6.82","18.52","21.42","-25.49","-18.88","62.57","141.34","38.51","8.74","27.99","47.62","48.51","15.75","6.83","6.62","5.78","7.89","7.32","10.13","6.6","9","10.55","13.24","20.53","34.78","38.23","45.96","46.8","20.12","14.32","35.01","31.51","42.33","-275.41","-185.13","-261.36","-1832.56","502.36","231.67","261.14","1427.16","-387.62","-116.58","-86.59","-69.28","-58.22","-46.71","-40.62","-34.64","-33.66","-36.59","-30.66","-37.81","-42.46","-69.89","-95.62","-79.25","-40.94","-51.61","-52.58","-40.78","-45.21","-65.06","-190.11","342.25","124.14","93.89","168.17","1787.45","-2026.6","-6266.07","485.39","146.03"
"market_cap","466.44325","613.82226","814.0463999999999","1391.74886","1757.20801","1875.32386","805.4728","649.65824","574.6656","890.08192","1401.39314","1483.3323","1608.68808","1849.91673","1550.50675","1772.25903","1593.21554","1311.50359","1360.62912","1726.682","2132.7174","1612.15128","1825.0344","1759.39799","2510.02045","2375.2881","2524.4934","2944.01747","3852.22149","5688.18864","8475.63234","9273.797399999999","12488.52698","13801.80762","5946.61922","3839.121","6384.84587","3801.8772","3025.01182","5147.9253","10626.93632","12439.70312","18321.93685","21947.2974","21100.77878","26474.89278","27180.17625","20638.0568","25261.25785","39980.56925","44132.08488","48947.7772","43783.98447","39219.763","42292.23975","53240.6852","63705.07533","64507.7675","78194.4917","83194.12028","128375.94495","170450.93351","163152.48105","116860.08834","155885.17952","160825.5522","117284.73262","141984.78099","165137.7655","200679.4656","220910.75385","239486.61335","231295.69744","233783.63316","270351.32368","267461.06972","166420.59766","77765.73822","104701.58064"
"period_end_price","1.45","1.83","2.4","3.91","4.87","5.14","2.2","1.76","1.55","2.38","3.71","3.87","4.14","3.89","3.25","3.69","3.31","2.77","2.96","3.8","4.95","3.72","4.41","4.27","6.13","5.91","6.6","7.87","10.53","15.52","23.17","25.1","33.97","37.53","16.18","9.9","16.43","9.779999999999999","7.78","13.23","27.04","30.16","44.17","52.6","50.29","62.94","64.45","48.8","59.53","93.84999999999999","103.26","114.38","102.23","91.48","98.55","123.8","147.81","149.41","180.7","191.96","295.35","391.43","374.13","267.66","356.56","367.32","267.62","323.57","375.5","455.04","500.03","540.73","521.66","528.21","610.34","602.4400000000001","374.59","174.87","235.44"
