"period_end_date","2003-12","2004-03","2004-06","2004-09","2004-12","2005-03","2005-06","2005-09","2005-12","2006-03","2006-06","2006-09","2006-12","2007-03","2007-06","2007-09","2007-12","2008-03","2008-06","2008-09","2008-12","2009-03","2009-06","2009-09","2009-12","2010-03","2010-06","2010-09","2010-12","2011-03","2011-06","2011-09","2011-12","2012-03","2012-06","2012-09","2012-12","2013-03","2013-06","2013-09","2013-12","2014-03","2014-06","2014-09","2014-12","2015-03","2015-06","2015-09","2015-12","2016-03","2016-06","2016-09","2016-12","2017-03","2017-06","2017-09","2017-12","2018-03","2018-06","2018-09","2018-12","2019-03","2019-06","2019-09","2019-12","2020-03","2020-06","2020-09","2020-12","2021-03","2021-06","2021-09","2021-12","2022-03","2022-06","2022-09"
"revenue","1281.191","1241.068","1318.691","1453.297","1589.544","1518.716","1601.799","1659.241","1934.092","1885.822","1963.673","2003.355","2355.7","2255.6","2359.245","2440.935","2767.6","2526","2574","2515.4","2615.2","2333.3","2403.9","2422.2","2722.7","2534.7","2612","2838","2950.8","2785.7","2932.2","3031.7","3435.9","3195.9","3303.6","3341.4","3793.2","3549.6","3735.3","3788.7","4239.6","3873.8","4153.7","4180.7","4803.2","4563.5","4881.2","4914.8","5373.5","4993.2","5238","5711.2","5732.9","5294","5661.5","5698.3","6073.7","6031.8","6310.3","6303.6","6632.7","6305.9","6823","6747","7097.1","5995.7","4222.1","6203.1","6749.4","6668","7496.5","8146.7","8050.4","7635.6","8150.1","8414.200000000001"
"cogs","934.53","975.046","1032.463","1167.519","1168.761","1208.031","1244.303","1302.771","1459.352","1489.794","1560.969","1616.578","984.8","1799.7","1899.6","1684.693","1186","2116.6","1163.1","1189.5","1196.8","1043.5","1043.4","1041.2","1145.7","1064.1","1076.2","1130.5","1192.3","1171.2","1237.5","4909.4","2491.8","2368.4","2422.1","2449","2710.2","2568.8","2681.7","2707.6","2970.2","2763.7","2888","2875.2","3306.7","3184.4","3346.3","3361.2","3692.4","3476.7","3589.7","3814.4","3933.2","3727.6","3878","4013.4","4238.7","4304.3","4378.4","4481.5","4762.6","4566.1","4842.8","4848.9","5057.9","4719.1","4021.8","4660","4916.4","4815.7","5172.9","5764.5","5926.9","5780.5","5916.1","6255.7"
"gross_profit","346.661","266.022","286.228","285.778","420.783","310.685","357.496","356.47","474.74","396.028","402.704","386.777","1370.9","455.9","459.645","756.242","1581.6","409.4","1410.9","1325.9","1418.4","1289.8","1360.5","1381","1577","1470.6","1535.8","1707.5","1758.5","1614.5","1694.7","-1877.7","944.1","827.5","881.5","892.4","1083","980.8","1053.6","1081.1","1269.4","1110.1","1265.7","1305.5","1496.5","1379.1","1534.9","1553.6","1681.1","1516.5","1648.3","1896.8","1799.7","1566.4","1783.5","1684.9","1835","1727.5","1931.9","1822.1","1870.1","1739.8","1980.2","1898.1","2039.2","1276.6","200.3","1543.1","1833","1852.3","2323.6","2382.2","2123.5","1855.1","2234","2158.5"
"sga","114.115","79.982","73.357","80.53700000000001","127.88","81.929","90.637","100.949","123.325","119.611","115.258","114.829","959.7","127.8","119.525","422.528","1138.9","117.6","1154","780.7","1041.8","923.9","931.7","980.7","1033","967","1021.6","1154.9","1073.2","1048.8","1107.3","-2479.9","191.5","206.9","199","203.8","231.9","230.3","249.6","226.2","242.6","240.6","269.4","238.7","298.4","305.9","288.5","303.9","305.5","330.5","323.4","449.5","356.4","326.8","325","400.2","392.4","420.6","485.9","409.2","448","458.1","459.7","458.4","434.2","406.5","399.9","439","472.1","464.4","494.9","501.2","525.8","481.5","486.7","538"
"rnd","","","","","","","","","","","","","","","","","","","","","","","","","","","","","","","","","","","","","","","","","","","","","","","","","","","","","","","","","","","","","","","","","","","","","","","","","","","",""
"special_charges","","","","","","","","","","","","","","","","","","","","","","","","","","","","","","","","","","","","","","","","","","","","","","","","","","","","","","","","","","","","","","","","","","","","","","","","","","","",""
"other_opex","57.885","62.281","59.064","50.222","65.669","71.47799999999999","67.227","59.125","71.568","74.523","72.873","74.31","91.5","87.09999999999999","94.90600000000001","85.681","109.6","113.6","110.8","545.4","206.9","198.1","202.9","191.2","202.5","190.3","125.2","405.8","217.9","227.9","129.5","530","241.5","242.4","242.6","231","275","258.9","252.2","267.1","284.6","285.3","300.7","296.4","335.4","350.6","368.1","362.2","381.7","387.4","385.1","325.8","395.1","388.3","395.1","350.7","388.3","452.4","462.3","499","431","443.3","437.5","436.4","452.8","451.3","494.6","463","457.9","454.4","425.7","463.4","467.7","469.4","491.9","480.5"
"total_opex","172","142.263","132.421","130.759","193.549","153.407","157.864","160.074","194.893","194.134","188.131","189.139","1051.2","214.9","214.431","508.209","1248.5","231.2","1264.8","1326.1","1248.7","1122","1134.6","1171.9","1235.5","1157.3","1146.8","1560.7","1291.1","1276.7","1236.8","-1949.9","433","449.3","441.6","434.8","506.9","489.2","501.8","493.3","527.2","525.9","570.1","535.1","633.8","656.5","656.6","666.1","687.2","717.9","708.5","775.3","751.5","715.1","720.1","750.9","780.7","873","948.2","908.2","879","901.4","897.2","894.8","887","857.8","894.5","902","930","918.8","920.6","964.6","993.5","950.9","978.6","1018.5"
"operating_income","174.661","123.759","153.807","155.019","227.234","157.278","199.632","196.396","279.847","201.894","214.573","197.638","319.7","241","245.214","248.033","333.1","178.2","146.1","-0.2","169.7","167.8","225.9","209.1","341.5","313.3","389","146.8","467.4","337.8","457.9","72.2","511.1","378.2","439.9","457.6","576.1","491.6","551.8","587.8","742.2","584.2","695.6","770.4","862.7","722.6","878.3","887.5","993.9","798.6","939.8","1121.5","1048.2","851.3","1063.4","934","1054.3","854.5","983.7","913.9","991.1","838.4","1083","1003.3","1152.2","418.8","-694.2","641.1","903","933.5","1403","1417.6","1130","904.2","1255.4","1140"
"net_interest_income_normal","","","","","","","","","","","","","","","","","","","","","-7","-5.9","10","12.8","16.9","-8","-9.300000000000001","-37","6.5","-7.1","7.5","55.8","14.6","26.5","0.8","19.7","-9.5","44.7","-2.8","63.1","5.3","1.1","3","69.3","-6.6","-15.6","6.4","-11.8","-8.4","-3.8","51.1","-17.6","0.3","35.4","8.199999999999999","45.4","62.3","0.4","-13.9","-27.7","-50.2","-58.7","-46.2","-79.40000000000001","-76","-97.2","-108.1","-115.9","-105.2","-97.7","-77.40000000000001","-99.09999999999999","-115.4","-72.8","-103.3","-94.3"
"other_nonoperating_income","3.208","3.685","3.765","2.73","5.122","4.014","3.235","3.361","0.348","3.063","5.028","3.852","6.5","-0.7","-2.241","-1.187","-6.4","-11","-112.9","-1","-64","-126.9","-21.9","-9.699999999999999","11.1","31.2","-61.3","302.8","34.5","58.2","-55.7","376","44.9","52.2","51.7","61.9","54.5","52.5","63.4","-2703.1","71.3","59.9","72.90000000000001","84.40000000000001","443.4","54.9","60.3","20.8","64.09999999999999","65.59999999999999","82.5","111.3","84.40000000000001","93.7","-19.2","172.5","1889.3","-39.3","57","45.4","24.6","40.3","640.1","80","67.59999999999999","68.59999999999999","-9.699999999999999","-82.8","10.5","54.1","85.7","929.1","47.8","44.7","40.1","55.5"
"pretax_income","177.869","127.444","157.572","157.749","232.356","161.292","202.867","199.757","280.195","204.957","219.601","201.49","326.2","240.3","242.973","246.846","326.7","167.2","33.2","-1.2","98.7","35","214","212.2","369.5","336.5","318.4","412.6","508.4","388.9","409.7","504","570.6","456.9","492.4","539.2","621.1","588.8","612.4","-2052.2","818.8","645.2","771.5","924.1","1299.5","761.9","945","896.5","1049.6","860.4","1073.4","1215.2","1132.9","980.4","1052.4","1151.9","3005.9","815.6","1026.8","931.6","965.5","820","1676.9","1003.9","1143.8","390.2","-812","442.4","808.3","889.9","1411.3","2247.6","1062.4","876.1","1192.2","1101.2"
"income_tax","-67.73399999999999","-48.559","-59.992","-55.469","-87.60299999999999","-60.831","-77.292","-76.251","-106.039","-77.64100000000001","-74.10299999999999","-66.98699999999999","-121.2","-89.5","-84.63","-88.343","-118.6","-58.5","26.5","6.6","-34","-9.9","-65.8","-58.7","-126","-118.7","-109.9","-134.1","-160.8","-126.5","-129.9","-145.9","-188.4","-146.8","-159.1","-180.2","-188.7","-198.1","-194.6","820.1","-278.1","-218.3","-259","-336.6","-315","-266.3","-318.5","-244","-361.9","-285.4","-318.9","-413.5","-381.4","-327.6","-361.1","-362.5","-755.8","-155.8","-174.8","-175.5","-205.1","-161.2","-303.7","-201.5","-258.5","-65.40000000000001","133.9","-49.7","-186.1","-230.5","-257.1","-483","-246.3","-201.1","-278.5","-222.6"
"net_income_continuing","110.135","78.88500000000001","97.58","102.28","144.753","100.461","125.575","123.506","174.156","127.316","145.498","134.503","205","150.8","158.343","158.503","208.1","108.7","59.7","5.4","64.7","25.1","148.2","153.5","243.5","217.8","208.5","278.5","347.6","262.4","279.8","358.1","382.2","310.1","333.3","359","432.4","390.7","417.8","-1232.1","540.7","426.9","512.5","587.5","984.5","495.6","626.5","652.5","687.7","575","754.5","801.7","751.5","652.8","691.3","789.4","2250.1","659.8","852","756.1","760.4","658.8","1373.2","802.4","885.3","324.8","-678.1","392.7","622.2","659.4","1154.2","1764.6","816.1","675","913.7","878.6"
"net_income_discontinued","","","","","","","","","","","","","","","","","","","","","","","","","","","","","","","","","","","","","","","","","","","","","","","","","","","","","","","","","","","","","","","","","","","","","","","","","","","",""
"income_allocated_to_minority_interest","","","","","","","","","","","","","","","","","","","","","-0.4","-0.1","3.3","-3.5","-2","-0.5","-0.6","0.4","-1","-0.8","-0.7","0.2","-0.1","-0.2","-0.2","-0.3","-0.2","-0.3","","0.1","","0.1","0.1","0.3","-1.4","-0.7","0.2","","-0.1","0.1","-0.4","-0.8","0.3","","0.3","-0.8","0.1","0.3","0.5","-0.6","0.2","4.4","-0.4","0.4","0.4","3.6","-0.3","-0.1","","","-0.8","-0.2","-0.2","-0.5","-0.8","-0.3"
"other_income_statement_items","","","","","","","","","","","","","","","","","","","","","","","","","","","","","","","","","","","","","","","","","","","","","","","","","","","","","","","","","","","","","","","","","","","","","","","","","","","",""
"net_income","110.135","78.88500000000001","97.58","102.28","144.753","100.461","125.575","123.506","174.156","127.316","145.498","117.289","205","150.8","158.343","158.503","208.1","108.7","-6.7","5.4","64.3","25","151.5","150","241.5","217.3","207.9","278.9","346.6","261.6","279.1","358.3","382.1","309.9","333.1","358.7","432.2","390.4","417.8","-1232","540.7","427","512.6","587.8","983.1","494.9","626.7","652.5","687.6","575.1","754.1","800.9","751.8","652.8","691.6","788.6","2250.2","660.1","852.5","755.5","760.6","663.2","1372.8","802.8","885.7","328.4","-678.4","392.6","622.2","659.4","1153.4","1764.4","815.9","674.5","912.9","878.3"
"preferred_dividends","","","","","","","","","","","","","","","","","","","","","","","","","","","","","","","","","","","","","","","","","","","","","","","","","","","","","","","","","","","","","","","","","","","","","","","","","","","",""
"net_income_available_to_shareholders","110.135","78.88500000000001","97.58","102.28","144.753","100.461","125.575","123.506","174.156","127.316","145.498","117.289","205","150.8","158.343","158.503","208.1","108.7","-6.7","5.4","64.3","25","151.5","150","241.5","217.3","207.9","278.9","346.6","261.6","279.1","358.3","382.1","309.9","333.1","358.7","432.2","390.4","417.8","-1232","540.7","427","512.6","587.8","983.1","494.9","626.7","652.5","687.6","575.1","754.1","800.9","751.8","652.8","691.6","788.6","2250.2","660.1","852.5","755.5","760.6","663.2","1372.8","802.8","885.7","328.4","-678.4","392.6","622.2","659.4","1153.4","1764.4","815.9","674.5","912.9","878.3"
"eps_basic","0.07000000000000001","0.03","0.06","-0.06","0.05","0.03","0.04","0.04","0.12","0.09","0.1","0.08","0.14","0.1","0.11","0.11","0.14","0.08","-0.01","0.01","0.05","0.02","0.1","0.1","0.16","0.15","0.14","0.19","0.23","0.18","0.19","0.24","0.26","0.21","0.22","0.24","0.29","0.26","0.28","-0.82","0.36","0.28","0.34","0.39","0.66","0.33","0.42","0.44","0.46","0.39","0.51","0.55","0.52","0.45","0.48","0.55","1.58","0.47","0.62","0.58","0.61","0.54","1.13","0.68","0.75","0.28","-0.58","0.34","0.53","0.5600000000000001","0.98","1.5","0.7","0.59","0.8","0.77"
"eps_diluted","0.07000000000000001","0.02","0.06","-0.06","0.04","0.03","0.04","0.04","0.11","0.08","0.09","0.08","0.13","0.1","0.11","0.11","0.14","0.08","-0.01","0.01","0.05","0.02","0.1","0.1","0.16","0.14","0.14","0.19","0.23","0.17","0.18","0.24","0.25","0.2","0.22","","0.29","0.26","0.28","-0.82","0.36","0.28","0.34","0.39","0.65","0.33","0.41","0.43","0.46","0.39","0.51","0.54","0.51","0.45","0.47","0.54","1.57","0.47","0.61","0.5600000000000001","0.61","0.53","1.12","0.67","0.74","0.28","-0.58","0.33","0.53","0.5600000000000001","0.97","1.49","0.6899999999999999","0.58","0.79","0.76"
"shares_basic","1580.228","3180.456","1591.768","1587.412","3204.188","3207.704","3134.528","3086.784","1534.042","1534.89","1539.65","1520.264","1516.2","1504.994","1488.946","1488.236","1463.2","1457.4","1463.4","1467.8","1472.6","1476","1478.8","1482.2","1488.4","1494.2","1492.2","1480.4","1491.4","1500.6","1501","1493.6","1495.8","1509.2","1517.8","1512.4","1492.2","1498.2","1499.4","1504.2","1509.8","1510.3","1503.5","1501.5","1498.8","1500.5","1498.5","1485.7","1485.9","1472.1","1465.3","1463.2","1457.5","1453.2","1447.7","1439.6","1421","1394.9","1377.1","1337.7","1242","1239.2","1211","1192.4","1180.4","1171.8","1168.5","1170.4","1175","1177.5","1178.5","1179.4","1169.6","1149.2","1147","1147.3"
"shares_diluted","1630.58","3292.472","1649.156","1642.348","3322.62","3312.248","3232.148","3179.732","1585.898","1589.226","1596.518","1568.738","1565.6","1548.11","1527.118","1519.764","1489.8","1478.6","1463.4","1483.4","1478.2","1479.8","1493.4","1515.8","1525.8","1533.8","1533.4","1520.6","1533.4","1543.6","1543.8","1537","1537","1546.6","1553.6","1546.6","1522.6","1522.6","1523.8","1529","1532.4","1529.1","1522","1521.8","1516.8","1516.5","1515.7","1504.7","1503.3","1486.6","1479.3","1477.7","1470.5","1464.8","1459.4","1451.3","1434.6","1406.6","1388.5","1348.7","1253.4","1250.7","1223","1205.6","1191","1180.7","1168.5","1179.1","1183","1184.8","1186.2","1187.9","1176.6","1153.9","1151","1152.5"
"cash_and_equiv","448.312","370.081","383.373","145.053","643.548","177.142","130.112","173.809","251.435","202.671","215.739","312.606","270.873","200.179","172.789","281.3","349.3","303.4","297","269.8","356.8","253.2","292","599.8","1306.3","1086","1125.2","1164","1792","1645.2","1720.8","1148.1","1569.6","1432.2","1501.3","1188.6","1852.1","1223.2","1430.8","2575.7","1545.8","1190.3","1019.4","1708.4","1857","1750.4","2080.5","1530.1","2263.5","1294.4","2141.8","2128.8","2034.6","2163.9","2716.2","2462.3","3661.4","2142","1892.1","8756.299999999999","4761.6","2055.1","4763.3","2686.6","3040.5","2572.3","3965.9","4350.9","5028.1","3880.7","4753.1","6455.7","3969.4","3913.4","3177.5","2818.4"
"st_investments","216.717","287.553","335.74","507.956","334.872","523.462","218.429","133.227","287.095","242.777","226.24","141.038","165.597","143.652","157.234","157.4","186.1","68.09999999999999","52.7","52.5","38.7","41.3","44.7","66.3","50.4","207.9","269.9","285.7","258.6","282.3","231.7","902.6","703.6","802.1","996.3","848.4","607.6","474.5","613.5","658.1","157","299.2","176.9","135.4","96.09999999999999","99.40000000000001","94.7","81.3","116.4","123.2","174.5","134.4","140.8","231","289.9","228.6","106.6","100.5","84.5","181.5","230.2","76.59999999999999","72.09999999999999","70.5","68.40000000000001","52.9","229.9","281.2","235.5","123","153.6","162.2","87.40000000000001","82.09999999999999","76.90000000000001","364.5"
"receivables","122.809","118.587","122.76","140.226","149.406","151.638","148.982","190.762","197.765","190.631","184.941","224.271","227.823","240.775","250.866","287.9","316.2","300.3","284.1","329.5","332","309.3","295.2","271","263.4","299.7","282.5","302.7","316.1","355.7","361.5","386.5","431","437.4","433","485.9","469.2","520","506.8","561.4","589.8","590","580.9","631","664.9","655.6","672.7","719","764.4","743.7","747.3","768.8","865.1","791","791.1","938.4","1467.3","869.6","1811.1","1648.5","843.2","900","898.1","1020.3","1049.1","1331.8","1524.9","1395.4","1369.9","1219.4","1140.8","1133.1","1151.5","1282.3","1300.4","1272.6"
"inventories","305.529","307.215","385.284","422.663","379.475","406.073","495.542","546.299","452.65","456.695","557.359","636.222","547.277","578.877","657.466","691.7","580.9","607.3","662.7","692.8","590.4","627.8","703.6","664.9","544.9","488.7","496.6","543.3","620.5","772.4","856.7","965.8","1124","1205","1249.2","1241.5","1093.2","1124.5","1173.8","1111.2","943.3","954.7","1025.8","1090.9","1018.3","1061.1","1166","1306.4","1242.6","1293.1","1325.1","1378.5","1218.7","1323.6","1357.3","1364","1313.2","1375.9","1387.4","1400.5","1354.6","1443","1517.2","1529.4","1408.7","1492.2","1583.8","1551.4","1471.5","1503.6","1548.2","1603.9","1637.1","1920","2132.9","2176.6"
"other_current_assets","131.352","137.852","144.534","134.997","145.419","154.142","147.31","165.237","162.984","174.64","185.393","215.651","217.966","221.379","229.441","278.2","305.1","300.1","360.8","403.4","376","372.5","382.2","433.8","418.9","408.1","436.7","460.7","413.2","484.7","416.3","391.9","408.9","474.8","389.8","435.2","393.9","468","514.8","565","523.5","544.8","553.9","603","909.8","678.9","746.8","334.2","340.8","429.1","467.5","347.4","357","409.9","354.8","290.1","335","1169","408.3","507.4","486.7","477.6","484.1","347.1","333","300.7","276.5","227.5","252.5","252.8","336","401.5","409.7","343.3","379.8","386.6"
"total_current_assets","1224.719","1221.288","1371.691","1350.895","1652.72","1412.457","1140.375","1209.334","1351.929","1267.414","1369.672","1529.788","1429.536","1384.862","1467.796","1696.5","1737.6","1579.2","1657.3","1748","1693.9","1604.1","1717.7","2035.8","2583.9","2490.4","2610.9","2756.4","3400.4","3540.3","3587","3794.9","4237.1","4351.5","4569.6","4199.6","4416","3810.2","4239.7","5471.4","3759.4","3579","3356.9","4168.7","4546.1","4245.4","4760.7","3971","4727.7","3883.5","4856.2","4757.9","4616.2","4919.4","5509.3","5283.4","6883.5","5657","5583.4","12494.2","7676.3","4952.3","7734.8","5653.9","5899.7","5749.9","7581","7806.4","8357.5","6979.5","7931.7","9756.4","7255.1","7541.1","7067.5","7018.7"
"equity_and_other_investments","","","","","","","","","","","","","","","","","","","","374","","387.4","408.4","423.5","393.4","588.8","592.8","533.3","483.5","447.5","473.7","479.3","528.1","539.7","554.4","575.9","534.3","468.9","488.9","554.8","969.3","962.6","1374.2","833.3","628.4","662.1","749.5","664.5","656.5","937.4","1172.1","1496.2","1652","1461.3","1138.5","1023.9","651.1","590.7","584.8","602.4","601.1","561.2","562.9","616","611.1","619.7","649.5","684.8","686.9","784.2","821.2","550.2","551.5","556.4","595.2","590.3"
"ppe_gross","2505.486","2569.601","2648.713","2877.682","3069.259","3202.047","3296.915","3467.583","3576.913","3755.529","3980.982","4257.703","4473.347","4715.929","5001.04","5306.542","5538.4","5706.5","5725","5717.3","5634.9","5590.2","5662.9","5700.9","5696","5705.6","5746.4","5888.7","5956.8","6041.5","6160","6163.1","6268.9","6436","6579.9","6903.1","7053","7278.5","7460.1","7782.1","7937.6","8118.7","8370.1","8581.1","8999.9","9195.6","9431.799999999999","9641.799999999999","9788.299999999999","10090.7","10301.8","10573.3","10611.7","10887.3","11233.9","11584","12229.4","12541.6","12801","13197.1","13468.9","13667.2","13855","14273.5","22782.5","22841.9","22778.9","22289.4","22307.8","22224.3","22537.7","23064.8","23289.5","23483","23417.1","23625.4"
"accumulated_depreciation","-1124.19","-1197.598","-1265.655","-1326.266","-1414.138","-1503.244","-1558.085","-1625.564","-1706.12","-1791.828","-1890.079","-1969.804","-2076.546","-2192.059","-2314.071","-2416.142","-2545.4","-2654.2","-2777.6","-2760.9","-2812.4","-2932.2","-3068.7","-3164.5","-3213.3","-3291","-3384.9","-3472.2","-3563.2","-3663","-3775.2","-3808.1","-3921.6","-4053.5","-4135.7","-4244.2","-4341.9","-4433.2","-4473","-4581.6","-4704.6","-4840.6","-4996.4","-5062.1","-5177.6","-5297.9","-5454.1","-5553.5","-5665.8","-5843.8","-5942.6","-6039.5","-6133.2","-6322.8","-6534.1","-6664.5","-6850.7","-6964.8","-7111.4","-7268","-7429.6","-7531.7","-7667.2","-7841.8","-8033.1","-8194.1","-8269.299999999999","-7913.9","-7930.5","-8064.4","-8321.1","-8459.299999999999","-8688.1","-8852","-8971.799999999999","-9049.299999999999"
"ppe_net","1381.296","1372.003","1383.058","1551.416","1655.121","1698.803","1738.83","1842.019","1870.793","1963.701","2090.903","2287.899","2396.801","2523.87","2686.969","2890.4","2993","3052.3","2947.4","2956.4","2822.5","2658","2594.2","2536.4","2482.7","2414.6","2361.5","2416.5","2393.6","2378.5","2384.8","2355","2347.3","2382.5","2444.2","2658.9","2711.1","2845.3","2987.1","3200.5","3233","3278.1","3373.7","3519","3822.3","3897.7","3977.7","4088.3","4122.5","4246.9","4359.2","4533.8","4478.5","4564.5","4699.8","4919.5","5378.7","5576.8","5689.6","5929.1","6039.3","6135.5","6187.8","6431.7","14749.4","14647.8","14509.6","14375.5","14377.3","14159.9","14216.6","14605.5","14601.4","14631","14445.3","14576.1"
"intangible_assets","88.64400000000001","89.004","89.259","95.75","100.188","101.282","107.441","35.413","128.279","36.654","36.818","37.953","39.465","39.937","40.391","42.1","42.4","58.1","65.8","66.59999999999999","66.8","67.3","67.7","68.2","68.59999999999999","69.09999999999999","69.7","70.8","71.90000000000001","72.59999999999999","74.5","111.9","110.8","112.5","117.8","143.7","146.6","267.4","268.8","274.8","276.1","277.2","278.7","273.5","555.5","547","525.8","520.4","509.1","515.2","526.7","516.3","470.6","467.7","454.8","441.4","1246.2","1228.4","1122.9","1042.2","981.6","918.3","853.2","781.8","739.1","678.7","599.6","552.1","506.4","444.3","398","349.9","302.5","254.7","203.4","155.9"
"goodwill","","","","","","","","92.47","","172.34","166.05","161.48","207.91","208.49","215.22","215.6","216.1","223.4","234.8","266.5","261.9","261.1","257.2","259.1","262.5","262.8","260.9","262.4","263.8","265.3","265.7","321.6","337.1","340.7","336.7","399.1","400.2","863.6","860.9","862.9","862.6","860.8","861.7","856.2","1584.9","1592.2","1560.6","1575.4","1572.3","1625","1705.1","1719.6","1599","1635.8","1549.1","1539.2","3674.8","3793.5","3647.6","3541.6","3560.3","3603.5","3564.7","3490.8","3515.9","3493","3510.1","3597.2","3706.8","3658.9","3672","3677.3","3675.7","3646.1","3451.2","3283.5"
"other_lt_assets","382.399","413.36","380.284","388.48","411.805","390.875","341.335","334.457","360.504","377.59","388.999","411.821","453.922","479.716","493.547","499.3","517.3","621.1","647","261.1","685.3","303.4","287.9","253.8","310.5","319","311.1","346.5","317.9","323.4","312.1","297.7","275.2","279.6","286.2","242","281.9","247.4","217","1152.3","1154.8","1139.3","1140.1","1102.2","1213.9","1246.3","1294.5","1596.7","1355.4","1311.4","1213.9","1288.7","1201","1179.2","1171.2","1158.2","684.2","707.1","553.8","546.9","1122.7","1471.1","1991","2245.4","2216.1","2289.8","2290.8","2358.5","2333.5","2344.9","2437.3","2453.3","2447.7","2392.2","2393.6","2353.9"
"total_assets","3077.058","3095.655","3224.292","3386.541","3819.834","3603.417","3327.981","3513.693","3711.505","3817.699","4052.442","4428.941","4527.634","4636.875","4903.923","5343.9","5506.4","5534.1","5552.3","5672.6","5530.4","5281.3","5333.1","5576.8","6101.6","6144.7","6206.9","6385.9","6931.1","7027.6","7097.8","7360.4","7835.6","8006.5","8308.9","8219.200000000001","8490.1","8502.799999999999","9062.4","11516.7","10255.2","10097","10385.3","10752.9","12351.1","12190.7","12868.8","12416.3","12943.5","12519.4","13833.2","14312.5","14017.3","14227.9","14522.7","14365.6","18518.5","17553.5","17182.1","24156.4","19981.3","17641.9","20894.4","19219.6","27731.3","27478.9","29140.6","29374.5","29968.4","28371.7","29476.8","31392.6","28833.9","29021.5","28156.2","27978.4"
"accounts_payable","144.748","157.873","142.149","199.346","161.236","181.754","185.084","220.975","208.591","230.719","255.158","340.937","275.691","279.96","314.583","390.8","340.8","313.4","329.4","324.9","268.6","266.5","258.9","267.1","241.9","286.8","288.2","282.6","296.8","330.2","339.9","540","365.9","388.3","402.2","398.1","380.8","355.7","415.2","491.7","444.2","472.6","474.5","533.7","547.7","601.3","603.2","684.2","648","662.7","675.7","730.6","662.5","686.9","702.2","782.5","852.1","869.7","921.1","1179.3","1100.5","1096.7","1145.4","1189.7","1085.6","997.7","860.8","997.9","1050.6","1033.6","1127","1211.6","1289.4","1329.5","1489.8","1441.4"
"tax_payable","","","","","","","","","","","","","","","","","","","","76.09999999999999","","","","127.8","","","","100.2","115.8","63.9","82.09999999999999","109.2","151.7","76.59999999999999","99.7","138.3","114.3","81.7","82.40000000000001","125","231.6","133.6","150.8","272","268.5","188.1","170.1","259","236","184.8","185.6","368.4","355.1","201.8","171.6","226.6","421.5","330.1","280.1","286.6","773.7","785.2","1265.1","1468.4","1592.3","220.4","206.9","260.9","306.6","288.3","394.6","566","575.7","292","324.3","333.8"
"current_accrued_liabilities","498.42","430.355","451.732","424.801","462.079","481.551","522.49","553.225","647.078","627.38","631.336","661.995","740.133","691.524","718.377","756.8","869.4","687.2","742.4","554.1","650","613.2","725.9","643.1","810.9","773.4","789.5","836","784.3","767.6","150.5","340.7","366.2","343.1","125.7","456.5","460.1","482","507.1","3312.4","520.8","551.3","602.3","564.7","615.7","790.9","735.4","677","691","744","691.3","754.8","768.1","698.5","736.6","753.9","951.1","957.1","911.5","1566.4","784","807.8","902.4","1545.4","1337.6","1288.7","1330.4","1450.1","1394.4","1479.9","1589.3","1720.1","1737","1652.7","1660.2","1724.4"
"st_debt","0.725","0.729","0.732","0.735","0.738","0.742","0.745","277.748","105.752","95.755","200.758","700.7619999999999","365.765","847.769","880.744","711.1","530.3","702.5","616.6","713.7","290.8","226.5","0.4","","0.2","","","","","","","","","","","","","","","","","","","","","","549.8","","399.8","548.9","399.8","399.9","","25","","","349.9","349.7","649.8","349.9","","75","","","996.6","2356.5","2186.1","1688.7","1242.6","18.3","998.9","998.9","1199.3","1998.6","1199.1","1924"
"current_deferred_revenue","146.151","105.315","124.374","121.377","222.344","168.61","172.976","175.048","309.287","233.269","235.528","231.926","422.648","300.579","309.714","296.9","512.7","376.3","373.5","368.4","598.3","431.4","419.7","388.7","569.9","433.9","434.3","414.1","608.2","487","489.9","449.3","673.8","530.9","520.8","510.2","785.5","667.9","682","653.7","1013.4","816.3","830.8","794.5","1230.9","1018.5","1024.6","983.8","1448.8","1203.5","1216.6","1171.2","1578.3","1339.7","1342.2","1288.5","1668","1484","1444.6","1642.9","1554.2","1311.4","1300.2","1269","1694.1","1436.3","1463.3","1456.5","1871.2","1622.1","1628.3","1596.1","2070.7","1781.6","1723","1641.9"
"current_deferred_tax_liability","","","","","","","","","","","","","","","","","","","","","","","","","","","","","","","","","","","","","","","","","","","","","","","","","","","","","","","","","","","","","","","","","","","","","","","","","","","",""
"other_current_liabilities","-1.1368683772162E-13","-1.1368683772162E-13","-1.1368683772162E-13","1.1368683772162E-13","-1.1368683772162E-13","1.1368683772162E-13","-1.1368683772162E-13","","2.2737367544323E-13","","","","","","","","","","","152.5","145.3","148.3","153","154.3","156.3","152.5","214.6","146.2","151.3","145.5","797","636.6","601.2","632.5","869.8","706.7","650.2","682.4","737.7","794.5","743","759.7","825.5","873.8","894.7","922.4","966.1","1044.1","996.5","1007.3","1076.2","1121.9","1033.3","1048.2","1073.9","1169.2","2598.5","1196.4","1344.5","659.1","1215.1","1197.3","1282.7","696.2","700.4","712.7","717.4","243.9","750.9","766.5","753.3","807.4","795.7","813.6","791.2","840.6"
"total_current_liabilities","790.044","694.272","718.987","746.259","846.397","832.657","881.295","1226.996","1270.708","1187.123","1322.78","1935.62","1804.237","2119.832","2223.418","2155.6","2253.2","2079.4","2061.9","2189.7","1953","1685.9","1557.9","1581","1779.2","1646.6","1726.6","1779.1","1956.4","1794.2","1859.4","2075.8","2158.8","1971.4","2018.2","2209.8","2390.9","2269.7","2424.4","5377.3","2953","2733.5","2883.9","3038.7","3557.5","3521.2","4049.2","3648.1","4420.1","4351.2","4245.2","4546.8","4397.3","4000.1","4026.5","4220.7","6841.1","5187","5551.6","5684.2","5427.5","5273.4","5895.8","6168.7","8675.5","8265.799999999999","8002","7346.8","7883.9","6505.1","7799.8","8151.4","8921.1","9104.299999999999","8402.4","9151.799999999999"
"lt_debt","4.171","3.988","3.803","3.618","3.433","3.246","3.058","2.87","2.681","2.491","2.3","1.958","1.746","1.551","1.356","550.1","550","549.9","549.8","549.6","549.5","549.4","549.4","549.3","549.3","549.3","549.4","549.4","549.4","549.4","549.4","549.5","549.5","549.6","549.6","549.6","549.6","549.6","549.7","1299.4","2047.9","2048","2048.1","2048.3","2048.4","2048.5","2347.4","2347.5","1947.9","2447.6","3202.4","3185.3","3185.7","3942.5","3935.5","3932.6","4566.5","6185.1","6149.1","9090.200000000001","9130.700000000001","9141.5","11159.1","11167","10653.2","11658.7","14645.6","14659.6","14673.5","14630.3","13619.2","13616.9","13586.3","14014.4","13930.8","13119.9"
"noncurrent_capital_leases","","","","","","","","","","","","","","","","","","","","","","","","","","","","","","","","","","","","","","","","","","","","","","","","","","","","","","","","","","","","","","","","","7711.7","7650.4","7653.6","7661.7","7754.5","7577.7","7597.8","7738","7708","7668.5","7554.4","7515.2"
"pension_liabilities","","","","","","","","","","","","","","","","","","","","","","","","","","","","","","","","","","","","","","","","","","","","","","","","","","","","","","","","","","","","","","","","","","","","","","","","","","","",""
"noncurrent_deferred_revenue","33.873","37.602","44.993","21.77","14.398","5.929","","","","","","","","","","","","","","","","","","","","","","","","","222.7","","214.5","211.3","206.7","","202.9","206","207.5","","","","","","","","","","","","","","","","","4.4","","","362.6","6775.7","6823.7","6761.9","6717.9","6744.4","6748.8","6685.5","6642.6","6598.5","6597.7","6532.1","6491.4","6463","6447.7","6381.9","6333.1","6279.7"
"other_lt_liabilities","2.5329999999999","6.434","7.024","144.683","154.472","157.301","167.771","193.565","205.324","210.176","222.267","262.857","269.311","288.181","307.334","336.8","431.4","446","445.8","442.4","425","415.6","407.8","389.6","409","394.1","396.3","375.1","365","356.8","124.8","347.8","137.5","137.5","146.4","345.3","171.7","150","133.2","357.7","364.8","368.4","382.5","392.2","587.4","610.3","613.9","600.9","592.1","624.2","661.6","689.7","631.2","673.9","711.2","750.9","1352","1463.7","1122.1","1430.5","1478.2","1500.3","1440.6","1370.5","701.2","751.4","821.10000000001","907.3","962.8","774.8","762.9","737.8","621.1","613.6","594.4","610.5"
"total_liabilities","830.621","742.296","774.807","916.33","1018.7","999.133","1052.124","1423.431","1478.713","1399.79","1547.347","2200.435","2075.294","2409.564","2532.108","3042.5","3234.6","3075.3","3057.5","3181.7","2927.5","2650.9","2515.1","2519.9","2737.5","2590","2672.3","2703.6","2870.8","2700.4","2756.3","2973.1","3060.3","2869.8","2920.9","3104.7","3315.1","3175.3","3314.8","7034.4","5365.7","5149.9","5314.5","5479.2","6193.3","6180","7010.5","6596.5","6960.1","7423","8109.2","8421.799999999999","8214.200000000001","8616.5","8673.200000000001","8908.6","12759.6","12835.8","13185.4","22980.6","22860.1","22677.1","25213.4","25450.6","34490.4","35011.8","37764.9","37173.9","37872.4","36020","36271.1","36707.1","37284.2","37782.7","36815.1","36677.1"
"common_stock","999","1023","1025","957","1119","832","395","1","61","1","1","1","1","1","1","1","1","1","1","1","1","1","1","1","1","1","1","1","1","1","1","1","1","1","1","1","1","1","1","1","1","1","1","1","1","2","2","2","2","2","2","2","2","1","1","1","1","1","1","1","1","1","1","1","1","1","1","1","1","1","1","1","1","1","1","1"
"preferred_stock","","","","","","","","","","","","","","","","","","","","","","","","","","","","","","","","","","","","","","","","","","","","","","","","","","","","","","","","","","","","","","","","","","","","","","","","","","","",""
"retained_earnings","1180.494","1259.982","1358.086","1444.892","1590.082","1690.618","1816.193","1938.987","2113.549","2240.459","2385.957","2151.084","2349.918","2121.783","2264.992","2189.4","2148.6","2315.6","2357.6","2402.4","2466.7","2491.7","2643.2","2793.2","3034.6","3177.1","3288.3","3471.2","3720.1","3883.7","4065.7","4297.4","4551.2","4732.1","4935.8","5046.2","5117.3","5298.6","5558.5","4130.3","4474.2","4705.4","4957.7","5206.6","5832.2","6083","5945","5974.8","6164","5241.2","5702","5949.8","5996.3","5768.9","5986","5563.2","5834.9","4635.8","4150.9","1457.4","-2584","-4807.7","-4013.9","-5771.2","-6414.8","-7050.6","-8208.299999999999","-7815.6","-8253.6","-8124.3","-7501.6","-6315.7","-8753","-9070.5","-8719.700000000001","-8449.799999999999"
"aoci","27.333","31.125","26.717","29.241","52.5","42.022","24.938","20.914","18.419","26.179","36.912","37.273","48.787","50.377","50.655","54.6","64.5","85.09999999999999","79.59999999999999","48.4","44.9","37.4","47.8","65.40000000000001","58.2","47.9","30.4","57.2","62.6","84.59999999999999","97.5","46.3","42.1","41.7","-2.5","22.7","11.9","-17.3","14.5","67","68.7","64.3","70.90000000000001","25.3","-97","-116.9","-131.1","-199.4","-225.1","-189.2","-128.6","-108.4","-242.3","-206.4","-185.1","-155.6","-125.3","32.9","-202.7","-330.3","-343.2","-271.5","-349","-503.3","-387.4","-521.8","-529.9","-364.6","-145.9","-126.3","-29.7","147.2","253.5","260.3","-65","-463.2"
"apic","39.393","39.393","39.393","39.393","39.393","39.393","39.393","129.594","39.393","150.502","81.458","39.393","39.393","39.393","39.393","39.4","39.4","39.4","39.4","39.4","72.3","100.6","126.3","186.4","257.8","315.3","201.5","145.6","268.3","348.7","175","40.5","178.7","359.3","450.9","39.4","39.4","39.4","167.7","282.1","343.7","174.6","39.4","39.4","39.4","41.1","41.1","41.1","41.1","41.1","146.9","41.1","41.1","41.1","41.1","41.1","41.1","41.1","41.1","41.1","41.1","41.1","41.1","41.1","41.1","41.1","115.4","373.9","488.6","595.4","729.3","846.1","41.1","41.1","117.1","205.3"
"treasury_stock","","","","","","","","","","","","","","","","","","","","","","","","","","","","","","","","","","","","","","","","","","","","","","","","","","","","","","","","","","","","","","","","","","","","","","","","","","","",""
"other_equity","0.2170000000001","-0.14100000000008","0.28899999999976","-0.31500000000005","0.15899999999965","0.2510000000002","0.33299999999963","-0.23299999999972","0.43100000000004","-0.23099999999977","-0.23199999999997","-0.24400000000014","-0.24299999999994","-0.25399999999991","-0.25500000000056","-0.30000000000018","-0.29999999999973","-0.29999999999973","-0.29999999999973","-0.30000000000018","-0.30000000000018","-0.29999999999973","-0.30000000000018","-0.29999999999973","-0.30000000000018","-0.30000000000018","-0.30000000000018","-0.29999999999927","-0.29999999999973","-0.19999999999982","-0.30000000000018","-0.29999999999927","-0.19999999999982","-0.20000000000073","-0.19999999999982","-0.29999999999927","-0.29999999999927","-0.30000000000018","-0.19999999999982","-0.20000000000073","-0.19999999999982","-0.19999999999982","-0.19999999999891","-0.30000000000018","-0.19999999999891","-0.50000000000091","-0.5","-0.50000000000091","-0.5","-0.50000000000091","-0.49999999999909","-0.50000000000091","-0.5","0.39999999999964","0.39999999999964","0.40000000000055","0.39999999999964","0.39999999999964","0.40000000000009","0.29999999999995","0.19999999999982","0.19999999999982","0.19999999999891","0.19999999999982","0.19999999999891","0.20000000000073","0.20000000000073","0.20000000000164","0.19999999999982","0.20000000000073","0.19999999999982","0.19999999999982","0.20000000000073","0.10000000000036","0.10000000000036","0.10000000000036"
"minority_interest_liability","","","","","","","","","","","","","13.485","15.012","16.03","17.3","18.6","18","17.5","","18.3","","","11.2","12.8","13.7","13.7","7.6","8.6","9.4","2.6","2.4","2.5","2.8","3","5.5","5.7","6.1","6.1","2.1","2.1","2","2","1.7","382.4","2","1.8","1.8","1.9","1.8","2.2","6.7","6.5","6.4","6.1","6.9","6.8","6.5","6","6.3","6.1","1.7","1.6","1.2","0.8","-2.8","-2.7","5.7","5.7","5.7","6.5","6.7","6.9","6.8","7.6","7.9"
"total_equity","2246.437","2353.359","2449.485","2470.211","2801.134","2604.284","2275.857","2090.262","2232.792","2417.909","2505.095","2228.506","2452.34","2227.311","2371.815","2301.4","2271.8","2458.8","2494.8","2490.9","2602.9","2630.4","2818","3056.9","3364.1","3554.7","3534.6","3682.3","4060.3","4327.2","4341.5","4387.3","4775.3","5136.7","5388","5114.5","5175","5327.5","5747.6","4482.3","4889.5","4947.1","5070.8","5273.7","6157.8","6010.7","5858.3","5819.8","5983.4","5096.4","5724","5890.7","5803.1","5611.4","5849.5","5457","5758.9","4717.7","3996.7","1175.8","-2878.8","-5035.2","-4319","-6231","-6759.1","-7532.9","-8624.299999999999","-7799.4","-7904","-7648.3","-6794.3","-5314.5","-8450.299999999999","-8761.200000000001","-8658.9","-8698.700000000001"
"total_liabilities_and_equity","3077.058","3095.655","3224.292","3386.541","3819.834","3603.417","3327.981","3513.693","3711.505","3817.699","4052.442","4428.941","4527.634","4636.875","4903.923","5343.9","5506.4","5534.1","5552.3","5672.6","5530.4","5281.3","5333.1","5576.8","6101.6","6144.7","6206.9","6385.9","6931.1","7027.6","7097.8","7360.4","7835.6","8006.5","8308.9","8219.200000000001","8490.1","8502.799999999999","9062.4","11516.7","10255.2","10097","10385.3","10752.9","12351.1","12190.7","12868.8","12416.3","12943.5","12519.4","13833.2","14312.5","14017.3","14227.9","14522.7","14365.6","18518.5","17553.5","17182.1","24156.4","19981.3","17641.9","20894.4","19219.6","27731.3","27478.9","29140.6","29374.5","29968.4","28371.7","29476.8","31392.6","28833.9","29021.5","28156.2","27978.4"
"cfo_net_income","110.135","78.88500000000001","99.383","100.477","144.71","100.425","125.513","123.722","174.156","127.316","145.498","117.289","204.952","150.84","158.343","158.503","208.1","108.7","-6.7","5.4","64.7","25.1","148.2","153.5","243.5","217.8","208.5","278.5","347.6","262.3","280","358.1","382.2","310.1","333.4","359","432.4","390.7","417.8","-1232.1","540.7","426.9","512.6","587.5","984.5","495.9","626.4","652.5","687.7","574.9","754.6","801.7","751.5","653.1","690.9","789.4","2250.1","659.8","852","756.1","760.4","658.6","1373.2","802.4","885.3","324.8","-678.1","392.7","622.2","659.4","1154.1","1764.6","816.1","675","913.7","878.6"
"cfo_da","74.107","82.81699999999999","78.05","90.676","88.592","98.377","94.074","96.261","98.289","101.553","105.011","109.785","116.335","119.578","125.572","130.406","139.8","146.3","145.3","173.1","141","141.2","141","140.1","138.2","134.3","132","136.3","135.3","136.3","136.6","141.8","143.6","144.3","139.8","152.9","156.8","161.3","161.2","176.3","180.1","184.1","189.8","194.4","216.3","227.9","249.1","240.5","247.3","262","258.9","261.9","263.2","266.6","266.6","270.7","272.4","345.2","343.9","344.4","350.8","372.7","360.1","365.7","369.2","377.7","377.1","379.2","388.4","384.5","373.3","377.9","386.4","391.3","391.3","360.4"
"cfo_receivables","","","","","","","","","","","","","","","","","","","","","","","","","","","","","","","","","","","","","21.4","-46.6","4.9","-48","-26.1","-2.5","9.6","-60.7","-9.300000000000001","-4.8","-17.3","-51.4","-65.09999999999999","25.3","0.3","-16.1","-128.7","83.09999999999999","5.5","-56.7","1.3","3.9","-20.1","145.9","-28.8","38.6","-79.90000000000001","-127.6","-22.9","-37.8","74.09999999999999","-16.1","19.6","-6.8","-25.9","-29.9","-91.59999999999999","29.5","-183.4","-80.59999999999999"
"cfo_inventory","39.45","-2.543","-78.185","-36.384","46.487","-27.593","-91.18600000000001","-49.326","93.348","-1.373","-98.64700000000001","-78.855","91.29300000000001","-30.74","-77.28700000000001","-31.842","111.9","-24.1","-55.2","-33.2","99.09999999999999","-39.2","-72.3","40.9","120.7","54","-11.1","-40.4","-77.59999999999999","-148.6","-82.3","-113.8","-157.7","-78.8","-48.6","11.8","150.1","-11.5","-49.8","63.7","167.9","-11.7","-71","-70.90000000000001","92","-52.4","-103.9","-143.6","60.6","-45.3","-31","-51.8","146.4","-101","-26.3","-5.1","71.2","-60.9","-31.8","-19.7","44.8","-95.8","-89.5","-32.5","122.8","-85.90000000000001","-88.59999999999999","40.8","90.09999999999999","-38.8","-42.9","-58.2","-36","-288.9","-232.4","-83.7"
"cfo_prepaid_expenses","","","","","","","","","","","","","","","","","","","","","","","","","","","","","20.9","-150","63","43.6","-64.2","-47.6","75.59999999999999","16.5","24.5","-10.6","-41.8","104.2","38.8","-43.2","-5.6","428.3","14.9","17.9","67.09999999999999","161.6","9.800000000000001","-80.40000000000001","11.3","308.1","12.6","-224.2","87","104.6","-108.6","-569.1","-16.6","-145.2","847.3","-72.7","57","90.40000000000001","-28.5","-219.2","-244.4","174.6","5.2","134.5","","","64.59999999999999","-185.3","",""
"cfo_other_working_capital","157.716","-85.554","14.224","55.46","73.593","-16.776","48.937","-12.466","272.716","-44.566","42.761","36.558","275.645","-184.662","73.20099999999999","43.679","344.4","-325.5","98.90000000000001","-41.7","295.1","-169.9","50.2","26.2","209.5","-231.5","56.1","-48.3","151.2","-141.9","37.4","46.1","102.1","-260","32","184.7","235","-155.1","147.1","347.3","-2312.5","-157","176.4","-269.6","410.1","-96.40000000000001","-53.4","47.7","440.7","-241.7","20.8","7.5","390.3","-232.6","2.3","32.5","350.5","27.1","-1.6","7287.4","647","-291.7","575.2","166.9","108.1","-2158.9","-249.7","-44.8","178.1","-643.8","-42.9","-39.5","261.4","-879.5","-82.40000000000001","-344.7"
"cfo_change_in_working_capital","197.166","-88.09699999999999","-63.961","19.076","120.08","-44.369","-42.249","-61.792","366.064","-45.939","-55.886","-42.297","366.938","-215.402","-4.086","11.837","456.3","-349.6","43.7","-74.90000000000001","394.2","-209.1","-22.1","67.09999999999999","330.2","-177.5","45","-88.7","94.5","-440.5","18.1","-24.1","-119.8","-386.4","59","213","431","-223.8","60.4","467.2","-2131.9","-214.4","109.4","27.1","507.7","-135.7","-107.5","14.3","446","-342.1","1.4","247.7","420.6","-474.7","68.5","75.3","314.4","-599","-70.09999999999999","7268.4","1510.3","-421.6","462.8","97.2","179.5","-2501.8","-508.6","154.5","293","-554.9","-111.7","-127.6","198.4","-1324.2","-498.2","-509"
"cfo_deferred_tax","-7.024","-3.416","5.901","0.769","-13.623","-7.323","-16.538","6.231","-26.291","-30.84","-17.963","-9.23","-21.277","-15.885","-3.297","3.133","-22.1","6.4","-73.90000000000001","-27.5","-1.9","-28","-18.9","-20.8","1","-4.7","-1.5","-36.8","53.7","-4.6","9.300000000000001","47.8","30","14.6","-11","27.5","16.7","-23.6","10.8","-1049.8","35.7","0.4","-4","-21.9","100","-40","-15.9","-22.9","225.2","35","84.5","-79","56.4","6.4","12.3","20","744.8","-12.2","31.1","-48.8","-354.6","-359.9","-529","-251.9","10.4","37.3","-27.7","-45.8","-6.1","-19.1","-88","-33","-0.3","28.7","6.6","-72.8"
"cfo_stock_comp","","","","","","","","","","","","","","","","","","","","","22.3","20.2","20.6","20.1","24.3","29.1","28.5","31.7","36.5","34.7","37","37","39.8","36.2","38.8","38.8","37.4","33.5","34.7","36.7","47.8","43.8","51","40.6","51.9","52.3","52","53.6","57.3","51.3","49.8","59.7","55","49.9","43.8","27.3","61.4","55.1","68.5","65.3","97.3","94.8","63.3","52.6","90.3","56.3","41.4","60.6","99.3","76","80","63.8","95.8","53.4","57.4","64.90000000000001"
"cfo_other_noncash_items","10.067","18.521","8.129","51.257","73.901","16.774","20.98","-0.83099999999996","-3.356","1.04","-2.878","20.312","11.461","20.279","25.489","-12.498","25.5","45.7","205.2","103.9","73.2","72.5","32.5","12.3","31.5","-9.9","5.1","8.5","5.999999999999901","7.7","-23.8","-74.90000000000001","-9.5","-9.500000000000101","-8.699999999999999","-167.8","-7.0000000000002","-32.9","-19.6","2472.2","-74.3","-22.4","-8.6999999999999","-86.5","-435.2","-24.7","-25.8","31.9","-27.5","-31.6","-67.8","139","-16.9","-39.4","85.2","-89.90000000000001","-1809.1","5.6","-9.499999999999801","48","14.8","45.8","-561","42.2","301.4","344.4","428.2","549.5","438.9","337.9","341.2","-525","374.5","337.7","394","377.6"
"cf_cfo","384.451","88.70999999999999","127.502","262.255","413.66","163.884","181.78","163.591","608.862","153.13","173.782","195.859","678.409","59.41","302.021","291.381","807.6","-42.5","313.6","180","693.5","21.9","301.3","372.3","768.7","189.1","417.6","329.5","673.6","-4.1","457.2","485.7","466.3","109.3","551.3","623.4","1067.3","305.2","665.3","870.5","-1401.9","418.4","850.1","741.2","1425.2","575.7","778.3","969.9","1636","549.5","1081.4","1431","1529.8","461.9","1167.3","1092.8","1834","454.5","1215.9","8433.4","2379","390.4","1169.4","1108.2","1836.1","-1361.3","-367.7","1490.7","1835.7","883.8","1748.9","1520.7","1870.9","161.9","1264.8","1099.7"
"cfi_ppe_net","-64.83","-72.896","-83.38500000000001","-195.806","-162.132","-149.322","-158.462","-173.38","-147.323","-163.008","-212.017","-248.882","-270.547","-236.655","-264.931","-308.215","-263.6","-241.5","-228.8","-250.6","-172.6","-64.3","-107.3","-101.4","-99.7","-84.8","-96.59999999999999","-164.7","-128.9","-110.2","-133.3","-159.5","-153.5","-160.3","-202.7","-339.7","-244.5","-240.4","-297.3","-369","-256.1","-247.5","-307.6","-349.7","-291.8","-314.8","-336.9","-360.2","-331.8","-336.4","-361.5","-410.6","-307.4","-330.5","-387.4","-494.1","-429.3","-467.4","-511.1","-568.6","-431.4","-414.2","-435.1","-525.9","-394.3","-364","-380.1","-345.2","-324.2","-323.7","-337.8","-484.3","-416.8","-455.1","-423.5","-545.9"
"cfi_acquisitions_net","","","","","","","","","","","","","","","","","","","","","","","","","-10.6","","","","","","","","-29.7","","","","","","","","","","","","-284.3","","","","30.2","","39.4","","","","","","526.6","81.59999999999999","","","","","","","","","","","","","","","","","",""
"cfi_investment_net","-105.686","-214.717","100.223","-44.533","-166.629","142.698","371.627","104.483","-145.655","70.828","10.187","125.763","-48.919","12.093","-20.402","-11.082","-10.2","17.9","-13.6","-22","-10.5","-7.2","-2.9","-113.4","10.3","-346.2","-62.4","59.2","92.8","16.8","54.4","-700","158.7","-92.7","-191.7","173.5","276.3","173.7","-142.6","-53.1","82.2","-113.2","-256.3","545.7","51.8","-15.8","-66.7","82.7","-59.5","-267.4","-274.4","-275.8","-155.7","174.2","282.4","228.8","302.2","61","49.1","-99.90000000000001","-62.4","185.6","39.7","4.8","27.9","5","-186.8","-29.6","69.40000000000001","19.6","-27.2","-5.1","57.2","3.6","-46","-252.8"
"cfi_intangibles_net","","","","","","","","","","","","","","","","","","","","","","","","","","","","","","","","","","","","","","","","","","","","","","","","","","","","","","","","","","","","","","","","","","","","","","","","","","","",""
"cfi_other","2.8421709430404E-14","-7.682","7.682","-72.262","-11.282","12.676","-20.37","-10.522","","-109.322","18.744","-40.355","-47.304","","-6.115","0.12599999999998","","","-22.5","-51.7","","","54.5","104","","1.2","-1.2","6","-0.69999999999999","-8.9","1","57","4.800000000000099","-14.3","-2.8","-123.6","-3.1","-575","54.5","9.300000000000001","-19.4","5","-10","109.2","1.8","-19.7","-16","49.6","1","11.1","-8.800000000000001","21.6","61.6","-7.5","0.8","84.8","-4.5","-1309.1","4.2","3.7","-16.6","28","599.9","16.8","-19.9","-2.6","-16.9","-5.000000000000099","-17.7","-2.4","-42.2","1156.1","-41.4","-28.4","-25.9","28.7"
"cf_cfi","-170.516","-295.295","24.52","-312.601","-340.043","6.052","192.795","-79.419","-292.978","-201.502","-183.086","-163.474","-366.77","-224.562","-291.448","-319.171","-273.8","-223.6","-264.9","-324.3","-183.1","-71.5","-55.7","-110.8","-100","-429.8","-160.2","-99.5","-36.8","-102.3","-77.90000000000001","-802.5","-19.7","-267.3","-397.2","-289.8","28.7","-641.7","-385.4","-412.8","-193.3","-355.7","-573.9","305.2","-522.5","-350.3","-419.6","-227.9","-360.1","-592.7","-605.3","-664.8","-401.5","-163.8","-104.2","-180.5","395","-1633.9","-457.8","-664.8","-510.4","-200.6","204.5","-504.3","-386.3","-361.6","-583.8","-379.8","-272.5","-306.5","-407.2","666.7","-401","-479.9","-495.4","-770"
"cff_common_stock_net","30.675","1.719","-11.253","-86.964","91.423","-304.638","-418.572","-318.305","-89.889","-22.679","-123.379","-458.849","-49.758","-405.177","-79.45","-285.476","-289.7","45.3","21.9","23.4","7.6","9.5","9.5","30.7","38.1","24.6","27.9","42.2","50.5","15.4","-200.4","-171","78","84.40000000000001","33.2","25.3","-326.5","-120.6","58.5","47.7","23.1","-223.7","-277","-141.3","-150.9","-84.40000000000001","-538.9","-470.1","-197.4","-1307.5","35.4","-365.4","-356.9","-591.7","-134","-809.1","-1546.7","-1539.1","-844.2","-3049.6","-5006.3","-2545.9","-62.2","-2198.1","-1058.3","-575.2","33.5","199.9","102.8","31.6","57.2","54.6","-3479.6","-461.6","3.7","26.1"
"cff_pfd_net","","","","","","","","","","","","","","","","","","","","","","","","","","","","","","","","","","","","","","","","","","","","","","","","","","","","","","","","","","","","","","","","","","","","","","","","","","","",""
"cff_debt_net","-0.18","-0.18","-0.18","-0.182","-0.183","-0.183","-0.184","276.815","-172.186","-10.186","104.812","499.662","-335.209","481.808","32.781","379.044","-181","172.2","-86.8","97.2","-423.1","-64.3","-226.2","-0.2","-6.5","","","6.5","","","","","","","","-30.8","","-35.2","","749.7","748.5","","","","","","","-610.1","","648.8","605.7","","-400","775.2","-25","","998.3","1598.2","300","2687.6","-350","75","1921","","497.9","2348.9","2817.3","-497.6","-451.8","-1211.9","-13.4","-4.1","200","1302.9","-804.8","-25"
"cff_dividend_paid","","","","","","","","","","","","","","","","","","","","","","","","","","","","","-96.90000000000001","-97.40000000000001","-97.8","-97.40000000000001","-126.8","-128.2","-129","-129","-156.1","-157.4","-157.4","-158","-195.9","-196.4","-195.5","-195.3","-239.5","-240.1","-240.1","-208.9","-297","-294.8","-293","-293.2","-364","-363.8","-362","-360.6","-428.1","-419.8","-412.3","-483.2","-446.7","-447.8","-436.2","-430.6","-484.2","-481","-479","-479.3","-528.2","-529.8","-530.2","-530.8","-576","-563.2","-561.9","-562.2"
"cff_other","","-1.3322676295502E-15","-3.5527136788005E-15","","","","5.6843418860808E-14","7.105427357601E-15","23.724","31.148","38.455","24.041","29.618","16.729","5.687","37.516","3","-3.7","11.3","2.4","5.1","","0.39999999999998","8.800000000000001","8.199999999999999","4.7","-237.3","-254.4","36.5","30.6","-7.9","27.8","22.2","58.5","19.2","-522.5","48.6","28.7","33.6","36.2","-6.800000000000099","8.6","19.4","9","-277.9","17.4","757.6","29.4","-34.3","19.2","20.8","-120.1","-68.2","-1.2","-0.6000000000000201","-17.2","-63.2","-12.1","1.3","-29.9","-55.6","-0.6000000000003599","-67.5","-5.4000000000001","-78.40000000000001","-19.6","-28.9","-2.7","-88.59999999999999","-1.4999999999998","-4.1","-2.8000000000001","-113.6","-17.7","-1.4000000000001","-3.6999999999999"
"cf_cff","30.495","1.539","-11.433","-87.146","91.23999999999999","-304.821","-418.756","-41.49","-238.351","-1.717","19.888","64.854","-355.349","93.36","-40.982","131.084","-467.7","213.8","-53.6","123","-410.4","-54.8","-216.3","39.3","39.8","29.3","-209.4","-205.7","-9.9","-51.4","-306.1","-240.6","-26.6","14.7","-76.59999999999999","-657","-434","-284.5","-65.3","675.6","568.9","-411.5","-453.1","-327.6","-668.3","-307.1","-21.4","-1259.7","-528.7","-934.3","368.9","-778.7","-1189.1","-181.5","-521.6","-1186.9","-1039.7","-372.8","-955.2","-875.1","-5858.6","-2919.3","1355.1","-2634.1","-1123","1273.1","2342.9","-779.7","-965.8","-1711.6","-490.5","-483.1","-3969.2","260.4","-1364.4","-564.8"
"ebitda","248.768","206.576","231.857","245.695","315.826","255.655","293.706","292.657","378.136","303.447","319.584","307.423","436.035","360.578","370.786","378.439","472.9","324.5","291.4","172.9","310.7","309","366.9","349.2","479.7","447.6","521","283.1","602.7","474.1","594.5","214","654.7","522.5","579.7","610.5","732.9","652.9","713","764.1","922.3","768.3","885.4","964.8","1079","950.5","1127.4","1128","1241.2","1060.6","1198.7","1383.4","1311.4","1117.9","1330","1204.7","1326.7","1199.7","1327.6","1258.3","1341.9","1211.1","1443.1","1369","1521.4","796.5","-317.1","1020.3","1291.4","1318","1776.3","1795.5","1516.4","1295.5","1646.7","1500.4"
"capex","-64.83","-72.896","-83.38500000000001","-195.806","-162.132","-149.322","-158.462","-173.38","-147.323","-163.008","-212.017","-248.882","-270.547","-236.655","-264.931","-308.215","-263.6","-241.5","-228.8","-250.6","-172.6","-64.3","-107.3","-101.4","-99.7","-84.8","-96.59999999999999","-164.7","-128.9","-110.2","-133.3","-159.5","-153.5","-160.3","-202.7","-339.7","-244.5","-240.4","-297.3","-369","-256.1","-247.5","-307.6","-349.7","-291.8","-314.8","-336.9","-360.2","-331.8","-336.4","-361.5","-410.6","-307.4","-330.5","-387.4","-494.1","-429.3","-467.4","-511.1","-568.6","-431.4","-414.2","-435.1","-525.9","-394.3","-364","-380.1","-345.2","-324.2","-323.7","-337.8","-484.3","-416.8","-455.1","-423.5","-545.9"
"fcf","319.621","15.814","44.117","66.449","251.528","14.562","23.318","-9.789","461.539","-9.878","-38.235","-53.023","407.862","-177.245","37.09","-16.834","544","-284","84.8","-70.59999999999999","520.9","-42.4","194","270.9","669","104.3","321","164.8","544.7","-114.3","323.9","326.2","312.8","-51","348.6","283.7","822.8","64.8","368","501.5","-1658","170.9","542.5","391.5","1133.4","260.9","441.4","609.7","1304.2","213.1","719.9","1020.4","1222.4","131.4","779.9","598.7","1404.7","-12.9","704.8","7864.8","1947.6","-23.8","734.3","582.3","1441.8","-1725.3","-747.8","1145.5","1511.5","560.1","1411.1","1036.4","1454.1","-293.2","841.3","553.8"
"book_value","2246.437","2353.359","2449.485","2470.211","2801.134","2604.284","2275.857","2090.262","2232.792","2417.909","2505.095","2228.506","2452.34","2227.311","2371.815","2301.4","2271.8","2458.8","2494.8","2490.9","2602.9","2630.4","2818","3056.9","3364.1","3554.7","3534.6","3682.3","4060.3","4327.2","4341.5","4387.3","4775.3","5136.7","5388","5114.5","5175","5327.5","5747.6","4482.3","4889.5","4947.1","5070.8","5273.7","6157.8","6010.7","5858.3","5819.8","5983.4","5096.4","5724","5890.7","5803.1","5611.4","5849.5","5457","5758.9","4717.7","3996.7","1175.8","-2878.8","-5035.2","-4319","-6231","-6759.1","-7532.9","-8624.299999999999","-7799.4","-7904","-7648.3","-6794.3","-5314.5","-8450.299999999999","-8761.200000000001","-8658.9","-8698.700000000001"
"tangible_book_value","2157.793","2264.355","2360.226","2374.461","2700.946","2503.002","2168.416","1962.379","2104.513","2208.915","2302.227","2029.073","2204.965","1978.884","2116.204","2043.7","2013.3","2177.3","2194.2","2157.8","2274.2","2302","2493.1","2729.6","3033","3222.8","3204","3349.1","3724.6","3989.3","4001.3","3953.8","4327.4","4683.5","4933.5","4571.7","4628.2","4196.5","4617.9","3344.6","3750.8","3809.1","3930.4","4144","4017.4","3871.5","3771.9","3724","3902","2956.2","3492.2","3654.8","3733.5","3507.9","3845.6","3476.4","837.9","-304.2","-773.8","-3408","-7420.7","-9557","-8736.9","-10503.6","-11014.1","-11704.6","-12734","-11948.7","-12117.2","-11751.5","-10864.3","-9341.700000000001","-12428.5","-12662","-12313.5","-12138.1"
"roa","0.1","0.11","0.11","0.12","0.12","0.12","0.14","0.14","0.14","0.15","0.14","0.13","0.13","0.13","0.13","0.13","0.12","0.11","0.08","0.06","0.03","0.02","0.05","0.07000000000000001","0.1","0.12","0.13","0.15","0.16","0.16","0.17","0.17","0.17","0.17","0.17","0.17","0.17","0.18","0.18","","0.01","0.02","0.02","0.2","0.22","0.21","0.21","0.22","0.19","0.2","0.2","0.2","0.2","0.21","0.2","0.2","0.27","0.24","0.26","0.22","0.14","0.16","0.18","0.18","0.16","0.12","0.05","0.03","0.02","0.03","0.1","0.14","0.15","0.15","0.15","0.12"
"roe","0.14","0.14","0.15","0.16","0.16","0.16","0.19","0.23","0.24","0.24","0.23","0.24","0.25","0.26","0.27","0.29","0.3","0.27","0.19","0.13","0.07000000000000001","0.03","0.09","0.13","0.18","0.22","0.23","0.26","0.27","0.26","0.27","0.29","0.28","0.27","0.26","0.26","0.28","0.29","0.29","","0.02","0.03","0.05","0.4","0.44","0.42","0.45","0.47","0.42","0.46","0.49","0.49","0.49","0.52","0.51","0.51","0.78","0.84","1.04","1.75","-3.56","-0.77","-0.76","-0.68","-0.57","-0.47","-0.17","-0.11","-0.08","-0.13","-0.39","-0.6899999999999999","-0.64","-0.51","-0.48","-0.38"
"roic","0.14","0.14","0.15","0.16","0.16","0.16","0.19","0.21","0.22","0.23","0.22","0.2","0.21","0.21","0.2","0.2","0.19","0.18","0.13","0.08","0.05","0.03","0.07000000000000001","0.11","0.15","0.19","0.2","0.23","0.24","0.23","0.24","0.25","0.25","0.24","0.24","0.24","0.25","0.26","0.26","","0.02","0.02","0.04","0.29","0.32","0.31","0.32","0.33","0.3","0.31","0.31","0.3","0.31","0.32","0.3","0.3","0.44","0.4","0.41","0.42","0.36","0.58","0.64","0.61","0.42","0.25","0.09","0.06","0.04","0.07000000000000001","0.19","0.26","0.28","0.3","0.29","0.24"
"roce","0.22","0.22","0.23","0.24","0.24","0.24","0.28","0.31","0.33","0.33","0.32","0.29","0.3","0.3","0.29","0.28","0.28","0.25","0.22","0.16","0.12","0.13","0.15","0.2","0.23","0.25","0.28","0.26","0.27","0.26","0.27","0.25","0.25","0.24","0.23","0.29","0.31","0.32","0.32","0.35","0.35","0.34","0.35","0.37","0.35","0.35","0.36","0.37","0.39","0.4","0.39","0.38","0.4","0.4","0.39","0.38","0.35","0.32","0.31","0.24","0.22","0.28","0.28","0.28","0.25","0.18","0.08","0.06","0.05","0.08","0.17","0.2","0.22","0.23","0.22","0.21"
"rotce","0.23","0.23","0.24","0.24","0.24","0.25","0.3","0.33","0.34","0.36","0.34","0.31","0.32","0.33","0.31","0.3","0.3","0.27","0.24","0.17","0.13","0.14","0.16","0.22","0.25","0.27","0.3","0.28","0.3","0.28","0.29","0.27","0.27","0.26","0.25","0.32","0.34","0.37","0.39","0.42","0.43","0.4","0.41","0.43","0.44","0.46","0.47","0.48","0.52","0.53","0.51","0.49","0.5","0.5","0.49","0.47","0.51","0.53","0.5","0.35","0.31","0.42","0.41","0.4","0.33","0.22","0.1","0.08","0.07000000000000001","0.1","0.21","0.24","0.26","0.28","0.27","0.26"
"gross_margin","0.27","0.21","0.22","0.2","0.26","0.2","0.22","0.21","0.25","0.21","0.21","0.19","0.58","0.2","0.19","0.31","0.57","0.16","0.55","0.53","0.54","0.55","0.57","0.57","0.58","0.58","0.59","0.6","0.6","0.58","0.58","-0.62","0.27","0.26","0.27","0.27","0.29","0.28","0.28","0.29","0.3","0.29","0.3","0.31","0.31","0.3","0.31","0.32","0.31","0.3","0.31","0.33","0.31","0.3","0.32","0.3","0.3","0.29","0.31","0.29","0.28","0.28","0.29","0.28","0.29","0.21","0.05","0.25","0.27","0.28","0.31","0.29","0.26","0.24","0.27","0.26"
"ebitda_margin","0.19","0.17","0.18","0.17","0.2","0.17","0.18","0.18","0.2","0.16","0.16","0.15","0.19","0.16","0.16","0.16","0.17","0.13","0.11","0.07000000000000001","0.12","0.13","0.15","0.14","0.18","0.18","0.2","0.1","0.2","0.17","0.2","0.07000000000000001","0.19","0.16","0.18","0.18","0.19","0.18","0.19","0.2","0.22","0.2","0.21","0.23","0.22","0.21","0.23","0.23","0.23","0.21","0.23","0.24","0.23","0.21","0.23","0.21","0.22","0.2","0.21","0.2","0.2","0.19","0.21","0.2","0.21","0.13","-0.08","0.16","0.19","0.2","0.24","0.22","0.19","0.17","0.2","0.18"
"operating_margin","0.14","0.1","0.12","0.11","0.14","0.1","0.12","0.12","0.14","0.11","0.11","0.1","0.14","0.11","0.1","0.1","0.12","0.07000000000000001","0.06","","0.06","0.07000000000000001","0.09","0.09","0.13","0.12","0.15","0.05","0.16","0.12","0.16","0.02","0.15","0.12","0.13","0.14","0.15","0.14","0.15","0.16","0.18","0.15","0.17","0.18","0.18","0.16","0.18","0.18","0.18","0.16","0.18","0.2","0.18","0.16","0.19","0.16","0.17","0.14","0.16","0.14","0.15","0.13","0.16","0.15","0.16","0.07000000000000001","-0.16","0.1","0.13","0.14","0.19","0.17","0.14","0.12","0.15","0.14"
"pretax_margin","0.14","0.1","0.12","0.11","0.15","0.11","0.13","0.12","0.14","0.11","0.11","0.1","0.14","0.11","0.1","0.1","0.12","0.07000000000000001","0.01","","0.04","0.02","0.09","0.09","0.14","0.13","0.12","0.15","0.17","0.14","0.14","0.17","0.17","0.14","0.15","0.16","0.16","0.17","0.16","-0.54","0.19","0.17","0.19","0.22","0.27","0.17","0.19","0.18","0.2","0.17","0.2","0.21","0.2","0.19","0.19","0.2","0.49","0.14","0.16","0.15","0.15","0.13","0.25","0.15","0.16","0.07000000000000001","-0.19","0.07000000000000001","0.12","0.13","0.19","0.28","0.13","0.11","0.15","0.13"
"net_income_margin","0.09","0.06","0.07000000000000001","0.07000000000000001","0.09","0.07000000000000001","0.08","0.07000000000000001","0.09","0.07000000000000001","0.07000000000000001","0.06","0.09","0.07000000000000001","0.07000000000000001","0.06","0.08","0.04","","","0.02","0.01","0.06","0.06","0.09","0.09","0.08","0.1","0.12","0.09","0.1","0.12","0.11","0.1","0.1","0.11","0.11","0.11","0.11","-0.33","0.13","0.11","0.12","0.14","0.2","0.11","0.13","0.13","0.13","0.12","0.14","0.14","0.13","0.12","0.12","0.14","0.37","0.11","0.14","0.12","0.11","0.11","0.2","0.12","0.12","0.05","-0.16","0.06","0.09","0.1","0.15","0.22","0.1","0.09","0.11","0.1"
"fcf_margin","0.25","0.01","0.03","0.05","0.16","0.01","0.01","-0.01","0.24","-0.01","-0.02","-0.03","0.17","-0.08","0.02","-0.01","0.2","-0.11","0.03","-0.03","0.2","-0.02","0.08","0.11","0.25","0.04","0.12","0.06","0.18","-0.04","0.11","0.11","0.09","-0.02","0.11","0.08","0.22","0.02","0.1","0.13","-0.39","0.04","0.13","0.09","0.24","0.06","0.09","0.12","0.24","0.04","0.14","0.18","0.21","0.02","0.14","0.11","0.23","","0.11","1.25","0.29","","0.11","0.09","0.2","-0.29","-0.18","0.18","0.22","0.08","0.19","0.13","0.18","-0.04","0.1","0.07000000000000001"
"assets_to_equity","1.37","1.32","1.32","1.37","1.36","1.38","1.46","1.68","1.66","1.58","1.62","1.99","1.85","2.08","2.07","2.32","2.42","2.25","2.23","2.28","2.12","2.01","1.89","1.82","1.81","1.73","1.76","1.73","1.71","1.62","1.63","1.68","1.64","1.56","1.54","1.61","1.64","1.6","1.58","2.57","2.1","2.04","2.05","2.04","2.01","2.03","2.2","2.13","2.16","2.46","2.42","2.43","2.42","2.54","2.48","2.63","3.22","3.72","4.3","20.54","-6.94","-3.5","-4.84","-3.08","-4.1","-3.65","-3.38","-3.77","-3.79","-3.71","-4.34","-5.91","-3.41","-3.31","-3.25","-3.22"
"equity_to_assets","0.73","0.76","0.76","0.73","0.73","0.72","0.68","0.59","0.6","0.63","0.62","0.5","0.54","0.48","0.48","0.43","0.41","0.44","0.45","0.44","0.47","0.5","0.53","0.55","0.55","0.58","0.57","0.58","0.59","0.62","0.61","0.6","0.61","0.64","0.65","0.62","0.61","0.63","0.63","0.39","0.48","0.49","0.49","0.49","0.5","0.49","0.46","0.47","0.46","0.41","0.41","0.41","0.41","0.39","0.4","0.38","0.31","0.27","0.23","0.05","-0.14","-0.29","-0.21","-0.32","-0.24","-0.27","-0.3","-0.27","-0.26","-0.27","-0.23","-0.17","-0.29","-0.3","-0.31","-0.31"
"debt_to_equity","","","","","","","","0.13","0.05","0.04","0.08","0.32","0.15","0.38","0.37","0.55","0.48","0.51","0.47","0.51","0.32","0.29","0.2","0.18","0.16","0.15","0.16","0.15","0.14","0.13","0.13","0.13","0.12","0.11","0.1","0.11","0.11","0.1","0.1","0.29","0.42","0.41","0.4","0.39","0.33","0.34","0.49","0.4","0.39","0.59","0.63","0.61","0.55","0.71","0.67","0.72","0.85","1.39","1.7","8.029999999999999","-3.17","-1.83","-2.58","-1.79","-2.86","-2.88","-2.84","-3.08","-2.99","-2.91","-3.27","-4.21","-2.66","-2.7","-2.62","-2.59"
"debt_to_assets","","","","","","","","0.08","0.03","0.03","0.05","0.16","0.08","0.18","0.18","0.24","0.2","0.23","0.21","0.22","0.15","0.15","0.1","0.1","0.09","0.09","0.09","0.09","0.08","0.08","0.08","0.07000000000000001","0.07000000000000001","0.07000000000000001","0.07000000000000001","0.07000000000000001","0.06","0.06","0.06","0.11","0.2","0.2","0.2","0.19","0.17","0.17","0.23","0.19","0.18","0.24","0.26","0.25","0.23","0.28","0.27","0.27","0.27","0.37","0.4","0.39","0.46","0.52","0.53","0.58","0.7","0.79","0.84","0.82","0.79","0.78","0.75","0.71","0.78","0.82","0.8100000000000001","0.8100000000000001"
"revenue_per_share","0.79","0.38","0.8","0.88","0.48","0.46","0.5","0.52","1.22","1.19","1.23","1.28","1.5","1.46","1.54","1.61","1.86","1.71","1.76","1.7","1.77","1.58","1.61","1.6","1.78","1.65","1.7","1.87","1.92","1.8","1.9","1.97","2.24","2.07","2.13","2.16","2.49","2.33","2.45","2.48","2.77","2.53","2.73","2.75","3.17","3.01","3.22","3.27","3.57","3.36","3.54","3.86","3.9","3.61","3.88","3.93","4.23","4.29","4.54","4.67","5.29","5.04","5.58","5.6","5.96","5.08","3.61","5.26","5.71","5.63","6.32","6.86","6.84","6.62","7.08","7.3"
"ebitda_per_share","0.15","0.06","0.14","0.15","0.1","0.08","0.09","0.09","0.24","0.19","0.2","0.2","0.28","0.23","0.24","0.25","0.32","0.22","0.2","0.12","0.21","0.21","0.25","0.23","0.31","0.29","0.34","0.19","0.39","0.31","0.39","0.14","0.43","0.34","0.37","0.39","0.48","0.43","0.47","0.5","0.6","0.5","0.58","0.63","0.71","0.63","0.74","0.75","0.83","0.71","0.8100000000000001","0.9399999999999999","0.89","0.76","0.91","0.83","0.92","0.85","0.96","0.93","1.07","0.97","1.18","1.14","1.28","0.67","-0.27","0.87","1.09","1.11","1.5","1.51","1.29","1.12","1.43","1.3"
"operating_income_per_share","0.11","0.04","0.09","0.09","0.07000000000000001","0.05","0.06","0.06","0.18","0.13","0.13","0.13","0.2","0.16","0.16","0.16","0.22","0.12","0.1","","0.11","0.11","0.15","0.14","0.22","0.2","0.25","0.1","0.3","0.22","0.3","0.05","0.33","0.24","0.28","0.3","0.38","0.32","0.36","0.38","0.48","0.38","0.46","0.51","0.57","0.48","0.58","0.59","0.66","0.54","0.64","0.76","0.71","0.58","0.73","0.64","0.73","0.61","0.71","0.68","0.79","0.67","0.89","0.83","0.97","0.35","-0.59","0.54","0.76","0.79","1.18","1.19","0.96","0.78","1.09","0.99"
"pretax_income_per_share","0.11","0.04","0.1","0.1","0.07000000000000001","0.05","0.06","0.06","0.18","0.13","0.14","0.13","0.21","0.16","0.16","0.16","0.22","0.11","0.02","","0.07000000000000001","0.02","0.14","0.14","0.24","0.22","0.21","0.27","0.33","0.25","0.27","0.33","0.37","0.3","0.32","0.35","0.41","0.39","0.4","-1.34","0.53","0.42","0.51","0.61","0.86","0.5","0.62","0.6","0.7","0.58","0.73","0.82","0.77","0.67","0.72","0.79","2.1","0.58","0.74","0.6899999999999999","0.77","0.66","1.37","0.83","0.96","0.33","-0.6899999999999999","0.38","0.68","0.75","1.19","1.89","0.9","0.76","1.04","0.96"
"fcf_per_share","0.2","","0.03","0.04","0.08","","0.01","","0.29","-0.01","-0.02","-0.03","0.26","-0.11","0.02","-0.01","0.37","-0.19","0.06","-0.05","0.35","-0.03","0.13","0.18","0.44","0.07000000000000001","0.21","0.11","0.36","-0.07000000000000001","0.21","0.21","0.2","-0.03","0.22","0.18","0.54","0.04","0.24","0.33","-1.08","0.11","0.36","0.26","0.75","0.17","0.29","0.41","0.87","0.14","0.49","0.6899999999999999","0.83","0.09","0.53","0.41","0.98","-0.01","0.51","5.83","1.55","-0.02","0.6","0.48","1.21","-1.46","-0.64","0.97","1.28","0.47","1.19","0.87","1.24","-0.25","0.73","0.48"
"book_value_per_share","1.38","0.71","1.49","1.5","0.84","0.79","0.7","0.66","1.41","1.52","1.57","1.42","1.57","1.44","1.55","1.51","1.52","1.66","1.7","1.68","1.76","1.78","1.89","2.02","2.2","2.32","2.31","2.42","2.65","2.8","2.81","2.85","3.11","3.32","3.47","3.31","3.4","3.5","3.77","2.93","3.19","3.24","3.33","3.47","4.06","3.96","3.87","3.87","3.98","3.43","3.87","3.99","3.95","3.83","4.01","3.76","4.01","3.35","2.88","0.87","-2.3","-4.03","-3.53","-5.17","-5.68","-6.38","-7.38","-6.61","-6.68","-6.46","-5.73","-4.47","-7.18","-7.59","-7.52","-7.55"
"tangible_book_per_share","1.32","0.6899999999999999","1.43","1.45","0.8100000000000001","0.76","0.67","0.62","1.33","1.39","1.44","1.29","1.41","1.28","1.39","1.34","1.35","1.47","1.5","1.45","1.54","1.56","1.67","1.8","1.99","2.1","2.09","2.2","2.43","2.58","2.59","2.57","2.82","3.03","3.18","2.96","3.04","2.76","3.03","2.19","2.45","2.49","2.58","2.72","2.65","2.55","2.49","2.47","2.6","1.99","2.36","2.47","2.54","2.39","2.64","2.4","0.58","-0.22","-0.5600000000000001","-2.53","-5.92","-7.64","-7.14","-8.710000000000001","-9.25","-9.91","-10.9","-10.13","-10.24","-9.92","-9.16","-7.86","-10.56","-10.97","-10.7","-10.53"
"payout_ratio","","","","","","","","","","","","","","","","","","","","","","","","","","0.36","","0.35","0.29","0.38","0.36","0.28","0.34","0.43","0.4","","0.37","0.41","0.38","-0.13","0.37","0.46","0.38","0.34","0.25","0.48","0.39","0.37","0.43","0.51","0.39","0.37","0.49","0.5600000000000001","0.53","0.46","0.19","0.64","0.49","0.64","0.59","0.68","0.32","0.54","0.55","1.46","-0.71","1.24","0.85","0.8","0.46","0.3","0.71","0.84","0.62","0.64"
"revenue_growth","0.28","0.3","0.27","0.34","0.24","0.22","0.21","0.14","0.22","0.24","0.23","0.21","0.22","0.2","0.2","0.22","0.17","0.12","0.09","0.03","-0.06","-0.08","-0.07000000000000001","-0.04","0.04","0.09","0.09","0.17","0.08","0.1","0.12","0.07000000000000001","0.16","0.15","0.13","0.1","0.1","0.11","0.13","0.13","0.12","0.09","0.11","0.1","0.13","0.18","0.18","0.18","0.12","0.09","0.07000000000000001","0.16","0.07000000000000001","0.06","0.08","","0.06","0.14","0.11","0.11","0.09","0.05","0.08","0.07000000000000001","0.07000000000000001","-0.05","-0.38","-0.08","-0.05","0.11","0.78","0.31","0.19","0.15","0.09","0.03"
"gross_profit_growth","0.31","0.14","0.38","-0.84","0.21","0.17","0.25","0.25","0.13","0.27","0.13","0.09","1.89","0.15","0.14","0.96","0.15","-0.1","2.07","0.75","-0.1","2.15","-0.04","0.04","0.11","0.14","0.13","0.24","0.12","0.1","0.1","-2.1","-0.46","-0.49","-0.48","1.48","0.15","0.19","0.2","0.21","0.17","0.13","0.2","0.21","0.18","0.24","0.21","0.19","0.12","0.1","0.07000000000000001","0.22","0.07000000000000001","0.03","0.08","-0.11","0.02","0.1","0.08","0.08","0.02","0.01","0.03","0.04","0.09","-0.27","-0.9","-0.19","-0.1","0.45","10.6","0.54","0.16","","-0.04","-0.09"
"ebitda_growth","0.36","0.38","0.37","0.36","0.27","0.24","0.27","0.19","0.2","0.19","0.09","0.05","0.15","0.19","0.16","0.23","0.08","-0.1","-0.21","-0.54","-0.34","-0.05","0.26","1.02","0.54","0.45","0.42","-0.19","0.26","0.06","0.14","-0.24","0.09","0.1","-0.02","1.85","0.12","0.25","0.23","0.25","0.26","0.18","0.24","0.26","0.17","0.24","0.27","0.17","0.15","0.12","0.06","0.23","0.06","0.05","0.11","-0.13","0.01","0.07000000000000001","","0.04","0.01","0.01","0.09","0.09","0.13","-0.34","-1.22","-0.25","-0.15","0.65","6.6","0.76","0.17","-0.02","-0.07000000000000001","-0.16"
"operating_income_growth","0.45","0.45","0.45","0.38","0.3","0.27","0.3","0.27","0.23","0.28","0.07000000000000001","0.01","0.14","0.19","0.14","0.25","0.04","-0.26","-0.4","-1","-0.49","-0.06","0.55","1046.5","1.01","0.87","0.72","-0.3","0.37","0.08","0.18","-0.51","0.09","0.12","-0.04","5.34","0.13","0.3","0.25","0.28","0.29","0.19","0.26","0.31","0.16","0.24","0.26","0.15","0.15","0.11","0.07000000000000001","0.26","0.05","0.07000000000000001","0.13","-0.17","0.01","","-0.07000000000000001","-0.02","-0.06","-0.02","0.1","0.1","0.16","-0.5","-1.64","-0.36","-0.22","1.23","3.02","1.21","0.25","-0.03","-0.11","-0.2"
"pretax_income_growth","0.42","0.47","0.42","0.4","0.31","0.27","0.29","0.27","0.21","0.27","0.08","0.01","0.16","0.17","0.11","0.23","","-0.3","-0.86","-1","-0.7","-0.79","5.45","177.83","2.74","8.609999999999999","0.49","0.9399999999999999","0.38","0.16","0.29","0.22","0.12","0.17","0.2","0.07000000000000001","0.09","0.29","0.24","-4.81","0.32","0.1","0.26","1.45","0.59","0.18","0.22","-0.03","-0.19","0.13","0.14","0.36","0.08","0.14","-0.02","-0.05","1.65","-0.17","-0.02","-0.19","-0.68","0.01","0.63","0.08","0.18","-0.52","-1.48","-0.5600000000000001","-0.29","1.28","2.74","4.08","0.31","-0.02","-0.16","-0.51"
"net_income_growth","0.41","0.52","0.43","0.47","0.31","0.27","0.29","0.21","0.2","0.27","0.16","-0.05","0.18","0.18","0.09","0.35","0.02","-0.28","-1.04","-0.97","-0.6899999999999999","-0.77","23.61","26.78","2.76","7.69","0.37","0.86","0.44","0.2","0.34","0.28","0.1","0.18","0.19","","0.13","0.26","0.25","-4.43","0.25","0.09","0.23","1.48","0.82","0.16","0.22","0.11","-0.3","0.16","0.2","0.23","0.09","0.14","-0.08","-0.02","1.99","0.01","0.23","-0.04","-0.66","","0.61","0.06","0.16","-0.5","-1.49","-0.51","-0.3","1.01","2.7","3.49","0.31","0.02","-0.21","-0.5"
"eps_diluted_growth","1.72","0.5","0.4","-2.47","-0.37","0.25","-0.33","1.63","1.56","1.67","1.25","0.88","0.18","0.19","0.17","0.4","0.08","-0.21","-1.05","-0.95","-0.68","-0.8","21","19","2.56","8.33","0.35","0.85","0.41","0.21","0.33","0.27","0.11","0.18","0.19","-1","0.14","0.28","0.28","","0.25","0.1","0.24","1.47","0.83","0.18","0.21","0.12","-0.29","0.18","0.24","0.26","0.11","0.15","-0.08","","2.08","0.04","0.3","0.04","-0.61","0.13","0.84","0.2","0.21","-0.47","-1.52","-0.51","-0.28","1","2.67","3.52","0.3","0.04","-0.19","-0.49"
"shares_diluted_growth","-0.49","0.03","0.02","0.01","1.04","0.01","0.96","0.9399999999999999","-0.52","-0.52","-0.51","-0.51","-0.01","-0.03","-0.04","-0.03","-0.05","-0.04","-0.04","-0.02","-0.01","","0.02","0.02","0.03","0.04","0.03","","","0.01","0.01","0.01","","","0.01","0.01","-0.01","-0.02","-0.02","-0.01","0.01","","","","-0.01","-0.01","","-0.01","-0.01","-0.02","-0.02","-0.02","-0.02","-0.01","-0.01","-0.02","-0.02","-0.04","-0.05","-0.07000000000000001","-0.13","-0.11","-0.12","-0.11","-0.05","-0.06","-0.04","-0.02","-0.01","","0.02","0.01","-0.01","-0.03","-0.03","-0.03"
"cash_and_equiv_growth","0.78","0.48","0.45","-0.28","0.44","-0.52","-0.66","0.2","-0.61","0.14","0.66","0.8","0.08","-0.01","-0.2","-0.1","0.29","0.52","0.72","-0.04","0.02","-0.17","-0.02","1.22","2.66","3.29","2.85","0.9399999999999999","0.37","0.51","0.53","-0.01","-0.12","-0.13","-0.13","0.04","0.18","-0.15","-0.05","1.17","-0.17","-0.03","-0.29","-0.34","0.2","0.47","1.04","-0.1","0.22","-0.26","0.03","0.39","-0.1","0.67","0.27","0.16","0.8","-0.01","-0.3","2.56","0.3","-0.04","1.52","-0.6899999999999999","-0.36","0.25","-0.17","0.62","0.65","0.51","0.2","0.48","-0.21","0.01","-0.33","-0.5600000000000001"
"ppe_growth","0.06","0.03","0.03","0.12","0.2","0.24","0.26","0.19","0.13","0.16","0.2","0.24","0.28","0.29","0.29","0.26","0.25","0.21","0.1","0.02","-0.06","-0.13","-0.12","-0.14","-0.12","-0.09","-0.09","-0.05","-0.04","-0.01","0.01","-0.03","-0.02","","0.02","0.13","0.15","0.19","0.22","0.2","0.19","0.15","0.13","0.1","0.18","0.19","0.18","0.16","0.08","0.09","0.1","0.11","0.09","0.07000000000000001","0.08","0.09","0.2","0.22","0.21","0.21","0.12","0.1","0.09","0.08","1.44","1.39","1.34","1.24","-0.03","-0.03","-0.02","0.02","0.02","0.03","0.02",""
"total_assets_growth","0.31","0.28","0.24","0.24","0.24","0.16","0.03","0.04","-0.03","0.06","0.22","0.26","0.22","0.21","0.21","0.21","0.22","0.19","0.13","0.06","","-0.05","-0.04","-0.02","0.1","0.16","0.16","0.15","0.14","0.14","0.14","0.15","0.13","0.14","0.17","0.12","0.08","0.06","0.09","0.4","0.21","0.19","0.15","-0.07000000000000001","0.2","0.21","0.24","0.15","0.05","0.03","0.07000000000000001","0.15","0.08","0.14","0.05","","0.32","0.23","0.18","0.68","0.08","0.01","0.22","-0.2","0.39","0.5600000000000001","0.39","0.53","0.08","0.03","0.01","0.07000000000000001","-0.04","0.02","-0.04","-0.11"
"total_equity_growth","0.25","0.24","0.24","0.19","0.25","0.11","-0.07000000000000001","-0.15","-0.2","-0.07000000000000001","0.1","0.07000000000000001","0.1","-0.08","-0.05","0.03","-0.07000000000000001","0.1","0.05","0.08","0.15","0.07000000000000001","0.13","0.23","0.29","0.35","0.25","0.2","0.21","0.22","0.23","0.19","0.18","0.19","0.24","0.17","0.08","0.04","0.07000000000000001","-0.12","-0.06","-0.07000000000000001","-0.12","0.18","0.26","0.21","0.16","0.1","-0.03","-0.15","-0.02","0.01","-0.03","0.1","0.02","-0.07000000000000001","-0.01","-0.16","-0.32","-0.78","-1.5","-2.07","-2.08","-6.3","-1.35","-0.5","-1","-0.25","-0.17","-0.02","0.21","0.32","-0.07000000000000001","-0.15","-0.27","-0.64"
"cfo_growth","0.64","-0.15","-0.14","2.33","0.08","0.85","0.43","-0.38","0.47","-0.07000000000000001","-0.04","0.2","0.11","-0.61","0.74","0.49","0.19","-1.72","0.04","-0.38","-0.14","1.52","-0.04","1.07","0.11","7.63","0.39","-0.11","-0.12","-1.02","0.09","0.47","-0.31","27.66","0.21","0.28","1.29","1.79","0.21","0.4","-2.31","0.37","0.28","-0.15","2.02","0.38","-0.08","0.31","0.15","-0.05","0.39","0.48","-0.06","-0.16","0.08","-0.24","0.2","-0.02","0.04","6.72","0.3","-0.14","-0.04","-0.87","-0.23","-4.49","-1.31","0.35","","1.65","5.76","0.02","0.02","-0.82","-0.28","-0.28"
"capex_growth","0.31","0.17","-0.08","-1","-1.5","-1.05","-0.9","0.11","0.09","-0.09","-0.34","-0.44","-0.84","-0.45","-0.25","-0.24","0.03","-0.02","0.14","0.19","0.35","0.73","0.53","0.6","0.42","-0.32","0.1","-0.62","-0.29","-0.3","-0.38","0.03","-0.19","-0.45","-0.52","-1.13","-0.59","-0.5","-0.47","-0.09","-0.05","-0.03","-0.03","0.05","-0.14","-0.27","-0.1","-0.03","-0.14","-0.07000000000000001","-0.07000000000000001","-0.14","0.07000000000000001","0.02","-0.07000000000000001","-0.2","-0.4","-0.41","-0.32","-0.15","","0.11","0.15","0.08","0.09","0.12","0.13","0.34","0.18","0.11","0.11","-0.4","-0.29","-0.41","-0.25","-0.13"
"fcf_growth","1.28","-0.04","-0.39","4.45","-0.21","-0.08","-0.47","-1.15","0.83","-1.68","-2.64","-4.42","-0.12","-16.94","1.97","0.68","0.33","-0.6","1.29","-3.19","-0.04","0.85","1.29","4.84","0.28","3.46","0.65","-0.39","-0.19","-2.1","0.01","0.98","-0.43","0.55","0.08","-0.13","1.63","2.27","0.06","0.77","-3.02","1.64","0.47","-0.22","1.68","0.53","-0.19","0.5600000000000001","0.15","-0.18","0.63","0.67","-0.06","-0.38","0.08","-0.41","0.15","-1.1","-0.1","12.14","0.39","-0.84","0.04","-0.93","-0.26","-71.48999999999999","-2.02","0.97","0.05","1.32","2.89","-0.1","-0.04","-1.52","-0.4","-0.47"
"shares_eop","1582.81","1590.41","1593.03","1589.62","1611.22","1591.6","1558.16","1534.88","1534.21","1538.55","1536.75","1513.2","1514.74","1492.11","1490.61","1476.57","1455.2","1461.4","1466.6","1471","1469.2","1471.8","1480.2","1485.8","1493","1489.6","1480.6","1485.2","1497.6","1497.6","1485.2","1482.8","1505.2","1515.8","1519.6","1498.6","1497.8","1496.6","1502.2","1506.4","1513","1508.2","1502","1499","1500.8","1501","1490.8","1485.1","1485.6","1464.5","1466.4","1460.5","1457.2","1447.7","1445.7","1431.6","1407.6","1382.4","1366.3","1309.1","1243.3","1210","1206.5","1184.6","1174.5","1168.1","1168.9","1173.3","1177.2","1177.9","1179","1180","1151.6","1146.9","1146.9","1147.9"
"dividends","","","","","","","","","","","","","","","","","","","","","","","","","","0.05","","0.07000000000000001","0.07000000000000001","0.07000000000000001","0.07000000000000001","0.07000000000000001","0.09","0.09","0.09","0.09","0.11","0.11","0.11","0.11","0.13","0.13","0.13","0.13","0.16","0.16","0.16","0.16","0.2","0.2","0.2","0.2","0.25","0.25","0.25","0.25","0.3","0.3","0.3","0.36","0.36","0.36","0.36","0.36","0.41","0.41","0.41","0.41","0.45","0.45","0.45","0.45","0.49","0.49","0.49","0.49"
"price_to_earnings","43.73","46.07","48.63","46.48","59.31","46.2","43.08","38.94","44.65","52.59","50.86","45.67","45.08","37.82","30.97","28.76","22.05","20.18","24.63","34.69","40.47","92.98999999999999","41.78","39.27","30.31","23.79","22.03","20.07","22.91","25.27","25.15","22.2","27.04","31.87","29.28","27.46","28.02","28.15","30.77","6902.54","507.35","360.49","234.04","27.35","24.53","27.56","29.69","30.62","36.23","34.4","31.38","28.06","28.07","28.56","29.1","27.05","18.44","18.23","14.66","16.47","26.44","29.67","28.47","29.1","27.73","22.65","64.27","108.6","189.44","129.25","46.62","31","30.66","23.67","21.02","29.47"
"price_to_book","5.84","6.4","7.07","7.32","8.970000000000001","7.9","8.960000000000001","9.210000000000001","10.47","11.98","11.58","11.56","10.94","10.5","8.25","8.4","6.56","5.2","4.63","4.39","2.67","3.11","3.65","5.02","5.12","5.09","5.09","5.15","5.93","6.4","6.76","6.3","7.25","8.25","7.52","7.43","7.76","8","8.56","12.94","12.13","11.19","11.46","10.72","10","11.82","13.65","14.5","14.9","17.16","14.63","13.42","13.94","15.06","14.41","14.3","14.04","16.96","16.7","63.28","-27.81","-17.86","-23.42","-16.81","-15.28","-10.19","-9.970000000000001","-12.93","-15.93","-16.83","-19.4","-24.49","-15.94","-11.91","-10.12","-11.12"
"price_to_sales","3.01","3.25","3.52","3.41","4.48","3.5","3.31","3.02","3.48","4.09","3.9","3.31","3.27","2.73","2.18","2.06","1.52","1.27","1.12","1.05","0.68","0.82","1.04","1.57","1.74","1.79","1.75","1.77","2.2","2.47","2.55","2.36","2.84","3.36","3.12","2.86","2.95","3.05","3.41","3.9","3.87","3.54","3.62","3.44","3.62","4.02","4.34","4.41","4.52","4.34","4.08","3.71","3.73","3.85","3.76","3.49","3.56","3.41","2.77","3.01","3.17","3.52","3.88","3.95","3.83","2.88","3.57","4.29","5.44","5.4","4.86","4.48","4.44","3.33","2.74","3"
"price_to_tangible_book","6.08","6.65","7.34","7.61","9.300000000000001","8.220000000000001","9.4","9.81","11.11","13.11","12.6","12.7","12.17","11.82","9.24","9.460000000000001","7.4","5.87","5.26","5.07","3.06","3.55","4.13","5.62","5.68","5.61","5.61","5.67","6.46","6.94","7.33","6.99","8","9.050000000000001","8.210000000000001","8.31","8.68","10.16","10.66","17.34","15.81","14.53","14.79","13.65","15.33","18.36","21.19","22.67","22.86","29.58","23.99","21.63","21.67","24.1","21.92","22.44","96.48","-263.07","-86.25","-21.83","-10.79","-9.41","-11.58","-9.970000000000001","-9.380000000000001","-6.56","-6.76","-8.44","-10.39","-10.95","-12.13","-13.93","-10.84","-8.24","-7.12","-7.97"
"price_to_fcf","33.75","38.81","48.06","40.52","66.47","54.59","57.27","68.83","47.75","62.24","71.88","71.5","87.45999999999999","167.88","91.09999999999999","77.09999999999999","38.5","45.63","35.19","39.91","27.68","16.61","17.09","16.27","15.77","14.6","13.18","15.07","21.21","30.21","31.91","25.59","40.81","46.46","43.25","42.51","28.61","28.04","31.97","33","-81.95","-89.59999999999999","-131.15","-102.26","27.51","30.53","35.89","34.52","34.09","34.04","29.42","24.27","25.48","27.32","26.73","28.55","27.73","28.89","24.76","7.47","7.62","8.57","9.609999999999999","32.32","37.76","74.33","-191.58","882.75","684.8099999999999","52.12","28.48","28.8","30.19","28.91","28.83","37.84"
"market_cap","13121.4949","15061.1827","17316.2361","18073.9794","25118.9198","20563.472","20380.7328","19247.3952","23381.3604","28955.511","29013.84","25769.796","26826.0454","23396.2848","19556.8032","19343.067","14901.248","12787.25","11542.142","10944.24","6949.316","8183.208","10287.39","15348.314","17214.29","18083.744","17989.29","18980.856","24066.432","27675.648","29332.7","27654.22","34634.652","42366.61","40512.536","38004.496","40170.996","42623.168","49212.072","57981.336","59309.6","55335.858","58112.38","56557.27","61577.824","71072.35000000001","79936.696","84413.084","89180.568","87430.64999999999","83760.768","79071.47","80903.74400000001","84531.20299999999","84298.76700000001","78022.2","80838.46799999999","80027.136","66743.755","74409.24400000001","80068.52","89951.39999999999","101140.895","104742.332","103262.04","76790.894","86019.351","100809.936","125936.856","128709.133","131823.99","130165.8","134702.652","104333.493","87611.69100000001","96722.054"
"period_end_price","8.289999999999999","9.470000000000001","10.87","11.37","15.59","12.92","13.08","12.54","15.24","18.82","18.88","17.03","17.71","15.68","13.12","13.1","10.24","8.75","7.87","7.44","4.73","5.56","6.95","10.33","11.53","12.14","12.15","12.78","16.07","18.48","19.75","18.65","23.01","27.95","26.66","25.36","26.82","28.48","32.76","38.49","39.2","36.69","38.69","37.73","41.03","47.35","53.62","56.84","60.03","59.7","57.12","54.14","55.52","58.39","58.31","54.5","57.43","57.89","48.85","56.84","64.40000000000001","74.34","83.83","88.42","87.92","65.73999999999999","73.59","85.92","106.98","109.27","111.81","110.31","116.97","90.97","76.39","84.26000000000001"
