"period_end_date","2007-12","2008-09","2008-12","2009-03","2009-06","2009-09","2009-12","2010-03","2010-06","2010-09","2010-12","2011-03","2011-06","2011-09","2011-12","2012-03","2012-06","2012-09","2012-12","2013-03","2013-06","2013-09","2013-12","2014-03","2014-06","2014-09","2014-12","2015-03","2015-06","2015-09","2015-12","2016-03","2016-06","2016-09","2016-12","2017-03","2017-06","2017-09","2017-12","2018-03","2018-06","2018-09","2018-12","2019-03","2019-06","2019-09","2019-12","2020-03","2020-06","2020-09","2020-12","2021-03","2021-06","2021-09","2021-12","2022-03","2022-06","2022-09"
"revenue","","","14.162","20.886","26.945","45.527","18.585","20.812","28.405","31.241","36.286","49.03","58.171","57.666","39.375","30.167","26.653","50.104","306.332","561.792","405.139","431.346","615.2190000000001","620.542","769.349","851.804","956.6609999999999","939.88","954.976","936.789","1214.38","1147.048","1270.017","2298.436","2284.631","2696.27","2789.557","2984.675","3288.498","3408.751","4002.231","6824","7226","4541","6350","6303","7384","5985","6036","8771","10744","10389","11958","13757","17719","18756","16934","21454"
"cogs","","","15.864","22.932","24.844","37.828","16.804","16.96","22.144","21.945","24.965","31.002","39.663","40.442","31.54","19.957","21.891","58.865","282.475","465.472","304.656","328.478","458.63","465.414","556.354","599.953","694.9640000000001","679.807","741.606","705.293","995.816","894.58","995.241","1661.701","1849.353","2028.324","2122.942","2535.535","2849.199","2952.225","3383.301","5300","5783","3975","5429","5112","5993","4751","4769","6708","8678","8174","9074","10097","12872","13296","12700","16072"
"gross_profit","","","-1.702","-2.046","2.101","7.699","1.781","3.852","6.261","9.295999999999999","11.321","18.028","18.508","17.224","7.835","10.21","4.762","-8.760999999999999","23.857","96.31999999999999","100.483","102.868","156.589","155.128","212.995","251.851","261.697","260.073","213.37","231.496","218.564","252.468","274.776","636.735","435.278","667.946","666.615","449.14","439.299","456.526","618.9299999999999","1524","1443","566","921","1191","1391","1234","1267","2063","2066","2215","2884","3660","4847","5460","4234","5382"
"sga","","","9.696","6.607","8.247","10.733","16.563","16.585","22.207","20.432","25.349","24.212","24.716","27.618","27.557","30.582","36.083","37.798","45.908","47.045","59.963","77.071","101.489","117.551","134.031","155.107","196.97","195.365","201.846","236.367","288.654","318.21","321.152","336.811","456.016","603.455","537.7569999999999","652.998","682.79","686.404","750.759","730","668","704","647","596","699","627","661","888","969","1056","973","994","1494","992","961","961"
"rnd","","","11.826","7.941","1.941","1.257","8.143000000000001","13.265","15.416","26.698","37.617","41.162","52.531","54.083","61.205","68.39100000000001","74.854","61.901","68.83199999999999","54.859","52.312","56.351","68.453","81.544","107.717","135.873","139.565","167.154","181.712","178.791","190.243","182.482","191.664","214.302","245.96","322.04","369.774","331.622","354.564","367.096","386.129","351","356","340","324","334","345","324","279","366","522","666","576","611","740","865","667","733"
"special_charges","","","","","","","","","","","","","","","","","","","","","","","","","","","","","","","","","","","","","","","","","","","","","","","","","","","","","","","","","",""
"other_opex","","","","","","","","","","","","","","","","","","","","","","","","","","","","","","","","","","","","","","","","","","","","","","","","","","","","","","","","","",""
"total_opex","","","21.522","14.548","10.188","11.99","24.706","29.85","37.623","47.13","62.966","65.374","77.247","81.70099999999999","88.762","98.973","110.937","99.699","114.74","101.904","112.275","133.422","169.942","199.095","241.748","290.98","336.535","362.519","383.558","415.158","478.897","500.692","512.816","551.1130000000001","701.976","925.495","907.5309999999999","984.62","1037.354","1053.5","1136.888","1081","1024","1044","971","930","1044","951","940","1254","1491","1722","1549","1605","2234","1857","1628","1694"
"operating_income","","","-23.224","-16.594","-8.087","-4.291","-22.925","-25.998","-31.362","-37.834","-51.645","-47.346","-58.739","-64.477","-80.92700000000001","-88.76300000000001","-106.175","-108.46","-90.883","-5.584","-11.792","-30.554","-13.353","-43.967","-28.753","-39.129","-74.83799999999999","-102.446","-170.188","-183.662","-260.333","-248.224","-238.04","85.622","-266.698","-257.549","-240.916","-535.48","-598.0549999999999","-596.974","-517.958","443","419","-478","-50","261","347","283","327","809","575","493","1335","2055","2613","3603","2606","3688"
"net_interest_income_normal","","","-1.056","-1.386","-1.057","0.034","0.037","-0.182","-0.417","-0.198","0.063","0.04","0.046","0.08","0.046","0.025","-0.01","-0.04","0.059","-0.108","-20.077","-6.424","-6.137","-11.742","-30.771","-28.762","-28.484","-26.39","-24.105","-28.981","-37.867","-39.374","-44.126","-43.855","-62.925","-96.256","-103.656","-111.578","-140.51","-144.332","-158.518","-168","-168","-149","-162","-170","-160","-159","-162","-157","-240","-89","-64","-116","-46","-33","-18","33"
"other_nonoperating_income","","","-1.194","1.972","-1.715","-0.577","-1.125","-3.221","-6.729","3.18","0.187","-1.485","-0.07099999999999999","-0.594","-0.496","-1.076","0.6909999999999999","-2.188","0.745","17.091","1.668","-0.74","4.584","6.718","-1.226","-3.09","-0.588","-22.305","13.233","-15.431","-17.149","9.177","-7.373","-11.756","121.224","-18.098","-41.208","-24.39","-41.304","-37.716","-52.523","-4","-19","-18","-158","85","-13","-54","-15","-97","44","129","22","-57","68","56","-114","-85"
"pretax_income","","","-25.474","-16.008","-10.859","-4.834","-24.013","-29.401","-38.508","-34.852","-51.395","-48.791","-58.764","-64.991","-81.377","-89.81399999999999","-105.494","-110.688","-90.07899999999999","11.399","-30.201","-37.718","-14.906","-48.991","-60.75","-70.98099999999999","-103.91","-151.141","-181.06","-228.074","-315.349","-278.421","-289.539","30.011","-208.399","-371.903","-385.78","-671.448","-779.869","-779.022","-728.999","271","232","-645","-370","176","174","70","150","555","379","533","1293","1882","2635","3626","2474","3636"
"income_tax","","","-0.024","-0.008","-0.008","0.219","-0.229","-0.118","-0.008999999999999999","-0.083","0.037","-0.15","-0.139","-0.08699999999999999","-0.112","-0.059","-0.109","-0.116","0.148","-0.151","-0.301","-0.778","-1.358","-0.8090000000000001","-1.15","-3.727","-3.719","-3.04","-3.167","-1.784","-5.048","-3.846","-3.649","-8.132999999999999","-11.07","-25.278","-15.647","0.285","8.640000000000001","-5.605","-13.707","-17","-22","-23","-19","-26","-42","-2","-21","-186","-83","-69","-115","-223","-292","-346","-205","-305"
"net_income_continuing","","","-25.498","-16.016","-10.867","-4.615","-24.242","-29.519","-38.517","-34.935","-51.358","-48.941","-58.903","-65.078","-81.489","-89.873","-105.603","-110.804","-89.931","11.248","-30.502","-38.496","-16.264","-49.8","-61.9","-74.708","-107.629","-154.181","-184.227","-229.858","-320.397","-282.267","-293.188","21.878","-219.469","-397.181","-401.427","-671.163","-771.229","-784.627","-742.706","254","210","-668","-389","150","132","68","129","369","296","464","1178","1659","2343","3280","2269","3331"
"net_income_discontinued","","","","","","","","","","","","","","","","","","","","","","","","","","","","","","","","","","","","","","","","","","","","","","","","","","","","","","","","","",""
"income_allocated_to_minority_interest","","","","","","","","","","","","","","","","","","","","","","","","","","","","","","","","","","","98.13200000000001","66.904","65.03","51.787","95.279","75.07599999999999","25.167","57","-70","-34","-19","-7","-27","-52","-25","-69","5","-26","-36","-41","-22","38","-10","-39"
"other_income_statement_items","","","","","","","","","","","","","","","","","","","","","","","","","","","","","","","","","","","","","","","","","","","","","","","","","","","","","","","","","",""
"net_income","","","-25.498","-16.016","-10.867","-4.615","-24.242","-29.519","-38.517","-34.935","-51.358","-48.941","-58.903","-65.078","-81.489","-89.873","-105.603","-110.804","-89.931","11.248","-30.502","-38.496","-16.264","-49.8","-61.9","-74.708","-107.629","-154.181","-184.227","-229.858","-320.397","-282.267","-293.188","21.878","-121.337","-330.277","-336.397","-619.376","-675.95","-709.551","-717.539","311","140","-702","-408","143","105","16","104","300","301","438","1142","1618","2321","3318","2259","3292"
"preferred_dividends","","","","","","","","","","","","","","","","","","","","","","","","","","","","","","","","","","","","","","","","","","","","","","","","","","","","","","","","","",""
"net_income_available_to_shareholders","","","-25.498","-16.016","-10.867","-4.615","-24.242","-29.519","-38.517","-34.935","-51.358","-48.941","-58.903","-65.078","-81.489","-89.873","-105.603","-110.804","-89.931","11.248","-30.502","-38.496","-16.264","-49.8","-61.9","-74.708","-107.629","-154.181","-184.227","-229.858","-320.397","-282.267","-293.188","21.878","-121.337","-330.277","-336.397","-619.376","-675.95","-709.551","-717.539","311","140","-702","-408","143","105","16","104","300","301","438","1142","1618","2321","3318","2259","3292"
"eps_basic","","","-0.01","-0.01","-0.01","","-0.01","-0.02","-0.34","-0.03","-0.04","-0.03","-0.04","-0.04","-0.05","-0.06","-0.07000000000000001","-0.07000000000000001","-0.05","0.01","-0.02","-0.02","-0.01","-0.03","-0.03","-0.04","-0.06","-0.08","-0.1","-0.12","-0.16","-0.14","-0.14","0.01","-0.05","-0.14","-0.14","-0.25","-0.27","-0.28","-0.28","0.12","0.05","-0.27","-0.15","0.05","0.04","0.01","0.04","0.11","0.09","0.15","0.39","0.54","0.76","1.07","0.73","1.05"
"eps_diluted","","","-0.01","-0.01","-0.01","","-0.01","-0.02","-0.34","-0.03","-0.04","-0.03","-0.04","-0.04","-0.05","-0.06","-0.07000000000000001","-0.07000000000000001","-0.05","0.01","-0.02","-0.02","-0.01","-0.03","-0.03","-0.04","-0.06","-0.08","-0.1","-0.12","-0.16","-0.14","-0.14","0.01","-0.05","-0.14","-0.14","-0.25","-0.27","-0.28","-0.28","0.12","0.05","-0.27","-0.15","0.05","0.04","0.01","0.03","0.09","0.08","0.13","0.34","0.48","0.68","0.95","0.65","0.95"
"shares_basic","2044.95","2044.95","2099.745","2099.745","2099.745","2099.745","2099.745","1396.641","114.652","1384.061","1423.626","1427.81","1466.359","1561.152","1566.542","1571.765","1578.637","1583.342","1707.147","1720.678","1772.904","1827.937","1842.561","1852.092","1863.756","1873.665","1882.575","1889.205","1900.335","1935.09","1966.995","1990.14","2099.745","2234.865","2326.575","2431.935","2478.18","2509.41","2539.635","2537.19","2549.955","2565","2586","2595","2655","2691","2706","2745","2784","2811","2853","2883","2913","2993","3039","3102","3111","3146"
"shares_diluted","2044.95","2044.95","2099.745","2099.745","2099.745","2099.745","2099.745","1396.641","114.652","1384.061","1423.626","1427.81","1466.359","1561.152","1566.542","1571.765","1578.637","1583.342","1707.147","1863.979","1772.904","1827.937","1842.561","1852.092","1863.756","1873.665","1882.575","1889.205","1900.335","1935.09","1966.995","1990.14","2099.745","2354.025","2326.575","2431.935","2478.18","2509.41","2539.635","2537.19","2549.955","2670","2586","2595","2655","2766","2706","2982","3108","3315","3465","3399","3357","3369","3375","3471","3465","3468"
"cash_and_equiv","17.211","","9.276999999999999","","","106.547","69.627","61.546","47.304","96.563","99.55800000000001","100.655","319.38","213.328","255.266","218.57","210.554","85.693","201.89","214.417","746.057","795.116","845.889","2393.908","2674.91","2370.735","1905.713","1510.076","1150.673","1426.036","1196.908","1441.789","3246.301","3084.257","3393.216","4006.593","3035.924","3530.03","3367.914","2665.673","2236.424","2967.504","3686","2198.169","4954.74","5338","6268","8080","8615","14531","19384","17141","16229","16065","17576","17505","18324","19532"
"st_investments","","","","","","","","","","","","","","65.06","25.061","25.009","","","","","","","","189.111","","","","","","","","","","","","","","","","","","","","","","","","","","","","","","30","131","508","591","1575"
"receivables","0.059","","3.32","","","1.386","3.488","5.931","6.467","8.061999999999999","6.71","20.26","23.308","18.25","9.539","13.589","11.023","9.164","26.842","46.139","113.544","47.58","49.109","72.38","96.607","156.889","226.604","200.052","138.648","119.964","168.965","318.056","178.594","326.895","499.142","440.349","453.539","607.734","515.381","652.848","569.874","1155.001","949","1046.945","1147.1","1128","1324","1274","1485","1757","1886","1890","2129","1962","1913","2311","2081","2192"
"inventories","2.108","","16.65","","","19.653","23.222","28.588","29.518","39.508","45.182","50.823","54.312","49.216","50.082","55.427","66.669","159.048","268.504","237.618","254.891","347.545","340.355","450.73","596.927","752.492","953.675","1054.84","1212.279","1293.717","1277.838","1301.961","1609.607","1604.571","2067.454","2220.336","2438.111","2471.382","2263.537","2565.826","3324.643","3314.127","3113","3836.85","3382.358","3581","3552","4494","4018","4218","4101","4132","4733","5199","5757","6691","8108","10327"
"other_current_assets","2.93","","2.18","","","4.364","4.222","4.537","6.745","97","84.43600000000001","55.168","20.758","66.267","32.89","46.302","28.88","30.636","27.532","27.819","15.05","28.525","30.586","49.918","73.25","82.798","94.081","156.449","127.021","159.078","138.295","177.737","169.203","156.689","299.984","360.611","431.87","459.587","423.688","499.573","568.856","483.859","559","595.8579999999999","697.754","893","959","1045","1218","1238","1346","1542","1602","1746","1723","2035","2118","2364"
"total_current_assets","22.308","","31.427","","","131.95","100.559","100.602","90.03400000000001","241.133","235.886","226.906","417.758","412.121","372.838","358.897","317.126","284.541","524.768","525.9930000000001","1129.542","1218.766","1265.939","3156.047","3441.694","3362.914","3180.073","2921.417","2628.621","2998.795","2782.006","3239.543","5203.705","5172.412","6259.796","7027.889","6359.444","7068.733","6570.52","6383.92","6699.797","7920.491","8307","7677.822","10181.952","10940","12103","14893","15336","21744","26717","24705","24693","25002","27100","29050","31222","35990"
"equity_and_other_investments","","","","","","","","","","","","","","","","","","","","","","","","","","","","","","","","","","","","","","","","","","","","","","","","","","","","1331","1311","1260","","","",""
"ppe_gross","15.196","","25.619","","","30.612","36.265","41.555","50.367","62.185","144.592","177.331","224.799","288.173","342.393","411.232","472.023","543.3869999999999","619.843","665.99","822.0119999999999","1039.688","1261.061","1470.453","1771.738","2265.516","2888.601","3478.638","4170.132","4937.305","5765.863","6510.313","7310.962","8170.451","16054.559","17787.289","19672.101","21220.728","22435.52","21457.645","22129.591","22627.348","30148","22787.24","23457.295","24039","24656","25321","26145","27701","29447","30233","32854","35480","39094","39905","41471","42884"
"accumulated_depreciation","-3.198","","-6.826","","","-11.139","-12.73","-14.689","-17.211","-19.289","-21.993","-24.818","-24.619","-28.379","-32.222","-35.058","-38.381","-45.35","-57.543","-74.93300000000001","-94.965","-116.382","-140.142","-169.335","-204.69","-243.447","-292.59","-342.386","-403.869","-472.769","-571.126","-673.0890000000001","-783.986","-912.106","-1017.642","-1232.153","-1453.547","-1704.132","-1943.904","-2276.921","-2538.165","-2893.379","-10457","-3469.145","-3856.316","-4194","-4457","-4853","-5269","-5711","-6072","-5389","-5824","-6232","-7918","-7266","-7787","-8321"
"ppe_net","11.998","","18.793","","","19.473","23.535","26.866","33.156","42.896","122.599","152.513","200.18","259.794","310.171","376.174","433.642","498.037","562.3","591.057","727.047","923.306","1120.919","1301.118","1567.048","2022.069","2596.011","3136.252","3766.263","4464.536","5194.737","5837.224","6526.976","7258.345","15036.917","16555.136","18218.554","19516.596","20491.616","19180.724","19591.426","19733.969","19691","19318.095","19600.979","19845","20199","20468","20876","21990","23375","24844","27030","29248","31176","32639","33684","34563"
"intangible_assets","","","","","","","","","","","","","","","14.508","","","","14.267","14.15","14.029","13.837","","13.662","13.541","13.42","","","","","12.816","","","","376.145","388.612","380.843","372.234","361.499","346.432","300.41","291.472","282","273.57","327.353","351","339","323","312","318","313","299","283","269","1517","1515","459","446"
"goodwill","","","","","","","","","","","","","","","","","","","","","","","","","","","","","","","","","","","","40.98","43.77","45.24","60.24","61.28","64.28","65.23","68","74.31","153.48","186","198","193","196","203","207","206","203","201","200","200","196","191"
"other_lt_assets","0.53100000000001","","1.479","","","4.493","6.33","17.852","24.784","77.592","27.597","27.87","28.217","28.335","15.931","26.029","26.101","26.599","12.855","12.578","17.226","10.3","30.072","29.583","32.179999999999","39.13","54.583000000001","62.361","73.301","84.166","78.38","114.935","138.271","161.64","991.218","1041.109","1041.094","1104.271","1171.497","1299.073","1254.087","1251.551","1392","1568.727","1608.833","1473","1470","1373","1415","1436","1536","1587","1626","1854","2138","2634","2952","3236"
"total_assets","34.837","","51.699","","","155.916","130.424","145.32","147.974","361.621","386.082","407.289","646.155","700.25","713.448","761.1","776.869","809.177","1114.19","1143.778","1887.844","2166.209","2416.93","4500.41","5054.463","5437.533","5830.667","6120.03","6468.185","7547.497","8067.939","9191.701999999999","11868.952","12592.397","22664.076","25053.726","26043.705","28107.074","28655.372","27271.429","27910","29262.713","29740","28912.524","31872.597","32795","34309","37250","38135","45691","52148","52972","55146","57834","62131","66038","68513","74426"
"accounts_payable","5.369","","14.184","","","17.357","15.086","18.19","25.634","26.99","28.951","49.66","57.199","53.627","56.141","64.333","78.601","162.025","303.382","304.204","262.227","302.439","303.969","375.778","443.548","649.362","777.946","732.331","771.6369999999999","824.861","916.148","1013.486","1114.878","1606.284","1860.341","2075.333","2359.316","2385.778","2390.25","2603.498","3030.493","3596.984","3405","3248.827","3133.587","3468","3771","3970","3638","4958","6051","6648","7558","8260","10025","11171","11212","13897"
"tax_payable","","","","","","","0.452","","1.581","2.32","2.686","0.962","1.025","1.962","0.967","0.652","0.84","1.762","9.710000000000001","14.658","16.08","18.645","38.067","27.984","28.416","40.825","71.229","83.739","49.288","64.129","101.206","93.836","71.985","129.044","152.897","","","","185.807","","","","348","","","","611","399","484","635","777","828","834","1084","1122","1272","1045","1114"
"current_accrued_liabilities","8.512","","11.145","","","11.066","11.888","7.922","3.304","4.392","11.743","13.935","17.542","24.6","31.142","24.345","21.33","16.642","30.088","26.053","39.046","55.886","68.053","98.401","130.631","147.114","197.654","270.029","296.113","309.73","321.592","344.686","486.227","565.974","920.6079999999999","1460.367","1510.744","1477.784","1332.766","1898.431","1814.979","1990.095","1122","2276.951","2622.943","2497","1851","1671","1822","1684","2111","2233","2945","3329","3670","3647","3985","4101"
"st_debt","","","","","","","","","","","","","","","7.916","20.194","35.637","50.841","50.841","50.841","","582.502","0.182","589.875","593.712","597.626","611.099","620.71","632.162","638.809","627.927","635.285","626.826","260.771","1150.147","1003.311","816.533","424.224","896.549","1998.03","2103.185","2106.538","2222","1352.596","1459.828","1643","1399","2851","3317","2766","1758","1415","1082","1207","1088","1168","1057","979"
"current_deferred_revenue","","","4.073","","","3.371","1.377","6.711","8.099","3.477","4.635","43.232","56.257","2.266","94.10599999999999","115.912","136.214","2.904","140.722","134.415","163.497","204.016","255.035","310.746","367.453","388.626","449.238","475.95","561.375","617.662","707.331","907.9829999999999","1238.65","1316.263","1426.985","1457.892","1516.938","1637.818","1869.172","1521.288","1518.45","1476.758","1423","1531.086","1514.4","1710","1889","1974","1843","1966","2210","2337","2505","2632","2372","2719","3040","3011"
"current_deferred_tax_liability","","","","","","","","","","","","","","","","","","","","","","","","","","","","","","","","","","","","","","","","","","","","","","","","","","","","","","","","","",""
"other_current_liabilities","37.335","","58.192","","","28.962","28.396","25.989","29.72","31.858","37.271","4.912","6.426","71.33799999999999","","8.616","11.443","148.444","-1.1368683772162E-13","","5.6843418860808E-14","","2.1319999999999","2.289","2.3899999999999","6.6319999999998","","-4.5474735088646E-13","67.7","85.58","136.831","192.423","227.838","204.054","263.996","248.536","342.824","543.336","917.898","629.112","674.255","604.949","983","480.225","526.758","441","532","473","524","634","681","703","674","687","559","588","594","605"
"total_current_liabilities","51.296","","87.935","","","60.999","57.489","59.105","68.634","69.328","85.565","112.976","138.736","154.181","191.339","235.722","286.526","385.806","539.1079999999999","535.623","486.545","1169.459","675.16","1413.47","1575.85","1839.777","2107.166","2192.381","2384.388","2553.771","2811.035","3187.699","3766.404","4082.39","5827.005","6245.439","6546.355","6468.94","7674.67","8650.359","9141.361999999999","9775.324000000001","9993","9242.799999999999","9588.772999999999","10146","10667","11986","12270","13302","14248","14877","16371","18051","19705","21455","21821","24611"
"lt_debt","","","54.528","","","","","29.92","45.419","56.557","71.828","102.484","134.177","225","268.335","340.323","396.155","414.207","401.495","388.785","578.74","77.498","586.119","1589.909","1833.107","1848.796","1876.981","1942.949","2038.362","2027.575","2068.378","2526.955","2657.148","2454.69","5978.284","7166.239","7127.094","9584.554","9418.388999999999","8763.727999999999","9513.389999999999","9672.612999999999","8411","8650.022999999999","9905.847","10096","10402","9539","9291","9476","8513","8019","6878","5439","4254","2253","2095","1418"
"noncurrent_capital_leases","0.018","","0.888","","","0.711","0.8","0.719","0.639","0.5659999999999999","0.496","0.421","0.359","0.661","2.83","3.721","4.72","6.278","9.965","10.46","9.249000000000001","10.931","12.855","12.572","33.312","33.342","","11.265","11.254","","201.389","","","","1407.653","1487.076","1601.779","1693.871","1733.697","1721.284","1704.372","1676.035","2705","2184.379","2403.9","2287","2188","2162","2227","2262","2348","2364","2400","2628","2662","2714","2625","2573"
"pension_liabilities","","","","","","","","","","","","","","","","","","","","","","","","","","","","","","","","","","","","","","","","","","","","","","","","","","","","","","","","","",""
"noncurrent_deferred_revenue","","","","","","1.028","2.387","1.427","3.987","4.95","5.702","6.319","6.534","7.159","6.985","7.008","6.783","2.477","9.465","12.091","75.27800000000001","139.828","181.18","227.287","251.003","270.997","292.271","312.85","334.628","362.261","463.447","496.997","533.253","581.202","888.756","989.332","1073.199","1126.003","1224.619","870.472","849.478","1007.769","1050","1157.343","1182.042","1140","1273","1199","1198","1233","1435","1438","1381","1405","2076","2209","2232","2285"
"other_lt_liabilities","101.369","","108.062","","","323.823","323.271","9.970000000000001","339.07","10.297","15.443","17.351","17.897","19.131","19.914","20.452","20.47","28.284","29.457","28.236","108.606","204.328","294.496","345.116","408.858","486.527","642.539","834.588","983.619","1289.234","1439.986","2009.686","2391.853","2793.627","2657.253","3004.55","3113.163","3056.046","2971.675","1545.18","1434.285","1277.403","1268","1640.073","1641.574","1644","1669","1692","1812","1918","1925","1809","1866","1817","1851","2001","2082","2415"
"total_liabilities","152.683","","251.413","","","386.561","383.947","101.141","457.749","141.698","179.034","239.551","297.703","406.132","489.403","607.226","714.654","837.052","989.49","975.1950000000001","1258.418","1602.044","1749.81","3588.354","4102.13","4479.439","4918.957","5294.033","5752.251","6232.841","6984.235","8221.337","9348.657999999999","9911.909","16758.951","18892.636","19461.59","21929.414","23023.05","21551.023","22642.887","23409.144","23427","22874.618","24722.136","25313","26199","26578","26798","28191","28469","28507","28896","29340","30548","30632","30855","33302"
"common_stock","","","","","","","","","","","","","","","","","","","","","","","","","","","","","","","","","","","","","","","","","","","","","","","1","","","1","1","1","1","1","1","1","1","3"
"preferred_stock","","","","","","","","","","","","","","","","","","","","","","","","","","","","","","","","","","","","","","","","","","","","","","","","","","","","","","","","","",""
"retained_earnings","-122.132","","-204.914","","","-236.412","-260.654","-290.173","-328.689","-363.624","-414.982","-463.922","-522.826","-587.903","-669.3920000000001","-759.265","-864.871","-975.674","-1065.606","-1054.357","-1084.858","-1123.355","-1139.62","-1189.42","-1251.327","-1326.041","-1433.66","-1587.841","-1772.068","-2001.926","-2322.323","-2604.59","-2897.778","-2875.9","-2997.237","-3343.187","-3679.584","-4298.96","-4974.299","-5051.292","-5768.831","-5457.315","-5318","-5923.305","-6331.639","-6188","-6083","-6104","-6000","-5669","-5399","-4750","-3608","-1990","331","3649","5908","9198"
"aoci","","","","","","","","","","","","","","-0.024","-0.003","-0.006","","","","","","","","","","","-0.022","-15.965","-14.804","-23.985","-3.556","13.565","34.193","25.31","-23.74","-20.769","10.961","21.25","33.348","82.92100000000001","18.545","8.271000000000001","-8","-35.019","-5.605","-120","-36","-113","-40","125","363","143","206","120","54","-50","-477","-942"
"apic","4.268","","5.193","","","5.746","7.124","334.274","18.906","583.454","621.9349999999999","631.564","871.174","881.941","893.336","913.04","926.981","947.693","1190.191","1222.825","1714.163","1687.397","1806.617","2101.352","2203.535","2284.01","2345.266","2429.677","2502.679","3340.436","3409.452","3561.256","5383.731","5530.928","7773.727","8351.513999999999","8774.212","8989.022000000001","9178.023999999999","9418.896000000001","9656.537","9957.710999999999","10249","10563.746","12052.458","12348","12736","15390","15895","21574","27260","27623","28205","28922","29803","30485","30944","31592"
"treasury_stock","","","","","","","","","","","","","","","","","","","","","","","","","","","","","","","","","","","","","","","","","","","","","","","","","","","","","","","","","",""
"other_equity","0.018000000000001","","0.0069999999999766","","","0.020999999999987","0.007000000000005","0.078000000000003","0.008000000000038201","0.09300000000007499","0.09500000000008399","0.09600000000006","0.10400000000004","0.10399999999998","0.10400000000007","0.10499999999999","0.10499999999999","0.10599999999999","0.11499999999997","0.11499999999992","0.12099999999998","0.12300000000005","0.12299999999993","0.12400000000025","0.12500000000011","0.12499999999977","0.12599999999998","0.12599999999964","0.12699999999995","0.13099999999963","0.13099999999963","0.13400000000024","0.14799999999968","0.15000000000009","0.16100000000006","0.16100000000097","0.16299999999956","0.16799999999876","0.16900000000078","0.16999999999916","0.17000000000007","0.17100000000119","","0.1740000000018","0.17899999999918","","","","","","","","","","","","",""
"minority_interest_liability","","","","","","","","","","","","","","","","","","","","","","","","","","","","","","","","","","","1152.214","1173.371","1476.363","1466.18","1395.08","1269.711","1360.692","1344.731","1390","1432.31","1435.068","1442","1492","1499","1482","1469","1454","1448","1446","1441","1394","1321","1282","1273"
"total_equity","-117.846","","-199.714","","","-230.645","-253.523","44.179","-309.775","219.923","207.048","167.738","348.452","294.118","224.045","153.874","62.215","-27.875","124.7","168.583","629.426","564.165","667.12","912.056","952.333","958.0940000000001","911.71","825.997","715.934","1314.656","1083.704","970.365","2520.294","2680.488","5905.125","6161.09","6582.115","6177.66","5632.322","5720.406","5267.113","5853.569","6313","6037.906","7150.461","7482","8110","10672","11337","17500","23679","24465","26250","28494","31583","35406","37658","41124"
"total_liabilities_and_equity","34.837","","51.699","","","155.916","130.424","145.32","147.974","361.621","386.082","407.289","646.155","700.25","713.448","761.1","776.869","809.177","1114.19","1143.778","1887.844","2166.209","2416.93","4500.41","5054.463","5437.533","5830.667","6120.03","6468.185","7547.497","8067.939","9191.701999999999","11868.952","12592.397","22664.076","25053.726","26043.705","28107.074","28655.372","27271.429","27910","29262.713","29740","28912.524","31872.597","32795","34309","37250","38135","45691","52148","52972","55146","57834","62131","66038","68513","74426"
"cfo_net_income","","","-25.498","-16.016","-10.867","-4.615","-24.242","-29.519","-38.517","-34.934","-51.358","-48.941","-58.903","-65.078","-81.489","-89.873","-105.603","-110.806","-89.931","11.248","-30.502","-38.496","-16.264","-49.8","-61.902","-74.709","-107.629","-154.181","-184.227","-229.858","-320.397","-282.267","-293.188","21.878","-219.469","-397.181","-401.427","-671.163","-771.229","-784.627","-742.706","254.333","210","-668","-389","150","132","68","129","369","296","464","1178","1659","2343","3280","2269","3331"
"cfo_da","","","1.294","1.372","1.685","1.948","1.935","2.141","2.483","3.109","2.89","3.517","4.318","4.28","4.804","4.163","4.348","7.522","12.792","17.85","22.198","28.45","37.585","44.268","54.715","64.97199999999999","67.976","77.11199999999999","91.389","110.366","143.723","156.46","183.232","280.468","326.939","376.602","389.171","400.624","469.603","416.233","485.255","502.512","497","468","579","530","577","553","567","584","618","621","681","761","848","880","922","956"
"cfo_receivables","","","-3.075","2.789","-4.015","3.16","-2.102","-2.443","-0.535","-1.597","1.353","-13.55","-3.048","5.058","8.711","-4.05","2.567","1.858","-17.678","-19.297","-67.581","66.16200000000001","-0.989","-23.721","-24.21","-61.241","-74.486","2.175","60.657","15.541","-32.106","-159.327","157.901","-109.084","-106.055","91.541","-14.498","-182.686","80.643","-169.142","70.633","-587.491","189","-100","-68","18","-217","-14","-222","-314","-102","-24","-259","135","18","-409","176","-193"
"cfo_inventory","","","-7.302","-4.943","-3.82","4.731","-3.893","-5.507","-3.525","-13.837","-5.644","-6.963","-6.001","2.133","-2.807","-5.6","-12.838","-85.59399999999999","-90.694","18.22","-147.467","-229.17","-102.144","-198.594","-259.538","-214.531","-377.601","-307.209","-399.011","-385.162","722.018","-512.671","-705.26","872.6","-287.536","-124.514","-269.188","-25.268","239.97","-322.081","-733.475","-55.444","88","-809","457","-133","56","-981","446","-67","180","-106","-581","-488","-534","-633","-1559","-2300"
"cfo_prepaid_expenses","","","-0.045","-0.229","-1.895","-0.06","0.142","-0.316","-0.54","-2.253","-1.868","-1.423","1.581","-1.343","0.9370000000000001","2.483","0.097","-0.829","-0.63","-2.575","-0.99","-5.55","-8.417999999999999","-11.429","-12.778","-5.31","-31.12","-43.475","40.09","-32.577","6.367","-9.134","28.628","15.142","22.17","-75.504","-37.688","-10.64","51.832","-50.001","-45.193","64.194","-51","-46","-93","-97","-52","-154","-147","11","39","-143","12","-156","16","-289","-244","-332"
"cfo_other_working_capital","","","5.982","0.508","4.828","-29.479","-3.265","2.455","7.712","2.515","12.855","16.322","31.812","24.665","19.144","16.186","32.857","72.431","134.376","32.535","153.621","253.614","208.987","250.238","231.281","186.397","369.818","193.324","168.213","209.751","-711.885","410.103","678.215","-814.379","-175.174","-154.303","-159.719","-31.174","124.196","215.798","541.046","930.1559999999999","-27","279","-8","20","444","-298","-323","1005","1125","261","504","508","1355","729","281","3056"
"cfo_change_in_working_capital","","","-4.44","-1.875","-4.902","-21.648","-9.118","-5.811","3.112","-15.172","6.696","-5.614","24.344","30.513","25.985","9.019","22.683","-12.134","25.374","28.883","-62.417","85.056","97.43600000000001","16.494","-65.245","-94.685","-113.389","-155.185","-130.051","-192.447","-15.606","-271.029","159.484","-35.721","-546.595","-262.78","-481.093","-249.768","496.641","-325.426","-166.989","351.415","199","-676","288","-192","231","-1447","-246","635","1242","-12","-324","-1","855","-602","-1346","231"
"cfo_deferred_tax","","","","","","","","","","","","","","","","","","","","","","","","","","","","","","","","","","","","","","","","","","","","","","","","","","","","","","","","","",""
"cfo_stock_comp","","","0.22","0.09","0.15","0.21","0.99","3.39","6.12","3.81","7.84","5.93","6.93","7.89","8.68","10.71","12.54","12.48","14.42","14.87","19.71","20.98","25.17","37.04","35.78","39.16","44.52","43.03","43.34","56","55.64","89.66","67.31","89.54000000000001","87.70999999999999","103.72","116.04","112.65","134.59","141.64","197.34","205.02","205","208","210","199","281","211","347","543","633","614","474","475","558","418","361","362"
"cfo_other_noncash_items","","","6.07","0.266","1.768","0.616","1.428","2.47","6.555","-2.77","-0.352","1.811","0.823","0.904","1.262","2.681","1.768","1.912","2.12","-8.772","15.713","6.046","-9.94","10.721","34.99","37.266","22.12","57.43","20.033","52.599","106.791","57.571","33.498","67.48399999999999","-96.794","109.828","177.137","107.095","179.94","153.804","97.43600000000001","77.76000000000001","124","28","176","69","204","175","167","269","230","-46","115","253","-19","19","145","220"
"cf_cfo","","","-22.354","-16.163","-12.166","-23.489","-29.007","-27.329","-20.247","-45.957","-34.284","-43.297","-22.488","-21.491","-40.758","-63.3","-64.264","-101.026","-35.225","64.07899999999999","-35.298","102.036","133.987","58.723","-1.662","-27.996","-86.402","-131.794","-159.516","-203.34","-29.849","-249.605","150.336","423.649","-448.209","-69.81100000000001","-200.172","-300.562","509.545","-398.376","-129.664","1391.04","1235","-640","864","756","1425","-440","964","2400","3019","1641","2124","3147","4585","3995","2351","5100"
"cfi_ppe_net","","","-1.144","-0.902","-2.527","-2.256","-6.199","-5.472","-9.815","-7.768","-82.358","-20.476","-54.314","-68.84399999999999","-40.592","-54.774","-58.003","-62.398","-64.053","-57.727","-40.515","-76.548","-89.434","-141.364","-175.685","-284.175","-368.661","-426.06","-405.165","-392.403","-411.222","-216.859","-294.72","-247.611","-681.2809999999999","-772.572","-1157.912","-1244.727","-905.789","-728.6369999999999","-677.213","-559.15","-354","-305","-268","-410","-449","-481","-566","-1021","-1164","-1360","-1515","-1825","-1814","-1772","-1730","-1803"
"cfi_acquisitions_net","","","","","","","","","","","","","","","","","","","","","","","","","","","","","","","","","","","","-109.147","","","","","","","","","","","","","","","","","","","","","",""
"cfi_investment_net","","","","","","","","","","","","","","","","0.0079999999999991","25","","","","","","","-189.111","-11.157","-5.563","-0.01","","","","","","","","","","","","","","","","","","","","","","","","","","","","","-386","-90","-991"
"cfi_intangibles_net","","","","","","","","","","","","","","","","","","","","","","","","","","","","","","","","","","","","","","","","","","","","","","","","","","","","-1228","","","","-9","936",""
"cfi_other","","","-1","","-1.581","-0.779","","-3.907","2.126","-146.911","73.80800000000001","30.587","31.192","-109.326","69.515","-11.461","17.071","-1.616","3.296","2.491","13.341","-0.95399999999999","-0.07099999999999801","1.295","189.452","-1.905","-3.56","-6.284","-17.672","-11.687","-3.058","-16.96","-25.134","-20.395","421.875","","","","-5.853000000000099","","-5.604","-1.3960000000001","-11","-1","27","-76","46","1","","-18","117","6","","-30","-102","","","3"
"cf_cfi","","","-2.144","-0.902","-4.108","-3.035","-6.199","-9.379","-7.689","-154.679","-8.550000000000001","10.111","-23.122","-178.17","28.923","-66.227","-15.932","-64.014","-60.757","-55.236","-27.174","-77.502","-89.505","-329.18","2.61","-291.643","-372.231","-432.344","-422.837","-404.09","-414.28","-233.819","-319.854","-268.006","-259.406","-881.7190000000001","-1157.912","-1244.727","-911.6420000000001","-728.6369999999999","-682.817","-560.546","-365","-306","-241","-486","-403","-480","-566","-1039","-1047","-2582","-1515","-1855","-1916","-2167","-884","-2791"
"cff_common_stock_net","","","-0.021","","","","","","","","","","","","","","","","","","","","","","","","","","","","","","1701.734","","","400.175","","","","","","","","","848","","","2309","","4973","4987","","","","","","",""
"cff_pfd_net","","","","","49.444","82.378","","","","","","","","","","","","","","","","","","","","","","","","","","","","","","","","","","","","","","","","","","","","","","","","","","","",""
"cff_debt_net","","","15.459","19.501","5.752","-0.06","-0.047","29.843","15.421","11.06","15.189","30.577","31.643","90.727","51.06","83.83799999999999","70.782","32.492","-13.858","-14.219","218.248","-2.746","-2.045","1997.455","296.899","-3.056","0.794","151.896","198.984","120.137","212.92","663.635","231.937","-361.546","1184.164","1225.273","-95.155","2010.029","244.853","262.714","245.597","-221.311","-198","-677","1623","47","-195","287","111","-581","-2305","-1162","-1588","-1526","-1456","-2068","-402","-899"
"cff_dividend_paid","","","","","","","","","","","","","","","","","","","","","","","","","","","","","","","","","","","","","","","","","","","","","","","","","","","","","","","","","",""
"cff_other","","","0.314","0.032","0.032999999999994","0.052999999999997","-1.667","-1.216","-1.727","238.835","30.64","3.706","232.692","2.882","2.713","8.993","1.398","7.687","228.303","17.903","378.759","26.961","12.561","-180.896","-15.407","36.81","10.531","34.26","19.367","773.841","12.118","51.8","42.913","40.676","188.663","-26.699","523.922","91.477","41.125","108.946","153.025","137.029","86","24","-328","71","116","112","12","58","10","146","39","145","199","154","-4","187"
"cf_cff","","","15.752","19.533","55.229","82.371","-1.714","28.627","13.694","249.895","45.829","34.283","264.335","93.60899999999999","53.773","92.831","72.18000000000001","40.179","214.445","3.684","597.0069999999999","24.215","10.516","1816.559","281.492","33.754","11.325","186.156","218.351","893.978","225.038","715.4349999999999","1976.584","-320.87","1372.827","1598.749","428.767","2101.506","285.978","371.66","398.622","-84.282","-112","-653","2143","118","-79","2708","123","4450","2692","-1016","-1549","-1381","-1257","-1914","-406","-712"
"ebitda","","","-21.93","-15.222","-6.402","-2.343","-20.99","-23.857","-28.879","-34.725","-48.755","-43.829","-54.421","-60.197","-76.123","-84.59999999999999","-101.827","-100.938","-78.09099999999999","12.266","10.406","-2.104","24.232","0.301","25.962","25.843","-6.862","-25.334","-78.79900000000001","-73.29600000000001","-116.61","-91.764","-54.808","366.09","60.241","119.053","148.255","-134.856","-128.452","-180.741","-32.703","945.5119999999999","916","-10","529","791","924","836","894","1393","1193","1114","2016","2816","3461","4483","3528","4644"
"capex","","","-1.144","-0.902","-2.527","-2.256","-6.199","-5.472","-9.815","-7.768","-82.358","-20.476","-54.314","-68.84399999999999","-40.592","-54.774","-58.003","-62.398","-64.053","-57.727","-40.515","-76.548","-89.434","-141.364","-175.685","-284.175","-368.661","-426.06","-405.165","-392.403","-411.222","-216.859","-294.72","-247.611","-681.2809999999999","-772.572","-1157.912","-1244.727","-905.789","-728.6369999999999","-677.213","-559.15","-354","-305","-268","-410","-449","-481","-566","-1021","-1164","-1360","-1515","-1825","-1814","-1772","-1730","-1803"
"fcf","","","-23.498","-17.065","-14.693","-25.745","-35.206","-32.801","-30.062","-53.725","-116.642","-63.773","-76.80200000000001","-90.33499999999999","-81.34999999999999","-118.074","-122.267","-163.424","-99.27800000000001","6.352","-75.813","25.488","44.553","-82.64100000000001","-177.347","-312.171","-455.063","-557.854","-564.681","-595.7430000000001","-441.071","-466.464","-144.384","176.038","-1129.49","-842.383","-1358.084","-1545.289","-396.244","-1127.013","-806.877","831.89","881","-945","596","346","976","-921","398","1379","1855","281","609","1322","2771","2223","621","3297"
"book_value","-117.846","","-199.714","","","-230.645","-253.523","44.179","-309.775","219.923","207.048","167.738","348.452","294.118","224.045","153.874","62.215","-27.875","124.7","168.583","629.426","564.165","667.12","912.056","952.333","958.0940000000001","911.71","825.997","715.934","1314.656","1083.704","970.365","2520.294","2680.488","5905.125","6161.09","6582.115","6177.66","5632.322","5720.406","5267.113","5853.569","6313","6037.906","7150.461","7482","8110","10672","11337","17500","23679","24465","26250","28494","31583","35406","37658","41124"
"tangible_book_value","-117.846","","-199.714","","","-230.645","-253.523","44.179","-309.775","219.923","207.048","167.738","348.452","294.118","209.537","153.874","62.215","-27.875","110.433","154.433","615.397","550.328","667.12","898.394","938.792","944.674","911.71","825.997","715.934","1314.656","1070.888","970.365","2520.294","2680.488","5528.98","5731.498","6157.502","5760.186","5210.583","5312.694","4902.423","5496.867","5963","5690.026","6669.628","6945","7573","10156","10829","16979","23159","23960","25764","28024","29866","33691","37003","40487"
"roa","","","-3.95","-2.48","","-0.73","-0.39","-0.5","-0.66","-0.5","-0.41","-0.44","-0.37","-0.33","-0.36","-0.4","-0.44","-0.49","-0.41","-0.26","-0.15","-0.07000000000000001","-0.03","-0.04","-0.03","-0.04","-0.05","-0.07000000000000001","-0.08","-0.1","-0.11","-0.12","-0.11","-0.07000000000000001","-0.04","-0.03","-0.03","-0.05","-0.07000000000000001","-0.08","-0.1","-0.06","-0.03","-0.03","-0.02","-0.03","-0.03","","0.01","0.01","0.01","0.02","0.04","0.06","0.09","0.13","0.14","0.16"
"roe","","","1.02","0.64","","0.49","0.23","0.66","0.73","2.83","-0.72","-0.93","-0.75","-0.7","-0.98","-1.56","-3.17","-22.58","-8.18","-2.01","-0.55","-0.25","-0.12","-0.17","-0.18","-0.21","-0.31","-0.46","-0.68","-0.67","-0.74","-0.99","-0.64","-0.34","-0.16","-0.12","-0.12","-0.22","-0.33","-0.41","-0.5","-0.32","-0.16","-0.16","-0.1","-0.11","-0.11","-0.02","0.03","0.04","0.04","0.05","0.09","0.13","0.18","0.25","0.26","0.28"
"roic","","","1.41","0.89","","0.5","0.23","0.78","1.03","-19.09","-0.55","-0.63","-0.52","-0.45","-0.5","-0.58","-0.67","-0.82","-0.77","-0.49","-0.24","-0.12","-0.06","-0.06","-0.05","-0.06","-0.09","-0.12","-0.15","-0.18","-0.22","-0.25","-0.23","-0.16","-0.06","-0.04","-0.04","-0.08","-0.1","-0.12","-0.14","-0.09","-0.05","-0.05","-0.03","-0.04","-0.04","-0.01","0.01","0.02","0.02","0.03","0.06","0.09","0.14","0.2","0.22","0.24"
"roce","","","5.13","3.66","","-1.1","-0.62","-0.77","-1.02","-0.64","-0.5","-0.57","-0.49","-0.42","-0.47","-0.54","-0.64","-0.77","-0.72","-0.48","-0.21","-0.09","-0.04","-0.04","-0.03","-0.03","-0.04","-0.06","-0.08","-0.1","-0.12","-0.14","-0.12","-0.08","-0.05","-0.04","-0.03","-0.06","-0.07000000000000001","-0.09","-0.11","-0.06","-0.01","-0.01","0.01","0.01","","0.03","0.04","0.05","0.05","0.06","0.08","0.11","0.15","0.22","0.23","0.25"
"rotce","","","5.13","3.66","","-1.1","-0.62","-0.77","-1.02","-0.64","-0.5","-0.57","-0.49","-0.42","-0.47","-0.55","-0.64","-0.77","-0.73","-0.5","-0.21","-0.09","-0.04","-0.04","-0.03","-0.03","-0.04","-0.06","-0.08","-0.1","-0.12","-0.14","-0.12","-0.08","-0.05","-0.04","-0.03","-0.06","-0.08","-0.09","-0.11","-0.06","-0.01","-0.01","0.02","0.01","","0.03","0.04","0.06","0.05","0.06","0.08","0.11","0.16","0.22","0.24","0.26"
"gross_margin","","","-0.12","-0.1","0.08","0.17","0.1","0.19","0.22","0.3","0.31","0.37","0.32","0.3","0.2","0.34","0.18","-0.17","0.08","0.17","0.25","0.24","0.25","0.25","0.28","0.3","0.27","0.28","0.22","0.25","0.18","0.22","0.22","0.28","0.19","0.25","0.24","0.15","0.13","0.13","0.15","0.22","0.2","0.12","0.15","0.19","0.19","0.21","0.21","0.24","0.19","0.21","0.24","0.27","0.27","0.29","0.25","0.25"
"ebitda_margin","","","-1.55","-0.73","-0.24","-0.05","-1.13","-1.15","-1.02","-1.11","-1.34","-0.89","-0.9399999999999999","-1.04","-1.93","-2.8","-3.82","-2.01","-0.25","0.02","0.03","","0.04","","0.03","0.03","-0.01","-0.03","-0.08","-0.08","-0.1","-0.08","-0.04","0.16","0.03","0.04","0.05","-0.05","-0.04","-0.05","-0.01","0.14","0.13","","0.08","0.13","0.13","0.14","0.15","0.16","0.11","0.11","0.17","0.2","0.2","0.24","0.21","0.22"
"operating_margin","","","-1.64","-0.79","-0.3","-0.09","-1.23","-1.25","-1.1","-1.21","-1.42","-0.97","-1.01","-1.12","-2.06","-2.94","-3.98","-2.16","-0.3","-0.01","-0.03","-0.07000000000000001","-0.02","-0.07000000000000001","-0.04","-0.05","-0.08","-0.11","-0.18","-0.2","-0.21","-0.22","-0.19","0.04","-0.12","-0.1","-0.09","-0.18","-0.18","-0.18","-0.13","0.06","0.06","-0.11","-0.01","0.04","0.05","0.05","0.05","0.09","0.05","0.05","0.11","0.15","0.15","0.19","0.15","0.17"
"pretax_margin","","","-1.8","-0.77","-0.4","-0.11","-1.29","-1.41","-1.36","-1.12","-1.42","-1","-1.01","-1.13","-2.07","-2.98","-3.96","-2.21","-0.29","0.02","-0.07000000000000001","-0.09","-0.02","-0.08","-0.08","-0.08","-0.11","-0.16","-0.19","-0.24","-0.26","-0.24","-0.23","0.01","-0.09","-0.14","-0.14","-0.22","-0.24","-0.23","-0.18","0.04","0.03","-0.14","-0.06","0.03","0.02","0.01","0.02","0.06","0.04","0.05","0.11","0.14","0.15","0.19","0.15","0.17"
"net_income_margin","","","-1.8","-0.77","-0.4","-0.1","-1.3","-1.42","-1.36","-1.12","-1.42","-1","-1.01","-1.13","-2.07","-2.98","-3.96","-2.21","-0.29","0.02","-0.08","-0.09","-0.03","-0.08","-0.08","-0.09","-0.11","-0.16","-0.19","-0.25","-0.26","-0.25","-0.23","0.01","-0.05","-0.12","-0.12","-0.21","-0.21","-0.21","-0.18","0.05","0.02","-0.15","-0.06","0.02","0.01","","0.02","0.03","0.03","0.04","0.1","0.12","0.13","0.18","0.13","0.15"
"fcf_margin","","","-1.66","-0.82","-0.55","-0.57","-1.89","-1.58","-1.06","-1.72","-3.21","-1.3","-1.32","-1.57","-2.07","-3.91","-4.59","-3.26","-0.32","0.01","-0.19","0.06","0.07000000000000001","-0.13","-0.23","-0.37","-0.48","-0.59","-0.59","-0.64","-0.36","-0.41","-0.11","0.08","-0.49","-0.31","-0.49","-0.52","-0.12","-0.33","-0.2","0.12","0.12","-0.21","0.09","0.05","0.13","-0.15","0.07000000000000001","0.16","0.17","0.03","0.05","0.1","0.16","0.12","0.04","0.15"
"assets_to_equity","-0.3","","-0.26","","","-0.68","-0.51","3.29","-0.48","1.64","1.86","2.43","1.85","2.38","3.18","4.95","12.49","-29.03","8.93","6.78","3","3.84","3.62","4.93","5.31","5.68","6.4","7.41","9.029999999999999","5.74","7.44","9.470000000000001","4.71","4.7","3.84","4.07","3.96","4.55","5.09","4.77","5.3","5","4.71","4.79","4.46","4.38","4.23","3.49","3.36","2.61","2.2","2.17","2.1","2.03","1.97","1.87","1.82","1.81"
"equity_to_assets","-3.38","","-3.86","","","-1.48","-1.94","0.3","-2.09","0.61","0.54","0.41","0.54","0.42","0.31","0.2","0.08","-0.03","0.11","0.15","0.33","0.26","0.28","0.2","0.19","0.18","0.16","0.13","0.11","0.17","0.13","0.11","0.21","0.21","0.26","0.25","0.25","0.22","0.2","0.21","0.19","0.2","0.21","0.21","0.22","0.23","0.24","0.29","0.3","0.38","0.45","0.46","0.48","0.49","0.51","0.54","0.55","0.55"
"debt_to_equity","","","-0.28","","","","","0.6899999999999999","-0.15","0.26","0.35","0.61","0.39","0.77","1.25","2.37","7.02","-16.91","3.71","2.67","0.93","1.19","0.9","2.4","2.58","2.59","2.73","3.12","3.75","2.03","2.67","3.26","1.3","1.01","1.45","1.57","1.45","1.89","2.14","2.18","2.53","2.3","2.11","2.02","1.93","1.87","1.72","1.36","1.31","0.83","0.53","0.48","0.39","0.33","0.25","0.17","0.15","0.12"
"debt_to_assets","","","1.07","","","","0.01","0.21","0.31","0.16","0.19","0.25","0.21","0.32","0.39","0.48","0.5600000000000001","0.58","0.41","0.39","0.31","0.31","0.25","0.49","0.49","0.46","0.43","0.42","0.41","0.35","0.36","0.34","0.28","0.22","0.38","0.39","0.37","0.42","0.42","0.46","0.48","0.46","0.45","0.42","0.43","0.43","0.41","0.39","0.39","0.32","0.24","0.22","0.19","0.16","0.13","0.09","0.08","0.07000000000000001"
"revenue_per_share","","","0.01","0.01","0.01","0.02","0.01","0.01","0.25","0.02","0.03","0.03","0.04","0.04","0.03","0.02","0.02","0.03","0.18","0.3","0.23","0.24","0.33","0.34","0.41","0.45","0.51","0.5","0.5","0.48","0.62","0.58","0.6","0.98","0.98","1.11","1.13","1.19","1.29","1.34","1.57","2.56","2.79","1.75","2.39","2.28","2.73","2.01","1.94","2.65","3.1","3.06","3.56","4.08","5.25","5.4","4.89","6.19"
"ebitda_per_share","","","-0.01","-0.01","","","-0.01","-0.02","-0.25","-0.03","-0.03","-0.03","-0.04","-0.04","-0.05","-0.05","-0.06","-0.06","-0.05","0.01","0.01","","0.01","","0.01","0.01","","-0.01","-0.04","-0.04","-0.06","-0.05","-0.03","0.16","0.03","0.05","0.06","-0.05","-0.05","-0.07000000000000001","-0.01","0.35","0.35","","0.2","0.29","0.34","0.28","0.29","0.42","0.34","0.33","0.6","0.84","1.03","1.29","1.02","1.34"
"operating_income_per_share","","","-0.01","-0.01","","","-0.01","-0.02","-0.27","-0.03","-0.04","-0.03","-0.04","-0.04","-0.05","-0.06","-0.07000000000000001","-0.07000000000000001","-0.05","","-0.01","-0.02","-0.01","-0.02","-0.02","-0.02","-0.04","-0.05","-0.09","-0.09","-0.13","-0.12","-0.11","0.04","-0.11","-0.11","-0.1","-0.21","-0.24","-0.24","-0.2","0.17","0.16","-0.18","-0.02","0.09","0.13","0.09","0.11","0.24","0.17","0.15","0.4","0.61","0.77","1.04","0.75","1.06"
"pretax_income_per_share","","","-0.01","-0.01","-0.01","","-0.01","-0.02","-0.34","-0.03","-0.04","-0.03","-0.04","-0.04","-0.05","-0.06","-0.07000000000000001","-0.07000000000000001","-0.05","0.01","-0.02","-0.02","-0.01","-0.03","-0.03","-0.04","-0.06","-0.08","-0.1","-0.12","-0.16","-0.14","-0.14","0.01","-0.09","-0.15","-0.16","-0.27","-0.31","-0.31","-0.29","0.1","0.09","-0.25","-0.14","0.06","0.06","0.02","0.05","0.17","0.11","0.16","0.39","0.5600000000000001","0.78","1.04","0.71","1.05"
"fcf_per_share","","","-0.01","-0.01","-0.01","-0.01","-0.02","-0.02","-0.26","-0.04","-0.08","-0.04","-0.05","-0.06","-0.05","-0.08","-0.08","-0.1","-0.06","","-0.04","0.01","0.02","-0.04","-0.1","-0.17","-0.24","-0.3","-0.3","-0.31","-0.22","-0.23","-0.07000000000000001","0.07000000000000001","-0.49","-0.35","-0.55","-0.62","-0.16","-0.44","-0.32","0.31","0.34","-0.36","0.22","0.13","0.36","-0.31","0.13","0.42","0.54","0.08","0.18","0.39","0.82","0.64","0.18","0.95"
"book_value_per_share","-0.06","","-0.1","","","-0.11","-0.12","0.03","-2.7","0.16","0.15","0.12","0.24","0.19","0.14","0.1","0.04","-0.02","0.07000000000000001","0.09","0.36","0.31","0.36","0.49","0.51","0.51","0.48","0.44","0.38","0.68","0.55","0.49","1.2","1.14","2.54","2.53","2.66","2.46","2.22","2.25","2.07","2.19","2.44","2.33","2.69","2.7","3","3.58","3.65","5.28","6.83","7.2","7.82","8.460000000000001","9.359999999999999","10.2","10.87","11.86"
"tangible_book_per_share","-0.06","","-0.1","","","-0.11","-0.12","0.03","-2.7","0.16","0.15","0.12","0.24","0.19","0.13","0.1","0.04","-0.02","0.06","0.08","0.35","0.3","0.36","0.49","0.5","0.5","0.48","0.44","0.38","0.68","0.54","0.49","1.2","1.14","2.38","2.36","2.48","2.3","2.05","2.09","1.92","2.06","2.31","2.19","2.51","2.51","2.8","3.41","3.48","5.12","6.68","7.05","7.67","8.32","8.85","9.710000000000001","10.68","11.67"
"payout_ratio","","","","","","","","","","","","","","","","","","","","","","","","","","","","","","","","","","","","","","","","","","","","","","","","","","","","","","","","","",""
"revenue_growth","","","","0.47","","","0.31","","0.05","-0.31","0.95","1.36","1.05","0.85","0.09","-0.38","-0.54","-0.13","6.78","17.62","14.2","7.61","1.01","0.1","0.9","0.97","0.55","0.51","0.24","0.1","0.27","0.22","0.33","1.45","0.88","1.35","1.2","0.3","0.44","0.26","0.43","1.29","1.2","0.33","0.59","-0.08","0.02","0.32","-0.05","0.39","0.46","0.74","0.98","0.57","0.65","0.8100000000000001","0.42","0.5600000000000001"
"gross_profit_growth","","","","-0.2","","","2.05","2.88","1.98","0.21","5.36","3.68","1.96","0.85","-0.31","-0.43","-0.74","-1.51","2.04","8.43","20.1","12.74","5.56","0.61","1.12","1.45","0.67","0.68","","-0.08","-0.16","-0.03","0.29","1.75","0.99","1.65","1.43","-0.29","0.01","-0.32","-0.07000000000000001","2.39","2.28","0.24","0.49","-0.22","-0.04","1.18","0.38","0.73","0.49","0.79","1.28","0.77","1.35","1.47","0.47","0.47"
"ebitda_growth","","","","0.31","","","0.04","-0.57","-3.51","-13.82","-1.32","-0.84","-0.88","-0.73","-0.5600000000000001","-0.93","-0.87","-0.68","-0.03","1.14","1.1","0.98","1.31","-0.98","1.49","13.28","-1.28","-85.17","-4.04","-3.84","-15.99","-2.62","0.3","5.99","1.52","2.3","3.7","-1.37","-3.13","-2.52","-1.22","8.01","8.130000000000001","0.9399999999999999","17.18","-0.16","0.01","84.59999999999999","0.6899999999999999","0.76","0.29","0.33","1.26","1.02","1.9","3.02","0.75","0.65"
"operating_income_growth","","","","0.29","","","0.01","-0.57","-2.88","-7.82","-1.25","-0.82","-0.87","-0.7","-0.57","-0.87","-0.8100000000000001","-0.68","-0.12","0.9399999999999999","0.89","0.72","0.85","-6.87","-1.44","-0.28","-4.6","-1.33","-4.92","-3.69","-2.48","-1.42","-0.4","1.47","-0.02","-0.04","-0.01","-7.25","-1.24","-1.32","-1.15","1.83","1.7","0.2","0.9","-0.41","-0.17","1.59","7.54","2.1","0.66","0.74","3.08","1.54","3.54","6.31","0.95","0.79"
"pretax_income_growth","","","","0.37","","","0.06","-0.84","-2.55","-6.21","-1.14","-0.66","-0.53","-0.86","-0.58","-0.84","-0.8","-0.7","-0.11","1.13","0.71","0.66","0.83","-5.3","-1.01","-0.88","-5.97","-2.09","-1.98","-2.21","-2.03","-0.84","-0.6","1.13","0.34","-0.34","-0.33","-23.37","-2.74","-1.09","-0.89","1.4","1.3","0.17","0.49","-0.35","-0.25","1.11","1.41","2.15","1.18","6.61","7.62","2.39","5.95","5.8","0.91","0.93"
"net_income_growth","","","","0.37","","","0.05","-0.84","-2.54","-6.57","-1.12","-0.66","-0.53","-0.86","-0.59","-0.84","-0.79","-0.7","-0.1","1.13","0.71","0.65","0.82","-5.43","-1.03","-0.9399999999999999","-5.62","-2.1","-1.98","-2.08","-1.98","-0.83","-0.59","1.1","0.62","-0.17","-0.15","-29.31","-4.57","-1.15","-1.13","1.5","1.21","0.01","0.43","-0.54","-0.25","1.02","1.25","1.1","1.87","26.38","9.98","4.39","6.71","6.58","0.98","1.03"
"eps_diluted_growth","","","","0.33","","","","-1.63","-66.2","-11.5","-2","-0.62","0.88","-0.68","-0.44","-0.68","-0.68","-0.67","-0.02","1.11","0.75","0.7","0.83","-5.5","-0.9399999999999999","-0.9","-5.33","-2","-1.94","-1.98","-1.86","-0.75","-0.43","1.08","0.68","0.04","0.02","-28.44","-4.13","-1.05","-1.07","1.47","1.19","0.02","0.45","-0.55","-0.29","1.03","1.21","0.7","1.16","17.57","9.300000000000001","4.33","7.54","6.33","0.91","0.98"
"shares_diluted_growth","","","0.03","","0.03","0.03","","-0.33","-0.95","-0.34","-0.32","0.02","11.79","0.13","0.1","0.1","0.08","0.01","0.09","0.19","0.12","0.15","0.08","-0.01","0.05","0.03","0.02","0.02","0.02","0.03","0.04","0.05","0.1","0.22","0.18","0.22","0.18","0.07000000000000001","0.09","0.04","0.03","0.06","0.02","0.02","0.04","0.04","0.05","0.15","0.17","0.2","0.28","0.14","0.08","0.02","-0.03","0.02","0.03","0.03"
"cash_and_equiv_growth","","-1","","-1","-1","","6.51","","","-0.09","0.43","0.64","5.75","1.21","1.56","1.17","-0.34","-0.6","-0.21","-0.02","2.54","8.279999999999999","3.19","10.16","2.59","1.98","1.25","-0.37","-0.57","-0.4","-0.37","-0.05","1.82","1.16","1.83","1.78","-0.06","0.14","-0.01","-0.33","-0.26","-0.16","0.09","-0.18","1.22","0.8","0.7","2.68","0.74","1.72","2.09","1.12","0.88","0.11","-0.09","0.02","0.13","0.22"
"ppe_growth","","-1","","-1","-1","","0.25","","","1.2","4.21","4.68","5.04","5.06","1.53","1.47","1.17","0.92","0.8100000000000001","0.57","0.68","0.85","0.99","1.2","1.16","1.19","1.32","1.41","1.4","1.21","1","0.86","0.73","0.63","1.89","1.84","1.79","1.69","0.36","0.16","0.08","0.01","-0.04","0.01","","0.01","0.03","0.06","0.07000000000000001","0.11","0.16","0.21","0.29","0.33","0.33","0.31","0.25","0.18"
"total_assets_growth","","-1","","-1","-1","","1.52","","","1.32","1.96","1.8","3.37","0.9399999999999999","0.85","0.87","0.2","0.16","0.5600000000000001","0.5","1.43","1.68","1.17","2.93","1.68","1.51","1.41","0.36","0.28","0.39","0.38","0.5","0.83","0.67","1.81","1.73","1.19","1.23","0.26","0.09","0.07000000000000001","0.04","0.04","0.06","0.14","0.12","0.15","0.29","0.2","0.39","0.52","0.42","0.45","0.27","0.19","0.25","0.24","0.29"
"total_equity_growth","","1","","1","1","","-0.27","","","1.95","1.82","2.8","2.12","0.34","0.08","-0.08","-0.82","-1.09","-0.44","0.1","9.119999999999999","21.24","4.35","4.41","0.51","0.7","0.37","-0.09","-0.25","0.37","0.19","0.17","2.52","1.04","4.45","5.35","1.61","1.3","-0.05","-0.07000000000000001","-0.2","-0.05","0.12","0.06","0.36","0.28","0.28","0.77","0.59","1.34","1.92","1.29","1.32","0.63","0.33","0.45","0.43","0.44"
"cfo_growth","","","","0.28","","","-0.3","-0.6899999999999999","-0.66","-0.96","-0.18","-0.58","-0.11","0.53","-0.19","-0.46","-1.86","-3.7","0.14","2.01","0.45","2.01","4.8","-0.08","0.95","-1.27","-1.64","-3.24","-94.98","-6.26","0.65","-0.89","1.94","3.08","-14.02","0.72","-2.33","-1.71","2.14","-4.71","0.35","5.63","1.42","-0.61","7.66","-0.46","0.15","0.31","0.12","2.17","1.12","4.73","1.2","0.31","0.52","1.43","0.11","0.62"
"capex_growth","","","","0.21","","","-4.42","-5.07","-2.88","-2.44","-12.29","-2.74","-4.53","-7.86","0.51","-1.68","-0.07000000000000001","0.09","-0.58","-0.05","0.3","-0.23","-0.4","-1.45","-3.34","-2.71","-3.12","-2.01","-1.31","-0.38","-0.12","0.49","0.27","0.37","-0.66","-2.56","-2.93","-4.03","-0.33","0.06","0.42","0.55","0.61","0.58","0.6","0.27","-0.27","-0.58","-1.11","-1.49","-1.59","-1.83","-1.68","-0.79","-0.5600000000000001","-0.3","-0.14","0.01"
"fcf_growth","","","","0.27","","","-0.5","-0.92","-1.05","-1.09","-2.31","-0.9399999999999999","-1.55","-0.68","0.3","-0.85","-0.59","-0.8100000000000001","-0.22","1.05","0.38","1.16","1.45","-14.01","-1.34","-13.25","-11.21","-5.75","-2.18","-0.91","0.03","0.16","0.74","1.3","-1.56","-0.8100000000000001","-8.41","-9.779999999999999","0.65","-0.34","0.41","1.54","3.22","0.16","1.74","-0.58","0.11","0.03","-0.33","2.99","0.9","1.31","0.53","-0.04","0.49","6.91","0.02","1.49"
"shares_eop","2044.95","2044.95","2099.745","2099.745","2099.745","2099.745","1396.64","1396.64","1396.64","1398.8","1423.63","1433.32","1559.71","1562.83","1567.95","1577.47","1579.85","1586.59","1713.21","1727.42","1821.44","1838.49","1846.36","1860.61","1868.82","1880.49","1885.31","1895.43","1906.51","1963.52","1971.38","2007.87","2220.23","2247.38","2423.42","2462.46","2502.95","2520.25","2531.96","2546.25","2557.74","2573.67","2589.04","2605.23","2686.77","2700","2715.93","2775","2794.79","2843.56","2880","2889","2952","3012","3099","3108","3123","3158"
"dividends","","","","","","","","","","","","","","","","","","","","","","","","","","","","","","","","","","","","","","","","","","","","","","","","","","","","","","","","","",""
"price_to_earnings","","","","","","","","","-22.9","-14.95","-16.37","-15.26","-15.6","-11.33","-11.73","-13.26","-9.630000000000001","-7.99","-9.76","-14.79","-59.26","-160.48","-250.18","-191.44","-179.67","-150.12","-95.06999999999999","-59.87","-65.48","-48.11","-35.5","-30.25","-27.91","-34.98","-51.15","-63.2","-78.76000000000001","-40.72","-26.79","-19.3","-21.48","-25.35","-58.85","-50.18","-60.74","-52.43","-87.87","-673.1900000000001","546.71","774.55","939.59","562.74","306.66","222.52","197.8","132.92","73.67","74.86"
"price_to_book","","","","","","","","","-7.16","8.65","12.2","15.81","8.69","8.640000000000001","13.32","25.45","52.97","-111.1","31.02","25.88","20.71","42.01","27.76","28.35","31.41","31.76","30.66","28.88","47.62","24.73","29.11","31.7","12.47","11.4","5.85","7.42","9.17","9.279999999999999","9.33","7.9","11.1","7.76","9.1","8.050000000000001","5.6","5.79","9.34","9.08","17.75","23.24","28.61","26.29","25.48","27.32","34.56","31.53","18.62","20.37"
"price_to_sales","","","","","","","","","19.58","19.21","21.65","18.29","17.34","12.63","14.62","21.13","21.42","21.17","9.359999999999999","4.62","9.85","13.9","9.199999999999999","12.48","12.28","10.65","8.74","6.78","9.210000000000001","8.58","7.8","7.23","6.88","5.16","4.93","5.34","5.99","5.33","4.47","3.62","4.27","2.59","2.68","2.15","1.6","1.78","3.08","3.73","7.83","14.43","21.48","17.9","15.98","16.62","20.28","17.95","10.44","11.19"
"price_to_tangible_book","","","","","","","","","-7.16","8.65","12.2","15.81","8.69","8.640000000000001","14.25","25.45","52.97","-111.1","35.03","28.25","21.18","43.07","27.76","28.78","31.86","32.21","30.66","28.88","47.62","24.73","29.46","31.7","12.47","11.4","6.24","7.97","9.800000000000001","9.949999999999999","10.09","8.5","11.93","8.26","9.630000000000001","8.539999999999999","6","6.24","10","9.550000000000001","18.58","23.95","29.25","26.85","25.96","27.78","36.55","33.14","18.95","20.69"
"price_to_fcf","","","","","","","","","-17.92","-12.53","-10.83","-10.04","-9.74","-7.31","-9.56","-10.69","-8","-6.38","-7.69","-11.52","-39.25","-165.44","31926.11","-292.46","-157.46","-57.67","-27.21","-15.88","-18.04","-14.96","-14.61","-14.87","-19.07","-34.9","-22.07","-23.55","-19.13","-11.76","-12.69","-10.21","-15.09","-30.32","-259.92","-1246.72","29.35","49.38","77.84999999999999","97.23","251.8","221.96","249.89","164.38","162.18","191.44","219.08","161.21","101.06","93.98999999999999"
"market_cap","","","","","","","","","2219.26096","1902.368","2526.94325","2651.642","3028.95682","2541.16158","2985.3768","3916.85801","3295.5671","3097.02368","3868.42818","4363.46292","13036.04608","23699.97459","18517.14444","25856.89717","29908.59528","30424.44771","27953.49137","23853.98655","34096.02484","32515.8912","31544.05138","30756.55266","31420.69496","30568.86276","34524.04132","45686.02038","60338.61565","57310.485","52555.89372","45175.5675","58477.60962","45427.84917","57443.03048","48605.77611","40024.81269","43356.6","75744.57177","96939.075","201188.54773","406637.61068","677442.24","643215.627","668825.784","778580.916","1091653.74","1116393.6","701029.179","837659.5"
"period_end_price","","","","","","","","","1.59","1.36","1.78","1.85","1.94","1.63","1.9","2.48","2.09","1.95","2.26","2.53","7.16","12.89","10.03","13.9","16","16.18","14.83","12.59","17.88","16.56","16","15.32","14.15","13.6","14.25","18.55","24.11","22.74","20.76","17.74","22.86","17.65","22.19","18.66","14.9","16.06","27.89","34.93","71.98999999999999","143","235.22","222.64","226.57","258.49","352.26","359.2","224.47","265.25"
