"period_end_date","2010-12","2011-12","2012-09","2012-12","2013-03","2013-06","2013-09","2013-12","2014-03","2014-06","2014-09","2014-12","2015-03","2015-06","2015-09","2015-12","2016-03","2016-06","2016-09","2016-12","2017-03","2017-06","2017-09","2017-12","2018-03","2018-06","2018-09","2018-12","2019-03","2019-06","2019-09","2019-12","2020-03","2020-06","2020-09","2020-12","2021-03","2021-06","2021-09","2021-12","2022-03","2022-06"
"revenue","","","82.327","112.247","114.343","139.292","168.58","242.675","250.492","312.166","361.266","479.078","435.939","502.383","569.237","710.473","594.521","601.958","615.934","717.206","548.251","573.855","589.633","731.5599999999999","664.871","710.5410000000001","758.111","908.836","786.89","841.381","823.717","1007.341","807.6369999999999","683.438","936.2329999999999","1289.041","1036.018","1190.427","1283.817","1567.22","1200.984","1176.66"
"cogs","","","33.693","36.918","41.255","50.573","62.239","112.651","85.503","100.027","124.166","136.613","143.475","167.623","200.195","217.963","198.405","202.966","225.159","305.71","220.339","212.908","210.016","217.979","222.823","230.185","243.644","268.345","264.011","277.965","281.057","314.008","284.037","288.039","361.388","432.924","381.008","416.932","484.479","515.091","507.45","540.676"
"gross_profit","","","48.634","75.32899999999999","73.08799999999999","88.71899999999999","106.341","130.024","164.989","212.139","237.1","342.465","292.464","334.76","369.042","492.51","396.116","398.992","390.775","411.496","327.912","360.947","379.617","513.581","442.048","480.356","514.467","640.491","522.879","563.4160000000001","542.66","693.333","523.6","395.399","574.845","856.117","655.01","773.495","799.338","1052.129","693.534","635.984"
"sga","","","37.616","43.765","49.421","63.372","82.366","244.852","144.969","184.955","215.189","258.903","249.334","266.857","266.342","349.631","299.438","306.857","291.815","352.995","239.462","256.135","236.223","269.487","243.777","262.158","271.835","292.409","282.975","328.488","319.962","342.209","330.655","453.523","309.861","356.253","352.119","443.384","451.933","512.87","449.672","524.8869999999999"
"rnd","","","32.319","40.34","47.574","64.26300000000001","87.307","394.848","149.391","177.095","183.342","181.715","189.746","198.907","207.937","210.058","155.794","178.511","177.049","202.128","128.728","143.171","136.115","133.996","123.346","138.574","150.764","141.174","146.246","159.242","178.553","198.24","200.388","215.806","208.877","247.94","250.709","299.859","324.252","371.884","371.695","454.859"
"special_charges","","","","","","","","","","","","","","","","","","","","","","","","","","","","","","","","","","","","","","","","","",""
"other_opex","","","","","","","","","","","","","","","","","","","","","","","","","","","","","","","","","","","","","","","","","",""
"total_opex","","","69.935","84.105","96.995","127.635","169.673","639.7","294.36","362.05","398.531","440.618","439.08","465.764","474.279","559.689","455.232","485.368","468.864","555.123","368.19","399.306","372.338","403.483","367.123","400.732","422.599","433.583","429.221","487.73","498.515","540.449","531.043","669.329","518.7380000000001","604.193","602.828","743.2430000000001","776.1849999999999","884.754","821.367","979.746"
"operating_income","","","-21.301","-8.776","-23.907","-38.916","-63.332","-509.676","-129.371","-149.911","-161.431","-98.15300000000001","-146.616","-131.004","-105.237","-67.179","-59.116","-86.376","-78.089","-143.627","-40.278","-38.359","7.279","110.098","74.925","79.624","91.86799999999999","206.908","93.658","75.68600000000001","44.145","152.884","-7.443","-273.93","56.107","251.924","52.182","30.252","23.153","167.375","-127.833","-343.762"
"net_interest_income_normal","","","-0.766","-0.83","-1.233","-1.513","-1.727","-3.103","-3.102","-2.654","-6.079","-24.083","-24.319","-24.437","-25.239","-24.183","-24.893","-24.934","-24.86","-1.004","-16.889","-15.91","-14.704","-13.351","-10.834","-8.022","-2.269","-0.26","3.281","4.57","4.122","7.55","-0.373","-14.815","-22.447","-27.065","-2.184","-4.691","-5.159","-3.469","-7.482","-9.747"
"other_nonoperating_income","","","0.9379999999999999","-0.527","-1.529","-1.019","0.8179999999999999","-2.009","1.333","2.324","-7.795","0.571","9.125","-0.695","1.948","4.531","6.306","6.734","6.64","-17.615","-1.198","-58.806","-10.106","-3.194","-0.209","-5.735","-2.341","-0.111","-0.436","7.523","-0.504","-2.34","-7.719","-0.361","-3.977","-0.84","0.006","55.739","-745.076","20.759","963.968","17.605"
"pretax_income","","","-21.129","-10.133","-26.669","-41.448","-64.241","-514.788","-131.14","-150.241","-175.305","-121.665","-161.81","-156.136","-128.528","-86.831","-77.703","-104.576","-96.309","-162.246","-58.365","-113.075","-17.531","93.553","63.882","65.867","87.258","206.537","96.503","87.779","47.763","158.094","-15.535","-289.106","29.683","224.019","50.004","81.3","-727.082","184.665","828.653","-335.904"
"income_tax","","","-0.461","1.428","-0.357","-0.777","-0.36","3.317","-1.222","5.599","-0.159","-3.687","-0.632","19.473","-3.162","-3.405","-2.028","-2.641","-6.562","-4.808","-3.194","-3.413","-3.564","-2.474","-2.885","34.25","701.921","48.766","94.301","1031.781","-11.241","-39.321","7.139","-1088.899","-1.024","-1.903","18.001","-15.651","190.325","-2.971","-315.367","65.89700000000001"
"net_income_continuing","","","-21.59","-8.705","-27.026","-42.225","-64.601","-511.471","-132.362","-144.642","-175.464","-125.352","-162.442","-136.663","-131.69","-90.236","-79.73099999999999","-107.217","-102.871","-167.054","-61.559","-116.488","-21.095","91.07899999999999","60.997","100.117","789.179","255.303","190.804","1119.56","36.522","118.773","-8.396000000000001","-1378.005","28.659","222.116","68.005","65.649","-536.7569999999999","181.694","513.2859999999999","-270.007"
"net_income_discontinued","","","","","","","","","","","","","","","","","","","","","","","","","","","","","","","","","","","","","","","","","",""
"income_allocated_to_minority_interest","","","","","","","","","","","","","","","","","","","","","","","","","","","","","","","","","","","","","","","","","",""
"other_income_statement_items","","","","","","","","","","","","","","","","","","","","","","","","","","","","","","","","","","","","","","","","","",""
"net_income","","","-21.59","-8.705","-27.026","-42.225","-64.601","-511.471","-132.362","-144.642","-175.464","-125.352","-162.442","-136.663","-131.69","-90.236","-79.73099999999999","-107.217","-102.871","-167.054","-61.559","-116.488","-21.095","91.07899999999999","60.997","100.117","789.179","255.303","190.804","1119.56","36.522","118.773","-8.396000000000001","-1378.005","28.659","222.116","68.005","65.649","-536.7569999999999","181.694","513.2859999999999","-270.007"
"preferred_dividends","","","","","","","","","","","","","","","","","","","","","","","","","","","","","","","","","","","","","","","","","",""
"net_income_available_to_shareholders","","","-21.59","-8.705","-27.026","-42.225","-64.601","-511.471","-132.362","-144.642","-175.464","-125.352","-162.442","-136.663","-131.69","-90.236","-79.73099999999999","-107.217","-102.871","-167.054","-61.559","-116.488","-21.095","91.07899999999999","60.997","100.117","789.179","255.303","190.804","1119.56","36.522","118.773","-8.396000000000001","-1378.005","28.659","222.116","68.005","65.649","-536.7569999999999","181.694","513.2859999999999","-270.007"
"eps_basic","","","-0.05","-0.02","-0.06","-0.09","-0.12","-1.41","-0.23","-0.24","-0.29","-0.2","-0.25","-0.21","-0.2","-0.13","-0.12","-0.15","-0.15","-0.23","-0.09","-0.16","-0.03","0.12","0.08","0.13","1.04","0.34","0.25","1.46","0.05","0.15","-0.01","-1.75","0.04","0.28","0.09","0.08","-0.67","0.23","0.66","-0.35"
"eps_diluted","","","-0.05","-0.02","-0.06","-0.09","-0.12","-1.41","-0.23","-0.24","-0.29","-0.2","-0.25","-0.21","-0.2","-0.13","-0.12","-0.15","-0.15","-0.23","-0.09","-0.16","-0.03","0.12","0.08","0.13","1.02","0.33","0.25","1.43","0.05","0.15","-0.01","-1.75","0.04","0.27","0.08","0.08","-0.67","0.21","0.61","-0.35"
"shares_basic","449.9","102.544","471.052","471.052","471.052","471.052","544.697","569.922","570.205","595.607","614.395","629.794","640.4640000000001","655.721","670.604","682.533","691.564","698.326","704.359","714.228","722.048","730.069","736.515","741.9299999999999","747.697","752.351","756.537","760.605","764.55","768.755","772.789","776.759","780.688","785.909","790.827","794.08","795.633","796.472","797.985","799.967","778.937","766.837"
"shares_diluted","449.9","102.544","471.052","471.052","471.052","471.052","544.697","569.922","570.205","595.607","614.395","629.794","640.4640000000001","655.721","670.604","682.533","691.564","698.326","704.359","714.228","722.048","730.069","736.515","741.9299999999999","765.861","772.556","776.002","776.211","777.689","785.056","790.523","788.795","780.688","785.909","806.383","794.08","872.187","869.1799999999999","797.985","799.967","838.59","766.837"
"cash_and_equiv","","218.996","","203.328","","164.509","155.704","841.01","960.755","844.976","2252.795","1510.724","1607.405","883.307","876.432","911.471","1027.661","947.71","1011.957","988.598","1191.566","1288.323","1586.558","1638.413","1601.028","2544.641","1928.929","1894.444","2247.661","2183.111","1869.444","1799.082","3463.349","3112.454","2201.073","1988.429","4248.702","4125.595","3473.865","2186.549","2283.308","2680.596"
"st_investments","","330.543","","221.528","","210.549","165.371","1393.044","1215.84","1252.055","1394.887","2111.154","1949.803","2677.263","2612.762","2583.877","2548.749","2640.448","2652.226","2785.981","2752.111","2791.589","2671.538","2764.689","2927.803","3116.474","4027.614","4314.957","4212.231","4503.427","3946.94","4839.97","4207.315","4653.56","5479.974","5483.873","4557.585","4481.468","3937.447","4207.133","3978.645","3440.147"
"receivables","","39.834","","112.155","","123.709","147.542","247.328","237.86","287.082","324.731","418.454","415.479","475.204","536.788","638.694","576.8","556.7809999999999","590.1079999999999","650.65","501.153","524.064","509.854","664.268","611.84","614.944","621.943","788.7","684.22","719.904","684.186","850.184","656.377","600.777","747.548","1041.743","850.075","954.265","1014.208","1217.404","948.1420000000001","972.591"
"inventories","","","","","","","","","","","","","","","","","","","","","","","","","","","","","","","","","","","","","","","","","",""
"other_current_assets","","6.6949999999999","","17.455","","23.953","29.548","93.297","90.925","79.773","201.472","215.521","221.404","234.653","237.577","247.75","235.699","237.1","224.122","226.967","250.502","236.126","234.472","254.514","268.564","264.445","141.274","112.935","111.673","106.341","123.881","130.839","140.538","128.496","160.984","123.063","207.38","166.813","223.714","307.284","265.973","180.247"
"total_current_assets","","596.068","","554.466","","522.72","498.165","2574.679","2505.38","2463.886","4173.885","4255.853","4194.091","4270.427","4263.559","4381.792","4388.909","4382.039","4478.413","4652.196","4695.332","4840.102","5002.422","5321.884","5409.235","6540.504","6719.76","7111.036","7255.785","7512.783","6624.451","7620.075","8467.579","8495.287","8589.579","8637.108","9863.742","9728.141","8649.234","7918.37","7476.068","7273.581"
"equity_and_other_investments","","","","","","","","","","","","","","","","","","","","","","","","","","","","","","","","","","","","","","","","","",""
"ppe_gross","","84.539","","258.811","","357.031","423.517","499.727","583.265","704.941","788.34","888.27","987.1079999999999","1096.53","1209.832","1314.009","1395.854","1479.676","1599.906","1641.828","1713.034","1780.886","1834.222","1928.088","2027.349","2187.421","2232.514","2165.252","2977.292","3131.681","3141.656","3279.526","3361.941","3496.536","4027.615","4284.67","4556.365","5061.67","5281.24","5479.083","5737.138","3547.755"
"accumulated_depreciation","","-22.556","","-73.23699999999999","","-114.478","-139.493","-167.065","-199.993","-237.307","-284.382","-331.251","-387.357","-445.513","-510.33","-578.71","-649.141","-720.8390000000001","-796.601","-857.927","-930.6130000000001","-999.614","-1080.905","-1154.373","-1225.437","-1272.626","-1328.487","-1280.174","-1356.887","-1454.313","-1483.967","-1550.65","-1614.043","-1713.733","-1806.682","-1860.737","-1935.255","-2023.863","-2111.831","-2201.799","-2314.122",""
"ppe_net","","61.983","","185.574","","242.553","284.024","332.662","383.272","467.634","503.958","557.019","599.751","651.0170000000001","699.502","735.299","746.713","758.837","803.3049999999999","783.901","782.421","781.272","753.317","773.715","801.912","914.795","904.027","885.078","1620.405","1677.368","1657.689","1728.876","1747.898","1782.803","2220.933","2423.933","2621.11","3037.807","3169.409","3277.284","3423.016","3547.755"
"intangible_assets","","6.419","","3.756","","14.434","12.097","77.624","71.44799999999999","105.498","115.344","105.011","99.316","156.355","147.287","141.013","128.277","127.773","111.984","95.32899999999999","79.38800000000001","65.29000000000001","54.56","49.649","44.796","49.193","44.809","45.024","40.243","50.725","46.917","55.105","64.568","64.342","58.92","58.334","62.719","57.513","46.698","69.324","59.727","52.641"
"goodwill","","36.76","","68.81","","163.72","171.03","363.48","363.48","514.6","622.64","622.5700000000001","702.7","1102.19","1123.12","1122.73","1122.53","1186.3","1184.4","1185.32","1183.69","1186.19","1187.88","1188.94","1190.93","1228.99","1227.94","1227.27","1228.64","1246.88","1243.47","1256.7","1269.63","1284.33","1289.15","1312.35","1316.46","1325.2","1293.83","1301.52","1298.46","1303.44"
"other_lt_assets","","19.445","","18.962","","20.632","27.487","17.795","32.629","33.199","32.827","42.629000000001","47.559","50.345","55.596","61.605","89.739","161.865","164.844","153.619","151.911","90.24400000000099","77.61000000000099","78.289","92.567999999999","127.748","849.6559999999999","894.164","1000.158","2033.851","2028.398","2042.633","1991.05","920.825","930.21","947.365","1120.044","1174.564","1430.174","1493.018","1293.686","1401.87"
"total_assets","","720.675","","831.568","","964.059","992.803","3366.24","3356.209","3584.817","5448.654","5583.082","5643.417","6230.334","6289.064","6442.439","6476.168","6616.814","6742.946","6870.365","6892.742","6963.098","7075.789","7412.477","7539.441","8861.23","9746.191999999999","10162.572","11145.231","12521.607","11600.925","12703.389","13540.725","12547.587","13088.792","13379.09","14984.075","15323.225","14589.345","14059.516","13550.957","13579.287"
"accounts_payable","","4.543","","8.432","","10.421","9.407999999999999","27.994","19.714","23.084","30.619","53.241","48.384","51.614","40.1","134.081","90.35299999999999","91.41500000000001","104.296","122.236","86.176","107.398","103.112","170.969","137.968","161.3","116.685","145.186","172.169","206.282","150.785","161.148","183.921","162.16","241.102","194.281","219.899","325.446","207.912","203.171","189.524","153.092"
"tax_payable","","5.266","","5.711","","7.352","8.487","9.515000000000001","10.073","11.845","17.341","18.38","","","22.536","25.88","25.537","24.757","26.978","34.253","29.435","30.945","35.012","36.097","29.988","33","36.486","39.729","40.242","37.067","35.659","45.967","14.372","17.881","31.71","40.384","28.444","37.588","41.875","47.83","54.294","47.747"
"current_accrued_liabilities","","11.932","","34.859","","49.2","61.464","56.434","74.977","125.48","179.138","123.174","159.446","180.551","153.655","143.332","127.23","151.948","149.987","230.671","196.809","179.569","145.054","164.859","152.412","157.868","158.466","171.243","163.67","195.563","169.102","195.474","184.738","339.283","377.661","392.491","404.121","438.082","1263.979","466.866","359.029","310.956"
"st_debt","","","","","","","","","","","","","","","","","","","","","","","","","","","884.4349999999999","897.328","910.2569999999999","923.648","","","","","905.532","917.866","953.046","953.5650000000001","","","",""
"current_deferred_revenue","","","","3.574","","","","14.479","15.405","21.443","21.881","18.679","","22.274","28.813","23.674","18.878","25.302","32.288","33.659","21.877","22.7","23.094","27.824","29.073","67.46299999999999","50.739","38.949","35.497","72.946","69.44199999999999","68.98699999999999","44.734","70.515","57.18","58.976","72.392","104.532","92.82599999999999","78.541","64.404","130.524"
"current_deferred_tax_liability","","","","","","","","","","","","","","","","","","","","","","","","","","","","","","","","","","","","","","","","","",""
"other_current_liabilities","","3.309","","8.467000000000001","","11.389","16.031","29.882","50.829","88.779","82.97","68","80.517","71.79600000000001","89.053","90.90600000000001","79.075","75.181","74.887","82.354","74.446","73.833","92.992","98.553","92.642","92.73","134.876","155.83","118.686","122.72","171.473","190.465","126.412","106.302","157.334","171.681","179.74","194.9","290.088","325.113","261.051","186.962"
"total_current_liabilities","","47.744","","109.879","","139.9","166.168","225.43","261.251","370.375","442.476","393.794","394.295","424.841","427.778","506.039","422.765","449.638","470.598","584.021","488.992","494.578","481.202","583.278","528.654","594.419","1457.646","1516.311","1621.679","1733.738","762.627","832.476","710.02","841.107","1935.103","1952.826","2036.693","2257.919","2114.981","1343.867","1136.707","1017.263"
"lt_debt","","","","","","","","","","","1293.604","1376.02","1395.113","1414.896","1434.968","1455.095","1475.513","1496.44","1517.673","1538.967","1560.33","1582.468","1604.932","1627.46","1650.064","2560.943","1710.065","1730.922","1751.695","1773.092","1794.885","2508.8","3398.278","3427.356","2551.427","2568.872","4246.025","4248.338","4250.678","4253.019","5244.181","5246.849"
"noncurrent_capital_leases","","21.104","","65.732","","80.131","89.7","110.52","102.534","101.929","121.621","118.95","99.693","83.381","73.52500000000001","59.695","45.478","43.253","54.389","66.837","77.78","83.41","85.622","81.30800000000001","71.97","53.184","37.371","24.394","643.139","621.789","584.062","609.245","582.872","560.461","727.011","819.748","899.7569999999999","1026.006","980.764","1071.209","1173.879","1282.393"
"pension_liabilities","","","","","","","","","","","","","","","","","","","","","","","","","","","","","","","","","","","","","","","","","",""
"noncurrent_deferred_revenue","","","","12.156","","","","59.5","29.574","31.929","29.42","24.706","26.077","31.768","32.958","2.978","3.847","7.769","8.191000000000001","7.556","8.353","9.247","11.858","13.24","15.535","17.077","20.732","17.849","20.263","23.393","20.329","24.17","25.366","26.579","28.845","31.463","32.033","40.791","40.009","40.691","41.227","41.19"
"other_lt_liabilities","","853.665","","891.973","","27.132","31.89","20.784","26.004","33.991","36.495","43.209","41.142","44.264","45.672","50.585","51.079","62.861","62.763","68.04900000000001","66.911","64.499","62.769","59.973","62.782000000001","64.703","67.806","67.502","19.636","24.781","23.38","24.312","28.562","34.029","34.317999999998","36.099","32.917","34.043","30.282","43.531","50.047","59.111"
"total_liabilities","","922.513","","1079.74","","247.163","287.758","416.234","419.363","538.224","1923.616","1956.679","1956.32","1999.15","2014.901","2074.392","1998.682","2059.961","2113.614","2265.43","2202.366","2234.202","2246.383","2365.259","2329.005","3290.326","3293.62","3356.978","4056.412","4176.793","3185.283","3999.003","4745.098","4889.532","5276.704","5409.008","7247.425","7607.097","7416.714","6752.317","7646.041","7646.806"
"common_stock","","","","","","","","","","","","","","","","","","","","","","","","","","","","","","","","","","","","","","","","","",""
"preferred_stock","","","","","","","","","","","","","","","","","","","","","","","","","","","","","","","","","","","","","","","","","",""
"retained_earnings","","-269.904","","-349.303","","-748.186","-868.37","-994.626","-1126.988","-1271.63","-1447.094","-1572.446","-1734.888","-1871.551","-2003.241","-2093.477","-2173.208","-2280.425","-2383.296","-2550.35","-2625.225","-2741.713","-2762.808","-2671.729","-2598.672","-2498.555","-1709.376","-1454.073","-1263.269","-143.709","-107.187","11.586","1.561","-1376.444","-1347.785","-1125.669","-712.888","-647.239","-1183.996","-1002.302","-616.86","-963.6660000000001"
"aoci","","-0.032","","-0.657","","-0.653","-0.343","-0.323","-0.296","0.199","-1.22","-10.024","-42.956","-32.834","-34.296","-45.566","-30.49","-44.503","-46.309","-69.253","-61.359","-46.828","-36.756","-31.579","-22.325","-56.434","-63.093","-65.31100000000001","-56.665","-46.944","-115.909","-70.53400000000001","-157.997","-93","-90.087","-66.09399999999999","-96.932","-89.056","-106.794","-117.32","-155.522","-200.456"
"apic","","68.09699999999999","","101.787","","1465.733","1573.756","3944.952","4064.127","4318.021","4973.349","5208.87","5464.938","6135.566","6311.697","6507.087","6681.181","6881.778","7058.933","7224.534","7376.956","7517.433","7628.966","7750.522","7831.429","8125.889","8225.037","8324.974","8408.749","8535.463","8638.734","8763.33","8952.058999999999","9127.495000000001","9249.956","9167.138000000001","8551.763000000001","8457.717000000001","8468.708000000001","8432.111999999999","6677.294","7096.599"
"treasury_stock","","","","","","","","","","","","","","","","","","","","","","","","","","","","","","","","","","","","-5.297","-5.297","-5.298","-5.291","-5.295","",""
"other_equity","","0.0010000000000048","","0.0009999999999763499","","0.0020000000000664","0.001999999999839","0.0029999999997017","0.0030000000001564","0.0030000000001564","0.0030000000001564","0.0029999999997017","0.0030000000001564","0.0030000000006112","0.0029999999997017","0.0029999999987922","0.0029999999997017","0.0029999999997017","0.0040000000008149","0.0040000000008149","0.0039999999999054","0.0039999999999054","0.0039999999999054","0.0039999999999054","0.003999999998995901","0.0040000000008149","0.0039999999999054","0.0039999999999054","0.0040000000008149","0.0040000000008149","0.003999999998995901","0.0040000000008149","0.0040000000008149","0.003999999998995901","0.0039999999999054","0.003999999998995901","0.0039999999980864","0.003999999998995901","0.0039999999999054","0.0040000000008149","0.0039999999999054","0.0039999999999054"
"minority_interest_liability","","","","","","","","","","","","","","","","","","","","","","","","","","","","","","","","","","","","","","","","","",""
"total_equity","","-201.838","","-248.172","","716.896","705.045","2950.006","2936.846","3046.593","3525.038","3626.403","3687.097","4231.184","4274.163","4368.047","4477.486","4556.853","4629.332","4604.935","4690.376","4728.896","4829.406","5047.218","5210.436","5570.904","6452.572","6805.594","7088.819","8344.814","8415.642","8704.386","8795.627","7658.055","7812.088","7970.082","7736.65","7716.128","7172.631","7307.199","5904.916","5932.481"
"total_liabilities_and_equity","","720.675","","831.568","","964.059","992.803","3366.24","3356.209","3584.817","5448.654","5583.082","5643.417","6230.334","6289.064","6442.439","6476.168","6616.814","6742.946","6870.365","6892.742","6963.098","7075.789","7412.477","7539.441","8861.23","9746.191999999999","10162.572","11145.231","12521.607","11600.925","12703.389","13540.725","12547.587","13088.792","13379.09","14984.075","15323.225","14589.345","14059.516","13550.957","13579.287"
"cfo_net_income","","","","","-27.026","-42.225","-64.601","-511.471","-132.362","-144.642","-175.464","-125.352","-162.442","-136.663","-131.69","-90.236","-79.73099999999999","-107.217","-102.871","-167.054","-61.559","-116.488","-21.095","91.07899999999999","60.997","100.117","789.179","255.303","190.804","1119.56","36.522","118.773","-8.396000000000001","-1378.005","28.659","222.116","68.005","65.649","-536.7569999999999","181.694","513.2859999999999","-270.007"
"cfo_da","","","","","22.73","25.917","29.023","33.224","39.951","45.631","60.155","62.428","67.864","76.04900000000001","81.464","87.446","88.621","93.283","100.878","119.39","102.792","103.063","97.492","92.52","96.846","105.982","111.947","110.723","113.474","115.616","119.986","116.473","120.649","123.837","121.983","128.708","131.052","134.812","133.448","145.536","160.283","173.288"
"cfo_receivables","","","","","-0.972","-10.377","-22.913","-77.798","8.861000000000001","-46.074","-40.62","-99.75","-4.159","-39.785","-61.542","-111.099","65.756","20.457","-35.022","-74.16","153.348","-20.322","22.572","-152.93","61.166","-14.198","-11.579","-166.26","103.633","-36.396","26.695","-160.932","168.932","65.349","-136.469","-285.851","189.297","-100.328","-69.139","-209.776","190.737","37.842"
"cfo_inventory","","","","","","","","","","","","","","","","","","","","","","","","","","","","","","","","","","","","","","","","","",""
"cfo_prepaid_expenses","","","","","-3.724","-1.577","2.891","-9.635","-30.415","13.186","-123.481","-24.685","-2.64","-5.221","-4.823","-37.486","-12.819","-4.166","19.316","4.77","-24","22.344","6.009","-18.327","-22.892","2.59","123.536","23.236","-9.284000000000001","6.737","-18.669","-8.385999999999999","-6.252","9.209","-27.722","31.163","-80.989","36.469","-33.874","-43.107","-48.836","67.864"
"cfo_other_working_capital","","","","","-3.32","11.317","6.997","47.755","27.236","63.863","12.913","36.991","-0.324","24.047","27.218","79.901","-74.88200000000001","24.581","25.915","122.85","-94.923","8.484999999999999","4.544","60.961","-47.114","65.89700000000001","17.192","57.748","-55.319","61.692","31.738","77.191","-154.194","131.665","94.905","84.67","-7.515","119.677","953.582","-749.264","-92.158","-174.683"
"cfo_change_in_working_capital","","","","","-8.016","-0.637","-13.025","-39.678","5.682","30.975","-151.188","-87.444","-7.123","-20.959","-39.147","-68.684","-21.945","40.872","10.209","53.46","34.425","10.507","33.125","-110.296","-8.84","54.289","129.149","-85.276","39.03","32.033","39.764","-92.127","8.486000000000001","206.223","-69.286","-170.018","100.793","55.818","850.569","-1002.147","49.743","-68.977"
"cfo_deferred_tax","","","","","-0.436","-0.07199999999999999","0.016","-8.41","0.01","-7.747","-2","0.128","-1.942","-22.364","0.08599999999999999","-3.905","0.08599999999999999","-0.041","0.013","-4.833","-0.24","-0.528","-0.575","-5.072","-0.67","-41.615","-706.081","-53.354","-110.056","-1034.135","5.898","15.782","-7.024","1082.361","-6.345","-4.596","-23.873","0.856","-199.772","-5.985","190.707","-59.559"
"cfo_stock_comp","","","","","12.92","22.65","43.6","521.2","126.37","158.41","169.6","177.22","182.81","175.14","165.92","158.25","150.92","167.7","158.53","138.1","117","113.4","100.96","102.45","73.27","79.47","91.61","81.89","83.48999999999999","94.62","98.62","101.3","97.90000000000001","132.88","115.97","128.18","110.87","178.2","164.3","176.53","177.26","282.19"
"cfo_other_noncash_items","","","","","2.443","1.411","-0.40599999999999","2.2669999999999","3.032","-0.9299999999999899","12.995","16.338","13.014","18.776","25.035","16.367","24.813","19.959","22.433","57.48","11.03","79.753","30.04","27.426","21.07","22.897","28.095","22.713","34.951","11.279","34.729","16.978","35.152","33.72","23.806","25.91","3.337","-53.368","-22.808","-24.07","-965.188","-27.239"
"cf_cfo","","","","","2.615","7.044","-5.393","-2.868","42.683","81.697","-85.902","43.318","92.181","89.979","101.668","99.238","162.764","214.556","189.192","196.543","203.448","189.707","239.947","198.107","242.673","321.14","443.899","331.999","351.693","338.973","335.519","277.179","246.767","201.016","214.787","330.3","390.184","381.967","388.98","-528.442","126.091","29.696"
"cfi_ppe_net","","","","","-11.622","-15.139","-19.867","-29.116","-49.62","-44.457","-38.762","-68.791","-67.735","-92.605","-106.476","-80.464","-59.148","-39.087","-72.31699999999999","-48.105","-39.881","-44.626","-36.076","-40.159","-91.328","-193.757","-116.701","-69.078","-81.06999999999999","-134.694","-169.019","-149.747","-121.044","-162.134","-288.836","-292.17","-179.346","-276.193","-409.151","-138.394","-160.692","-153.646"
"cfi_acquisitions_net","","","","","0.178","","","","","-132.496","-30.981","","-28.927","2.627","-25.344","","","","","","","","","","","","","","","-20.302","","","-14.78","-19.505","","-13.731","-8.378","-14.559","","-9.765000000000001","","-9.379"
"cfi_investment_net","","","","","-64.577","73.598","44.337","-1228.761","174.721","-36.071","-67.015","-791.058","161.243","-724.842","52.167","22.602","30.806","-165.089","-17.672","-136.373","32.284","-39.825","120.022","-95.947","-166.314","-186.445","-911.17","-282.148","110.516","-270.2","493.026","-887.403","613.018","-397.318","-831.24","-21.775","877.167","80.271","502.227","-321.191","175.593","500.329"
"cfi_intangibles_net","","","","","","","","","","","","","","","","","","","","","","","","","","","","","","","","","","","","","","","","","",""
"cfi_other","","","","","-1.125","-3.787","-10.879","-39.306","-12.138","0.42200000000003","0.68699999999998","-1.7130000000001","-5.361999999999901","0.06499999999994099","0.5269999999999599","-9.897","-0.076000000000036","-80.73699999999999","-7.1160000000001","1.666","24.994","0.7650000000000401","1.097","0.82599999999999","-1.3500000000001","-33.329","1.1070000000002","-4.999999999999901","1.4566126083082E-13","11.368","-9.087","-9.361999999999899","-11.05","","","-1.7053025658242E-13","-9.085000000000001","0.69999999999993","-1.4210854715202E-13","-41.68","1050",""
"cf_cfi","","","","","-77.146","54.672","13.591","-1297.183","112.963","-212.602","-136.071","-861.562","59.219","-814.755","-79.126","-67.759","-28.418","-284.913","-97.105","-182.812","17.397","-83.68600000000001","85.04300000000001","-135.28","-258.992","-413.531","-1026.764","-356.226","29.446","-413.828","314.92","-1046.512","466.144","-578.957","-1120.076","-327.676","680.3579999999999","-209.781","93.07599999999999","-511.03","1064.901","337.304"
"cff_common_stock_net","","","","","","","","","","","","","","","","","","","","","","","","","","","","","","","","","","","","","-161.552","-333.812","-169.457","-265.709","-2077.759",""
"cff_pfd_net","","","","","","","","","","","","","","","","","","","","","","","","","","","","","","","","","","","","","","","","","",""
"cff_debt_net","","","-11.397","-12.844","-14.658","-16.41","-18.174","-21.203","-21.521","-21.365","1740.335","59.606","-33.546","-29.388","-28.431","-26.17","-24.917","-23.823","-25.157","-26.661","-27.084","-28.066","-25.535","-22.09","-24.247","1126.965","-22.222","-20.847","-19.719","-18.214","-950.694","686.95","990.034","-6.49","-4.117","-2.489","1436.935","","-954","","1000",""
"cff_dividend_paid","","","","","","","","","","","","","","","","","","","","","","","","","","","","","","","","","","","","","","","","","",""
"cff_other","","","11.397","12.844","4.739","0.959","0.114","2006.809","-14.952","34.753","-104.7","19.566","-2.425","24.507","1.073","31.382","0.838","14.219","-2.694","4.22","3.432","12.895","-1.485","9.56","-4.789","-78.057","-8.419","9.731999999999999","-9.382","22.162","-3.513","6.2349999999999","-26.05","31.588","-3.695","-223.471","-77.705","34.631","-6.1640000000002","24.01","-15.394","40.707"
"cf_cff","","","","","-9.919","-15.451","-18.06","1985.606","-36.473","13.388","1635.635","79.172","-35.971","-4.881","-27.358","5.212","-24.079","-9.603999999999999","-27.851","-22.441","-23.652","-15.171","-27.02","-12.53","-29.036","1048.908","-30.641","-11.115","-29.101","3.948","-954.207","693.1849999999999","963.984","25.098","-7.812","-225.96","1197.678","-299.181","-1129.621","-241.699","-1093.153","40.707"
"ebitda","","","-21.301","-8.776","-1.177","-12.999","-34.309","-476.452","-89.42","-104.28","-101.276","-35.725","-78.752","-54.955","-23.773","20.267","29.505","6.907","22.789","-24.237","62.514","64.70399999999999","104.771","202.618","171.771","185.606","203.815","317.631","207.132","191.302","164.131","269.357","113.206","-150.093","178.09","380.632","183.234","165.064","156.601","312.911","32.45","-170.474"
"capex","","","","","-11.622","-15.139","-19.867","-29.116","-49.62","-44.457","-38.762","-68.791","-67.735","-92.605","-106.476","-80.464","-59.148","-39.087","-72.31699999999999","-48.105","-39.881","-44.626","-36.076","-40.159","-91.328","-193.757","-116.701","-69.078","-81.06999999999999","-134.694","-169.019","-149.747","-121.044","-162.134","-288.836","-292.17","-179.346","-276.193","-409.151","-138.394","-160.692","-153.646"
"fcf","","","","","-9.007","-8.095000000000001","-25.26","-31.984","-6.937","37.24","-124.664","-25.473","24.446","-2.626","-4.808","18.774","103.616","175.469","116.875","148.438","163.567","145.081","203.871","157.948","151.345","127.383","327.198","262.921","270.623","204.279","166.5","127.432","125.723","38.882","-74.04900000000001","38.13","210.838","105.774","-20.171","-666.836","-34.601","-123.95"
"book_value","","-201.838","","-248.172","","716.896","705.045","2950.006","2936.846","3046.593","3525.038","3626.403","3687.097","4231.184","4274.163","4368.047","4477.486","4556.853","4629.332","4604.935","4690.376","4728.896","4829.406","5047.218","5210.436","5570.904","6452.572","6805.594","7088.819","8344.814","8415.642","8704.386","8795.627","7658.055","7812.088","7970.082","7736.65","7716.128","7172.631","7307.199","5904.916","5932.481"
"tangible_book_value","","-245.017","","-320.738","","538.742","521.918","2508.902","2501.918","2426.495","2787.054","2898.822","2885.081","2972.639","3003.756","3104.304","3226.679","3242.78","3332.948","3324.286","3427.298","3477.416","3586.966","3808.629","3974.71","4292.721","5179.823","5533.3","5819.936","7047.209","7125.255","7392.581","7461.429","6309.383","6464.018","6599.398","6357.471","6333.415","5832.103","5936.355","4546.729","4576.4"
"roa","","","-0.24","-0.08","-0.14","-0.21","-0.15","-0.3","-0.22","-0.25","-0.21","-0.1","-0.11","-0.1","-0.09","-0.08","-0.07000000000000001","-0.06","-0.06","-0.07000000000000001","-0.06","-0.06","-0.05","-0.01","","0.03","0.11","0.12","0.13","0.2","0.13","0.12","0.1","-0.09","-0.1","-0.09","-0.07000000000000001","0.03","-0.01","-0.02","0.02","-0.01"
"roe","","","0.86","0.28","0.46","-0.28","-0.2","-0.35","-0.26","-0.29","-0.29","-0.16","-0.17","-0.15","-0.13","-0.12","-0.1","-0.09","-0.08","-0.1","-0.09","-0.1","-0.08","-0.02","","0.04","0.17","0.18","0.19","0.31","0.19","0.17","0.14","-0.15","-0.16","-0.14","-0.13","0.05","-0.02","-0.03","0.03","-0.02"
"roic","","","0.96","0.38","0.63","-0.25","-0.18","-0.33","-0.25","-0.28","-0.24","-0.11","-0.12","-0.11","-0.1","-0.09","-0.07000000000000001","-0.07000000000000001","-0.06","-0.07000000000000001","-0.07000000000000001","-0.07000000000000001","-0.06","-0.02","","0.03","0.12","0.13","0.13","0.21","0.14","0.13","0.1","-0.1","-0.1","-0.09","-0.08","0.03","-0.01","-0.02","0.02","-0.01"
"roce","","","-0.25","-0.1","-0.15","-0.23","-0.16","-0.32","-0.24","-0.27","-0.23","-0.11","-0.11","-0.1","-0.08","-0.08","-0.06","-0.05","-0.05","-0.06","-0.05","-0.05","-0.03","0.01","0.02","0.04","0.04","0.05","0.05","0.04","0.04","0.03","0.02","-0.01","-0.01","","0.01","0.03","0.03","0.02","0.01","-0.02"
"rotce","","","-0.27","-0.11","-0.17","-0.29","-0.21","-0.38","-0.28","-0.32","-0.28","-0.12","-0.12","-0.12","-0.11","-0.1","-0.08","-0.07000000000000001","-0.06","-0.07000000000000001","-0.07000000000000001","-0.06","-0.04","0.01","0.03","0.04","0.05","0.06","0.05","0.05","0.04","0.04","0.02","-0.01","-0.01","","0.01","0.03","0.03","0.02","0.01","-0.03"
"gross_margin","","","0.59","0.67","0.64","0.64","0.63","0.54","0.66","0.68","0.66","0.71","0.67","0.67","0.65","0.6899999999999999","0.67","0.66","0.63","0.57","0.6","0.63","0.64","0.7","0.66","0.68","0.68","0.7","0.66","0.67","0.66","0.6899999999999999","0.65","0.58","0.61","0.66","0.63","0.65","0.62","0.67","0.58","0.54"
"ebitda_margin","","","-0.26","-0.08","-0.01","-0.09","-0.2","-1.96","-0.36","-0.33","-0.28","-0.07000000000000001","-0.18","-0.11","-0.04","0.03","0.05","0.01","0.04","-0.03","0.11","0.11","0.18","0.28","0.26","0.26","0.27","0.35","0.26","0.23","0.2","0.27","0.14","-0.22","0.19","0.3","0.18","0.14","0.12","0.2","0.03","-0.14"
"operating_margin","","","-0.26","-0.08","-0.21","-0.28","-0.38","-2.1","-0.52","-0.48","-0.45","-0.2","-0.34","-0.26","-0.18","-0.09","-0.1","-0.14","-0.13","-0.2","-0.07000000000000001","-0.07000000000000001","0.01","0.15","0.11","0.11","0.12","0.23","0.12","0.09","0.05","0.15","-0.01","-0.4","0.06","0.2","0.05","0.03","0.02","0.11","-0.11","-0.29"
"pretax_margin","","","-0.26","-0.09","-0.23","-0.3","-0.38","-2.12","-0.52","-0.48","-0.49","-0.25","-0.37","-0.31","-0.23","-0.12","-0.13","-0.17","-0.16","-0.23","-0.11","-0.2","-0.03","0.13","0.1","0.09","0.12","0.23","0.12","0.1","0.06","0.16","-0.02","-0.42","0.03","0.17","0.05","0.07000000000000001","-0.57","0.12","0.6899999999999999","-0.29"
"net_income_margin","","","-0.26","-0.08","-0.24","-0.3","-0.38","-2.11","-0.53","-0.46","-0.49","-0.26","-0.37","-0.27","-0.23","-0.13","-0.13","-0.18","-0.17","-0.23","-0.11","-0.2","-0.04","0.12","0.09","0.14","1.04","0.28","0.24","1.33","0.04","0.12","-0.01","-2.02","0.03","0.17","0.07000000000000001","0.06","-0.42","0.12","0.43","-0.23"
"fcf_margin","","","","","-0.08","-0.06","-0.15","-0.13","-0.03","0.12","-0.35","-0.05","0.06","-0.01","-0.01","0.03","0.17","0.29","0.19","0.21","0.3","0.25","0.35","0.22","0.23","0.18","0.43","0.29","0.34","0.24","0.2","0.13","0.16","0.06","-0.08","0.03","0.2","0.09","-0.02","-0.43","-0.03","-0.11"
"assets_to_equity","","-3.57","","-3.35","","1.34","1.41","1.14","1.14","1.18","1.55","1.54","1.53","1.47","1.47","1.47","1.45","1.45","1.46","1.49","1.47","1.47","1.47","1.47","1.45","1.59","1.51","1.49","1.57","1.5","1.38","1.46","1.54","1.64","1.68","1.68","1.94","1.99","2.03","1.92","2.29","2.29"
"equity_to_assets","","-0.28","","-0.3","","0.74","0.71","0.88","0.88","0.85","0.65","0.65","0.65","0.68","0.68","0.68","0.6899999999999999","0.6899999999999999","0.6899999999999999","0.67","0.68","0.68","0.68","0.68","0.6899999999999999","0.63","0.66","0.67","0.64","0.67","0.73","0.6899999999999999","0.65","0.61","0.6","0.6","0.52","0.5","0.49","0.52","0.44","0.44"
"debt_to_equity","","-0.1","","-0.26","","0.11","0.13","0.04","0.03","0.03","0.4","0.41","0.41","0.35","0.35","0.35","0.34","0.34","0.34","0.35","0.35","0.35","0.35","0.34","0.33","0.47","0.41","0.39","0.47","0.4","0.28","0.36","0.45","0.52","0.54","0.54","0.79","0.8100000000000001","0.73","0.73","1.09","1.1"
"debt_to_assets","","0.03","","0.08","","0.08","0.09","0.03","0.03","0.03","0.26","0.27","0.26","0.24","0.24","0.24","0.23","0.23","0.23","0.23","0.24","0.24","0.24","0.23","0.23","0.3","0.27","0.26","0.3","0.27","0.21","0.25","0.29","0.32","0.32","0.32","0.41","0.41","0.36","0.38","0.47","0.48"
"revenue_per_share","","","0.17","0.24","0.24","0.3","0.31","0.43","0.44","0.52","0.59","0.76","0.68","0.77","0.85","1.04","0.86","0.86","0.87","1","0.76","0.79","0.8","0.99","0.87","0.92","0.98","1.17","1.01","1.07","1.04","1.28","1.03","0.87","1.16","1.62","1.19","1.37","1.61","1.96","1.43","1.53"
"ebitda_per_share","","","-0.05","-0.02","","-0.03","-0.06","-0.84","-0.16","-0.18","-0.16","-0.06","-0.12","-0.08","-0.04","0.03","0.04","0.01","0.03","-0.03","0.09","0.09","0.14","0.27","0.22","0.24","0.26","0.41","0.27","0.24","0.21","0.34","0.15","-0.19","0.22","0.48","0.21","0.19","0.2","0.39","0.04","-0.22"
"operating_income_per_share","","","-0.05","-0.02","-0.05","-0.08","-0.12","-0.89","-0.23","-0.25","-0.26","-0.16","-0.23","-0.2","-0.16","-0.1","-0.09","-0.12","-0.11","-0.2","-0.06","-0.05","0.01","0.15","0.1","0.1","0.12","0.27","0.12","0.1","0.06","0.19","-0.01","-0.35","0.07000000000000001","0.32","0.06","0.03","0.03","0.21","-0.15","-0.45"
"pretax_income_per_share","","","-0.04","-0.02","-0.06","-0.09","-0.12","-0.9","-0.23","-0.25","-0.29","-0.19","-0.25","-0.24","-0.19","-0.13","-0.11","-0.15","-0.14","-0.23","-0.08","-0.15","-0.02","0.13","0.08","0.09","0.11","0.27","0.12","0.11","0.06","0.2","-0.02","-0.37","0.04","0.28","0.06","0.09","-0.91","0.23","0.99","-0.44"
"fcf_per_share","","","","","-0.02","-0.02","-0.05","-0.06","-0.01","0.06","-0.2","-0.04","0.04","","-0.01","0.03","0.15","0.25","0.17","0.21","0.23","0.2","0.28","0.21","0.2","0.16","0.42","0.34","0.35","0.26","0.21","0.16","0.16","0.05","-0.09","0.05","0.24","0.12","-0.03","-0.83","-0.04","-0.16"
"book_value_per_share","","-1.97","","-0.53","","1.52","1.29","5.18","5.15","5.12","5.74","5.76","5.76","6.45","6.37","6.4","6.47","6.53","6.57","6.45","6.5","6.48","6.56","6.8","6.8","7.21","8.32","8.77","9.119999999999999","10.63","10.65","11.04","11.27","9.74","9.69","10.04","8.869999999999999","8.880000000000001","8.99","9.130000000000001","7.04","7.74"
"tangible_book_per_share","","-2.39","","-0.68","","1.14","0.96","4.4","4.39","4.07","4.54","4.6","4.5","4.53","4.48","4.55","4.67","4.64","4.73","4.65","4.75","4.76","4.87","5.13","5.19","5.56","6.68","7.13","7.48","8.98","9.01","9.369999999999999","9.56","8.029999999999999","8.02","8.31","7.29","7.29","7.31","7.42","5.42","5.97"
"payout_ratio","","","","","","","","","","","","","","","","","","","","","","","","","","","","","","","","","","","","","","","","","",""
"revenue_growth","","","","0.36","","","1.05","1.16","1.19","1.24","1.14","0.97","0.74","0.61","0.58","0.48","0.36","0.2","0.08","0.01","-0.08","-0.05","-0.04","0.02","0.21","0.24","0.29","0.24","0.18","0.18","0.09","0.11","0.03","-0.19","0.14","0.28","0.28","0.74","0.37","0.22","0.16","-0.01"
"gross_profit_growth","","","","0.55","","","1.19","0.73","1.26","1.39","1.23","1.63","0.77","0.58","0.5600000000000001","0.44","0.35","0.19","0.06","-0.16","-0.17","-0.1","-0.03","0.25","0.35","0.33","0.36","0.25","0.18","0.17","0.05","0.08","","-0.3","0.06","0.23","0.25","0.96","0.39","0.23","0.06","-0.18"
"ebitda_growth","","","","0.59","","","-0.61","-53.29","-74.97","-7.02","-1.95","0.93","0.12","0.47","0.77","1.57","1.37","1.13","1.96","-2.2","1.12","8.369999999999999","3.6","9.359999999999999","1.75","1.87","0.95","0.57","0.21","0.03","-0.19","-0.15","-0.45","-1.78","0.09","0.41","0.62","2.1","-0.12","-0.18","-0.82","-2.03"
"operating_income_growth","","","","0.59","","","-1.97","-57.08","-4.41","-2.85","-1.55","0.8100000000000001","-0.13","0.13","0.35","0.32","0.6","0.34","0.26","-1.14","0.32","0.5600000000000001","1.09","1.77","2.86","3.08","11.62","0.88","0.25","-0.05","-0.52","-0.26","-1.08","-4.62","0.27","0.65","8.01","1.11","-0.59","-0.34","-3.45","-12.36"
"pretax_income_growth","","","","0.52","","","-2.04","-49.8","-3.92","-2.62","-1.73","0.76","-0.23","-0.04","0.27","0.29","0.52","0.33","0.25","-0.87","0.25","-0.08","0.82","1.58","2.09","1.58","5.98","1.21","0.51","0.33","-0.45","-0.23","-1.16","-4.29","-0.38","0.42","4.22","1.28","-25.49","-0.18","15.57","-5.13"
"net_income_growth","","","","0.6","","","-1.99","-57.76","-3.9","-2.43","-1.72","0.75","-0.23","0.06","0.25","0.28","0.51","0.22","0.22","-0.85","0.23","-0.09","0.79","1.55","1.99","1.86","38.41","1.8","2.13","10.18","-0.95","-0.53","-1.04","-2.23","-0.22","0.87","9.1","1.05","-19.73","-0.18","6.55","-5.11"
"eps_diluted_growth","","","","0.61","","","-1.59","-77.33","-3.04","-1.67","-1.44","0.86","-0.09","0.13","0.31","0.35","0.52","0.29","0.25","-0.77","0.25","-0.07000000000000001","0.8","1.52","1.89","1.81","35","1.75","2.13","10","-0.95","-0.55","-1.04","-2.22","-0.2","0.8","9","1.05","-17.75","-0.22","6.63","-5.38"
"shares_diluted_growth","","-0.77","3.59","","0.05","3.59","0.16","0.21","0.21","0.26","0.13","0.11","0.12","0.1","0.09","0.08","0.08","0.06","0.05","0.05","0.04","0.05","0.05","0.04","0.06","0.06","0.05","0.05","0.02","0.02","0.02","0.02","","","0.02","0.01","0.12","0.11","-0.01","0.01","-0.04","-0.12"
"cash_and_equiv_growth","","","-1","","","-0.25","","3.14","","4.14","13.47","0.8","0.67","0.05","-0.61","-0.4","-0.36","0.07000000000000001","0.15","0.08","0.16","0.36","0.57","0.66","0.34","0.98","0.22","0.16","0.4","-0.14","-0.03","-0.05","0.54","0.43","0.18","0.11","0.23","0.33","0.58","0.1","-0.46","-0.35"
"ppe_growth","","","-1","","","2.91","","0.79","","0.93","0.77","0.67","0.5600000000000001","0.39","0.39","0.32","0.25","0.17","0.15","0.07000000000000001","0.05","0.03","-0.06","-0.01","0.02","0.17","0.2","0.14","1.02","0.83","0.83","0.95","0.08","0.06","0.34","0.4","0.5","0.7","0.43","0.35","0.31","0.17"
"total_assets_growth","","","-1","","","0.34","","3.05","","2.72","4.49","0.66","0.68","0.74","0.15","0.15","0.15","0.06","0.07000000000000001","0.07000000000000001","0.06","0.05","0.05","0.08","0.09","0.27","0.38","0.37","0.48","0.41","0.19","0.25","0.21","","0.13","0.05","0.11","0.22","0.11","0.05","-0.1","-0.11"
"total_equity_growth","","","1","","","4.55","","12.89","","3.25","4","0.23","0.26","0.39","0.21","0.2","0.21","0.08","0.08","0.05","0.05","0.04","0.04","0.1","0.11","0.18","0.34","0.35","0.36","0.5","0.3","0.28","0.24","-0.08","-0.07000000000000001","-0.08","-0.12","0.01","-0.08","-0.08","-0.24","-0.23"
"cfo_growth","","","","","","","","","15.32","10.6","-14.93","16.1","1.16","0.1","2.18","1.29","0.77","1.38","0.86","0.98","0.25","-0.12","0.27","0.01","0.19","0.6899999999999999","0.85","0.68","0.45","0.06","-0.24","-0.17","-0.3","-0.41","-0.36","0.19","0.58","0.9","0.8100000000000001","-2.6","-0.68","-0.92"
"capex_growth","","","","","","","","","-3.27","-1.94","-0.95","-1.36","-0.37","-1.08","-1.75","-0.17","0.13","0.58","0.32","0.4","0.33","-0.14","0.5","0.17","-1.29","-3.34","-2.23","-0.72","0.11","0.3","-0.45","-1.17","-0.49","-0.2","-0.71","-0.95","-0.48","-0.7","-0.42","0.53","0.1","0.44"
"fcf_growth","","","","","","","","","0.23","5.6","-3.94","0.2","4.52","-1.07","0.96","1.74","3.24","67.81999999999999","25.31","6.91","0.58","-0.17","0.74","0.06","-0.07000000000000001","-0.12","0.6","0.66","0.79","0.6","-0.49","-0.52","-0.54","-0.8100000000000001","-1.44","-0.7","0.68","1.72","0.73","-18.49","-1.16","-2.17"
"shares_eop","449.9","102.544","471.052","471.052","471.052","544.697","544.697","569.922","589.298","612.682","632.158","642.385","653.141","674.379","681.409","694.1319999999999","700.203","706.3","713.721","721.572","729.745","736.47","741.907","746.902","752.037","756.956","760.403","764.2569999999999","767.913","772.393","775.718","779.619","784.1","790.426","794.447","796","798.083","797.941","799.525","799.384","763.578","770.978"
"dividends","","","","","","","","","","","","","","","","","","","","","","","","","","","","","","","","","","","","","","","","","",""
"price_to_earnings","","","","","","","","-56.21","-36.64","-29.42","-33.83","-39.88","-53.81","-40.72","-33.01","-30.83","-26.44","-29.21","-43.29","-25.74","-24.87","-29.38","-34.18","-165.95","1505.32","143.04","20.78","18.22","18.91","11.45","19.95","17.05","15.21","-19.13","-28.53","-37.96","-47.94","142.83","-266.78","-156.04","131.96","-257.88"
"price_to_book","","","","","","","","12.3","9.359999999999999","8.24","9.25","6.35","8.869999999999999","5.77","4.29","3.68","2.59","2.62","3.55","2.55","2.33","2.78","2.59","3.55","4.19","5.93","3.35","3.23","3.56","3.23","3.8","2.87","2.19","3.07","4.53","5.41","6.56","7.12","6.73","4.73","5","4.86"
"price_to_sales","","","","","","","","54.56","34.33","25.77","27.95","16.42","20.59","13.73","9.24","7.24","4.88","4.82","6.52","4.65","4.39","5.36","5.15","7.34","8.52","12.26","7.55","7.22","7.98","8.18","9.51","7.22","5.53","7.09","10.29","11.6","12.87","12.33","10.06","6.8","5.64","5.51"
"price_to_tangible_book","","","","","","","","14.46","10.99","10.34","11.7","7.95","11.34","8.220000000000001","6.11","5.17","3.59","3.68","4.94","3.54","3.18","3.78","3.49","4.71","5.49","7.7","4.18","3.97","4.34","3.83","4.49","3.38","2.58","3.73","5.47","6.53","7.99","8.67","8.279999999999999","5.82","6.5","6.3"
"price_to_fcf","","","","","","","","-487.93","-380.52","-931.72","-258.08","-192.29","-369.8","-190.36","-2169.62","448.84","100.81","40.76","39.67","21.6","18.05","22.93","18.94","26.75","33.14","51.61","28.33","25.28","25.55","25.31","35.34","32.5","30.86","51.35","162.18","334.95","237.52","195.61","144.31","-93.28","-47.97","-34.09"
"market_cap","","","","","","","","36275.5353","27502.53766","25101.58154","32606.70964","23042.34995","32709.30128","24426.00738","18357.15846","16062.21448","11588.35965","11943.533","16451.26905","11761.6236","10909.68775","13160.7189","12515.97109","17933.11702","21816.59337","33056.26852","21641.06938","21964.74618","25248.97944","26956.5157","31959.5816","24986.78895","19257.496","23546.79054","35352.8915","43103.4","50782.02129","54906.32021","48283.31475","34549.37648","29542.83282","28826.86742"
"period_end_price","","","","","","","","63.65","46.67","40.97","51.58","35.87","50.08","36.22","26.94","23.14","16.55","16.91","23.05","16.3","14.95","17.87","16.87","24.01","29.01","43.67","28.46","28.74","32.88","34.9","41.2","32.05","24.56","29.79","44.5","54.15","63.63","68.81","60.39","43.22","38.69","37.39"
